#
# There is insufficient memory for the Java Runtime Environment to continue.
# Native memory allocation (mmap) failed to map 574619648 bytes. Error detail: G1 virtual space
# Possible reasons:
#   The system is out of physical RAM or swap space
#   This process is running with CompressedOops enabled, and the Java Heap may be blocking the growth of the native heap
# Possible solutions:
#   Reduce memory load on the system
#   Increase physical memory or swap space
#   Check if swap backing store is full
#   Decrease Java heap size (-Xmx/-Xms)
#   Decrease number of Java threads
#   Decrease Java thread stack sizes (-Xss)
#   Set larger code cache with -XX:ReservedCodeCacheSize=
#   JVM is running with Zero Based Compressed Oops mode in which the Java heap is
#     placed in the first 32GB address space. The Java Heap base address is the
#     maximum limit for the native heap growth. Please use -XX:HeapBaseMinAddress
#     to set the Java Heap base and to place the Java Heap above 32GB virtual address.
# This output file may be truncated or incomplete.
#
#  Out of Memory Error (os_windows.cpp:3825), pid=23892, tid=21968
#
# JRE version: OpenJDK Runtime Environment (17.0.11) (build 17.0.11+0--11852314)
# Java VM: OpenJDK 64-Bit Server VM (17.0.11+0--11852314, mixed mode, tiered, compressed oops, compressed class ptrs, g1 gc, windows-amd64)
# No core dump will be written. Minidumps are not enabled by default on client versions of Windows
#

---------------  S U M M A R Y ------------

Command Line: --add-opens=java.base/java.lang=ALL-UNNAMED --add-opens=java.base/java.lang.invoke=ALL-UNNAMED --add-opens=java.base/java.util=ALL-UNNAMED --add-opens=java.prefs/java.util.prefs=ALL-UNNAMED --add-exports=jdk.compiler/com.sun.tools.javac.api=ALL-UNNAMED --add-exports=jdk.compiler/com.sun.tools.javac.util=ALL-UNNAMED --add-opens=java.base/java.util=ALL-UNNAMED --add-opens=java.prefs/java.util.prefs=ALL-UNNAMED --add-opens=java.base/java.nio.charset=ALL-UNNAMED --add-opens=java.base/java.net=ALL-UNNAMED --add-opens=java.base/java.util.concurrent.atomic=ALL-UNNAMED --add-opens=java.xml/javax.xml.namespace=ALL-UNNAMED -XX:MaxMetaspaceSize=4G -XX:ReservedCodeCacheSize=512m -XX:+HeapDumpOnOutOfMemoryError -Xmx8G -Dfile.encoding=windows-1252 -Duser.country=US -Duser.language=en -Duser.variant -javaagent:C:\Users\smoke\.gradle\wrapper\dists\gradle-8.11.1-all\2qik7nd48slq1ooc2496ixf4i\gradle-8.11.1\lib\agents\gradle-instrumentation-agent-8.11.1.jar org.gradle.launcher.daemon.bootstrap.GradleDaemon 8.11.1

Host: Intel(R) Core(TM) i5-8265U CPU @ 1.60GHz, 8 cores, 15G,  Windows 11 , 64 bit Build 26100 (10.0.26100.7705)
Time: Wed Feb 18 20:45:45 2026 W. Central Africa Standard Time elapsed time: 10906.048298 seconds (0d 3h 1m 46s)

---------------  T H R E A D  ---------------

Current thread (0x000001ef677a7260):  VMThread "VM Thread" [stack: 0x0000009f74000000,0x0000009f74100000] [id=21968]

Stack: [0x0000009f74000000,0x0000009f74100000]
Native frames: (J=compiled Java code, j=interpreted, Vv=VM code, C=native code)
V  [jvm.dll+0x687bb9]
V  [jvm.dll+0x84142a]
V  [jvm.dll+0x8430ae]
V  [jvm.dll+0x843713]
V  [jvm.dll+0x24a35f]
V  [jvm.dll+0x684989]
V  [jvm.dll+0x67923a]
V  [jvm.dll+0x30af0b]
V  [jvm.dll+0x3123b6]
V  [jvm.dll+0x361dfe]
V  [jvm.dll+0x36202f]
V  [jvm.dll+0x2e0d38]
V  [jvm.dll+0x2df144]
V  [jvm.dll+0x2de74c]
V  [jvm.dll+0x32305b]
V  [jvm.dll+0x847e0b]
V  [jvm.dll+0x848b42]
V  [jvm.dll+0x84905d]
V  [jvm.dll+0x849434]
V  [jvm.dll+0x849500]
V  [jvm.dll+0x7efa4a]
V  [jvm.dll+0x686a35]
C  [ucrtbase.dll+0x37b0]
C  [KERNEL32.DLL+0x2e8d7]
C  [ntdll.dll+0x8c40c]

VM_Operation (0x0000009f7d4fea50): G1CollectForAllocation, mode: safepoint, requested by thread 0x000001ef70890ce0


---------------  P R O C E S S  ---------------

Threads class SMR info:
_java_thread_list=0x000001ef109bb480, length=171, elements={
0x000001ef2ebb5a70, 0x000001ef6a18c710, 0x000001ef6a18e3f0, 0x000001ef6a20c220,
0x000001ef6a20df00, 0x000001ef6a213b80, 0x000001ef6a21cc00, 0x000001ef6a21e5c0,
0x000001ef6a21fa80, 0x000001ef6a2278e0, 0x000001ef6778c500, 0x000001ef6a5485a0,
0x000001ef6feb96e0, 0x000001ef6fc28020, 0x000001ef6f91fbc0, 0x000001ef6a405d80,
0x000001ef7088e460, 0x000001ef7088b6d0, 0x000001ef7088e970, 0x000001ef7088d530,
0x000001ef7088da40, 0x000001ef7189f940, 0x000001ef742fd100, 0x000001ef746ff3d0,
0x000001ef74701740, 0x000001ef7aee1c30, 0x000001ef7aee2140, 0x000001ef04e2e9f0,
0x000001ef7aee2650, 0x000001ef70f1ec00, 0x000001ef718a1cb0, 0x000001ef70f1f110,
0x000001ef078fcdb0, 0x000001ef078f9b10, 0x000001ef078fa020, 0x000001ef7b52fdf0,
0x000001ef7b52f8e0, 0x000001ef7b530300, 0x000001ef7b52d060, 0x000001ef7b52d570,
0x000001ef7b52da80, 0x000001ef70f20a60, 0x000001ef70f1f620, 0x000001ef078f9600,
0x000001ef7b52df90, 0x000001ef7b3c0e50, 0x000001ef7b3bdbb0, 0x000001ef7b3be5d0,
0x000001ef7b3beff0, 0x000001ef7b6fe2e0, 0x000001ef7b6fba60, 0x000001ef7b6fc990,
0x000001ef70f17120, 0x000001ef70f18050, 0x000001ef70f18a70, 0x000001ef70f18560,
0x000001ef70f17b40, 0x000001ef70f18f80, 0x000001ef70f21990, 0x000001ef7b6fd8c0,
0x000001ef078fa530, 0x000001ef078fbe80, 0x000001ef078fc8a0, 0x000001ef078faa40,
0x000001ef078faf50, 0x000001ef078fb970, 0x000001ef078fb460, 0x000001ef7b52e4a0,
0x000001ef7b52e9b0, 0x000001ef7b52eec0, 0x000001ef7b52f3d0, 0x000001ef07cb5520,
0x000001ef07cb82b0, 0x000001ef07cb6960, 0x000001ef07cb5a30, 0x000001ef0ece5ec0,
0x000001ef0ece4570, 0x000001ef0ece4f90, 0x000001ef0ece54a0, 0x000001ef0ece59b0,
0x000001ef0ece4060, 0x000001ef0ece7300, 0x000001ef0844c7d0, 0x000001ef0844ae80,
0x000001ef0844cce0, 0x000001ef0844d1f0, 0x000001ef0844bdb0, 0x000001ef0844dc10,
0x000001ef0844b390, 0x000001ef0844b8a0, 0x000001ef75aa6f80, 0x000001ef07cb7da0,
0x000001ef07cb5010, 0x000001ef07cb6450, 0x000001ef07cb5f40, 0x000001ef07cb6e70,
0x000001ef07cb7380, 0x000001ef07cb87c0, 0x000001ef06305940, 0x000001ef06306870,
0x000001ef06305e50, 0x000001ef06306d80, 0x000001ef06307290, 0x000001ef06308be0,
0x000001ef063077a0, 0x000001ef06307cb0, 0x000001ef061cb340, 0x000001ef0de73060,
0x000001ef0de753d0, 0x000001ef0de73a80, 0x000001ef0ece63d0, 0x000001ef0ece7810,
0x000001ef0ece4a80, 0x000001ef75aa6a70, 0x000001ef75aa7490, 0x000001ef70f1fb30,
0x000001ef70f20040, 0x000001ef70f20f70, 0x000001ef07f667e0, 0x000001ef07f67c20,
0x000001ef7088d020, 0x000001ef7088bbe0, 0x000001ef7088ee80, 0x000001ef7088f390,
0x000001ef7088f8a0, 0x000001ef7088c0f0, 0x000001ef7088fdb0, 0x000001ef7b364480,
0x000001ef75abdf90, 0x000001ef7b367210, 0x000001ef70d46eb0, 0x000001ef70d473c0,
0x000001ef70d45a70, 0x000001ef70d469a0, 0x000001ef70d478d0, 0x000001ef70d45050,
0x000001ef70d45f80, 0x000001ef70891c10, 0x000001ef0fb09340, 0x000001ef7b366d00,
0x000001ef7b364990, 0x000001ef75abda80, 0x000001ef7ae6a890, 0x000001ef75abeec0,
0x000001ef75ac0300, 0x000001ef75abfdf0, 0x000001ef7ae69960, 0x000001ef7ae69e70,
0x000001ef0de76300, 0x000001ef0fb09850, 0x000001ef7ae6a380, 0x000001ef08836b00,
0x000001ef08837520, 0x000001ef74c832e0, 0x000001ef74c837f0, 0x000001ef74c83d00,
0x000001ef7bcf32e0, 0x000001ef70f199a0, 0x000001ef7b3653b0, 0x000001ef7b3667f0,
0x000001ef7b3658c0, 0x000001ef7b365dd0, 0x000001ef7b363f70, 0x000001ef088ef240,
0x000001ef088ec9c0, 0x000001ef088ee820, 0x000001ef088efc60, 0x000001ef70890ce0,
0x000001ef088ef750, 0x000001ef0dd41a90, 0x000001ef72d44580
}

Java Threads: ( => current thread )
  0x000001ef2ebb5a70 JavaThread "main" [_thread_blocked, id=2120, stack(0x0000009f73a00000,0x0000009f73b00000)]
  0x000001ef6a18c710 JavaThread "Reference Handler" daemon [_thread_blocked, id=26112, stack(0x0000009f74100000,0x0000009f74200000)]
  0x000001ef6a18e3f0 JavaThread "Finalizer" daemon [_thread_blocked, id=23836, stack(0x0000009f74200000,0x0000009f74300000)]
  0x000001ef6a20c220 JavaThread "Signal Dispatcher" daemon [_thread_blocked, id=22584, stack(0x0000009f74300000,0x0000009f74400000)]
  0x000001ef6a20df00 JavaThread "Attach Listener" daemon [_thread_blocked, id=23432, stack(0x0000009f74400000,0x0000009f74500000)]
  0x000001ef6a213b80 JavaThread "Service Thread" daemon [_thread_blocked, id=22408, stack(0x0000009f74500000,0x0000009f74600000)]
  0x000001ef6a21cc00 JavaThread "Monitor Deflation Thread" daemon [_thread_blocked, id=2104, stack(0x0000009f74600000,0x0000009f74700000)]
  0x000001ef6a21e5c0 JavaThread "C2 CompilerThread0" daemon [_thread_blocked, id=3992, stack(0x0000009f74700000,0x0000009f74800000)]
  0x000001ef6a21fa80 JavaThread "C1 CompilerThread0" daemon [_thread_blocked, id=23968, stack(0x0000009f74800000,0x0000009f74900000)]
  0x000001ef6a2278e0 JavaThread "Sweeper thread" daemon [_thread_blocked, id=25560, stack(0x0000009f74900000,0x0000009f74a00000)]
  0x000001ef6778c500 JavaThread "Common-Cleaner" daemon [_thread_blocked, id=20112, stack(0x0000009f74a00000,0x0000009f74b00000)]
  0x000001ef6a5485a0 JavaThread "Notification Thread" daemon [_thread_blocked, id=22256, stack(0x0000009f74b00000,0x0000009f74c00000)]
  0x000001ef6feb96e0 JavaThread "Daemon health stats" [_thread_blocked, id=11356, stack(0x0000009f74d00000,0x0000009f74e00000)]
  0x000001ef6fc28020 JavaThread "Incoming local TCP Connector on port 52608" [_thread_in_native, id=6900, stack(0x0000009f74e00000,0x0000009f74f00000)]
  0x000001ef6f91fbc0 JavaThread "Daemon periodic checks" [_thread_blocked, id=24652, stack(0x0000009f75400000,0x0000009f75500000)]
  0x000001ef6a405d80 JavaThread "Cache worker for journal cache (C:\Users\smoke\.gradle\caches\journal-1)" [_thread_blocked, id=2372, stack(0x0000009f75f00000,0x0000009f76000000)]
  0x000001ef7088e460 JavaThread "File lock request listener" [_thread_in_native, id=22132, stack(0x0000009f76000000,0x0000009f76100000)]
  0x000001ef7088b6d0 JavaThread "Cache worker for file hash cache (C:\Users\smoke\.gradle\caches\8.11.1\fileHashes)" [_thread_blocked, id=18076, stack(0x0000009f76100000,0x0000009f76200000)]
  0x000001ef7088e970 JavaThread "Cache worker for file content cache (C:\Users\smoke\.gradle\caches\8.11.1\fileContent)" [_thread_blocked, id=19216, stack(0x0000009f76200000,0x0000009f76300000)]
  0x000001ef7088d530 JavaThread "File watcher server" daemon [_thread_blocked, id=20608, stack(0x0000009f76600000,0x0000009f76700000)]
  0x000001ef7088da40 JavaThread "File watcher consumer" daemon [_thread_blocked, id=23572, stack(0x0000009f76700000,0x0000009f76800000)]
  0x000001ef7189f940 JavaThread "Memory manager" [_thread_blocked, id=19724, stack(0x0000009f78300000,0x0000009f78400000)]
  0x000001ef742fd100 JavaThread "jar transforms" [_thread_blocked, id=18368, stack(0x0000009f73900000,0x0000009f73a00000)]
  0x000001ef746ff3d0 JavaThread "jar transforms Thread 2" [_thread_blocked, id=23268, stack(0x0000009f7c600000,0x0000009f7c700000)]
  0x000001ef74701740 JavaThread "pool-3-thread-1" [_thread_blocked, id=9236, stack(0x0000009f7c700000,0x0000009f7c800000)]
  0x000001ef7aee1c30 JavaThread "Periodic tasks thread" daemon [_thread_blocked, id=21020, stack(0x0000009f7d600000,0x0000009f7d700000)]
  0x000001ef7aee2140 JavaThread "ApplicationImpl pooled thread 1" [_thread_blocked, id=25492, stack(0x0000009f7db00000,0x0000009f7dc00000)]
  0x000001ef04e2e9f0 JavaThread "Java2D Disposer" daemon [_thread_blocked, id=18664, stack(0x0000009f7df00000,0x0000009f7e000000)]
  0x000001ef7aee2650 JavaThread "AWT-Windows" daemon [_thread_in_native, id=10948, stack(0x0000009f7e100000,0x0000009f7e200000)]
  0x000001ef70f1ec00 JavaThread "pool-10-thread-1" [_thread_blocked, id=25964, stack(0x0000009f7a000000,0x0000009f7a100000)]
  0x000001ef718a1cb0 JavaThread "pool-15-thread-1" [_thread_blocked, id=22136, stack(0x0000009f79000000,0x0000009f79100000)]
  0x000001ef70f1f110 JavaThread "Daemon Thread 4" [_thread_blocked, id=13936, stack(0x0000009f73700000,0x0000009f73800000)]
  0x000001ef078fcdb0 JavaThread "Handler for socket connection from /127.0.0.1:52608 to /127.0.0.1:50272" [_thread_in_native, id=18212, stack(0x0000009f73800000,0x0000009f73900000)]
  0x000001ef078f9b10 JavaThread "Cancel handler" [_thread_blocked, id=9292, stack(0x0000009f75500000,0x0000009f75600000)]
  0x000001ef078fa020 JavaThread "Daemon worker Thread 4" [_thread_blocked, id=16068, stack(0x0000009f75600000,0x0000009f75700000)]
  0x000001ef7b52fdf0 JavaThread "Asynchronous log dispatcher for DefaultDaemonConnection: socket connection from /127.0.0.1:52608 to /127.0.0.1:50272" [_thread_blocked, id=23576, stack(0x0000009f75700000,0x0000009f75800000)]
  0x000001ef7b52f8e0 JavaThread "Stdin handler" [_thread_blocked, id=24160, stack(0x0000009f75800000,0x0000009f75900000)]
  0x000001ef7b530300 JavaThread "Daemon client event forwarder" [_thread_blocked, id=3856, stack(0x0000009f75900000,0x0000009f75a00000)]
  0x000001ef7b52d060 JavaThread "Cache worker for file hash cache (C:\Users\smoke\Documents\Getsmarter\Myreklam\myreklam\android\.gradle\8.11.1\fileHashes)" [_thread_blocked, id=24388, stack(0x0000009f75a00000,0x0000009f75b00000)]
  0x000001ef7b52d570 JavaThread "Cache worker for Build Output Cleanup Cache (C:\Users\smoke\Documents\Getsmarter\Myreklam\myreklam\android\.gradle\buildOutputCleanup)" [_thread_blocked, id=23744, stack(0x0000009f75b00000,0x0000009f75c00000)]
  0x000001ef7b52da80 JavaThread "Cache worker for checksums cache (C:\Users\smoke\Documents\Getsmarter\Myreklam\myreklam\android\.gradle\8.11.1\checksums)" [_thread_blocked, id=17156, stack(0x0000009f76300000,0x0000009f76400000)]
  0x000001ef70f20a60 JavaThread "Cache worker for cache directory md-rule (C:\Users\smoke\.gradle\caches\8.11.1\md-rule)" [_thread_blocked, id=20716, stack(0x0000009f76400000,0x0000009f76500000)]
  0x000001ef70f1f620 JavaThread "Cache worker for cache directory md-supplier (C:\Users\smoke\.gradle\caches\8.11.1\md-supplier)" [_thread_blocked, id=18184, stack(0x0000009f76500000,0x0000009f76600000)]
  0x000001ef078f9600 JavaThread "Cache worker for Build Output Cleanup Cache (C:\flutter\flutter\packages\flutter_tools\gradle\.gradle\buildOutputCleanup)" [_thread_blocked, id=15700, stack(0x0000009f76800000,0x0000009f76900000)]
  0x000001ef7b52df90 JavaThread "Unconstrained build operations" [_thread_blocked, id=3620, stack(0x0000009f76900000,0x0000009f76a00000)]
  0x000001ef7b3c0e50 JavaThread "Unconstrained build operations Thread 2" [_thread_blocked, id=10068, stack(0x0000009f76a00000,0x0000009f76b00000)]
  0x000001ef7b3bdbb0 JavaThread "Unconstrained build operations Thread 3" [_thread_blocked, id=25816, stack(0x0000009f76b00000,0x0000009f76c00000)]
  0x000001ef7b3be5d0 JavaThread "Unconstrained build operations Thread 4" [_thread_blocked, id=23584, stack(0x0000009f76c00000,0x0000009f76d00000)]
  0x000001ef7b3beff0 JavaThread "Unconstrained build operations Thread 5" [_thread_blocked, id=18000, stack(0x0000009f76d00000,0x0000009f76e00000)]
  0x000001ef7b6fe2e0 JavaThread "Unconstrained build operations Thread 6" [_thread_blocked, id=17120, stack(0x0000009f76e00000,0x0000009f76f00000)]
  0x000001ef7b6fba60 JavaThread "Unconstrained build operations Thread 7" [_thread_blocked, id=20208, stack(0x0000009f76f00000,0x0000009f77000000)]
  0x000001ef7b6fc990 JavaThread "Unconstrained build operations Thread 8" [_thread_blocked, id=22396, stack(0x0000009f77000000,0x0000009f77100000)]
  0x000001ef70f17120 JavaThread "Unconstrained build operations Thread 9" [_thread_blocked, id=11112, stack(0x0000009f77100000,0x0000009f77200000)]
  0x000001ef70f18050 JavaThread "Unconstrained build operations Thread 10" [_thread_blocked, id=18296, stack(0x0000009f77200000,0x0000009f77300000)]
  0x000001ef70f18a70 JavaThread "Unconstrained build operations Thread 11" [_thread_blocked, id=19444, stack(0x0000009f77300000,0x0000009f77400000)]
  0x000001ef70f18560 JavaThread "Unconstrained build operations Thread 12" [_thread_blocked, id=4676, stack(0x0000009f77400000,0x0000009f77500000)]
  0x000001ef70f17b40 JavaThread "Unconstrained build operations Thread 13" [_thread_blocked, id=4356, stack(0x0000009f77500000,0x0000009f77600000)]
  0x000001ef70f18f80 JavaThread "Unconstrained build operations Thread 14" [_thread_blocked, id=1572, stack(0x0000009f77600000,0x0000009f77700000)]
  0x000001ef70f21990 JavaThread "build event listener" [_thread_blocked, id=18092, stack(0x0000009f77700000,0x0000009f77800000)]
  0x000001ef7b6fd8c0 JavaThread "included builds" [_thread_blocked, id=20512, stack(0x0000009f77800000,0x0000009f77900000)]
  0x000001ef078fa530 JavaThread "Execution worker" [_thread_blocked, id=1920, stack(0x0000009f77900000,0x0000009f77a00000)]
  0x000001ef078fbe80 JavaThread "Execution worker Thread 2" [_thread_blocked, id=23760, stack(0x0000009f77a00000,0x0000009f77b00000)]
  0x000001ef078fc8a0 JavaThread "Execution worker Thread 3" [_thread_blocked, id=23728, stack(0x0000009f77b00000,0x0000009f77c00000)]
  0x000001ef078faa40 JavaThread "Execution worker Thread 4" [_thread_blocked, id=26292, stack(0x0000009f77c00000,0x0000009f77d00000)]
  0x000001ef078faf50 JavaThread "Execution worker Thread 5" [_thread_blocked, id=14328, stack(0x0000009f77d00000,0x0000009f77e00000)]
  0x000001ef078fb970 JavaThread "Execution worker Thread 6" [_thread_blocked, id=6916, stack(0x0000009f77e00000,0x0000009f77f00000)]
  0x000001ef078fb460 JavaThread "Execution worker Thread 7" [_thread_blocked, id=16788, stack(0x0000009f77f00000,0x0000009f78000000)]
  0x000001ef7b52e4a0 JavaThread "Cache worker for execution history cache (C:\flutter\flutter\packages\flutter_tools\gradle\.gradle\8.11.1\executionHistory)" [_thread_blocked, id=17644, stack(0x0000009f78000000,0x0000009f78100000)]
  0x000001ef7b52e9b0 JavaThread "Unconstrained build operations Thread 15" [_thread_blocked, id=4932, stack(0x0000009f78100000,0x0000009f78200000)]
  0x000001ef7b52eec0 JavaThread "Unconstrained build operations Thread 16" [_thread_blocked, id=17780, stack(0x0000009f78200000,0x0000009f78300000)]
  0x000001ef7b52f3d0 JavaThread "Unconstrained build operations Thread 17" [_thread_blocked, id=8640, stack(0x0000009f78400000,0x0000009f78500000)]
  0x000001ef07cb5520 JavaThread "Unconstrained build operations Thread 18" [_thread_blocked, id=7460, stack(0x0000009f78500000,0x0000009f78600000)]
  0x000001ef07cb82b0 JavaThread "Unconstrained build operations Thread 19" [_thread_blocked, id=18124, stack(0x0000009f78600000,0x0000009f78700000)]
  0x000001ef07cb6960 JavaThread "Unconstrained build operations Thread 20" [_thread_blocked, id=7152, stack(0x0000009f78700000,0x0000009f78800000)]
  0x000001ef07cb5a30 JavaThread "Unconstrained build operations Thread 21" [_thread_blocked, id=19936, stack(0x0000009f78800000,0x0000009f78900000)]
  0x000001ef0ece5ec0 JavaThread "Unconstrained build operations Thread 22" [_thread_blocked, id=17600, stack(0x0000009f78900000,0x0000009f78a00000)]
  0x000001ef0ece4570 JavaThread "Unconstrained build operations Thread 23" [_thread_blocked, id=21092, stack(0x0000009f78a00000,0x0000009f78b00000)]
  0x000001ef0ece4f90 JavaThread "Unconstrained build operations Thread 24" [_thread_blocked, id=18712, stack(0x0000009f78b00000,0x0000009f78c00000)]
  0x000001ef0ece54a0 JavaThread "Unconstrained build operations Thread 25" [_thread_blocked, id=19616, stack(0x0000009f78c00000,0x0000009f78d00000)]
  0x000001ef0ece59b0 JavaThread "Unconstrained build operations Thread 26" [_thread_blocked, id=4052, stack(0x0000009f78d00000,0x0000009f78e00000)]
  0x000001ef0ece4060 JavaThread "Unconstrained build operations Thread 27" [_thread_blocked, id=11604, stack(0x0000009f78e00000,0x0000009f78f00000)]
  0x000001ef0ece7300 JavaThread "Unconstrained build operations Thread 28" [_thread_blocked, id=4908, stack(0x0000009f78f00000,0x0000009f79000000)]
  0x000001ef0844c7d0 JavaThread "Unconstrained build operations Thread 29" [_thread_blocked, id=24412, stack(0x0000009f79100000,0x0000009f79200000)]
  0x000001ef0844ae80 JavaThread "Unconstrained build operations Thread 30" [_thread_blocked, id=26472, stack(0x0000009f79200000,0x0000009f79300000)]
  0x000001ef0844cce0 JavaThread "Unconstrained build operations Thread 31" [_thread_blocked, id=23792, stack(0x0000009f79300000,0x0000009f79400000)]
  0x000001ef0844d1f0 JavaThread "Unconstrained build operations Thread 32" [_thread_blocked, id=13708, stack(0x0000009f79400000,0x0000009f79500000)]
  0x000001ef0844bdb0 JavaThread "Unconstrained build operations Thread 33" [_thread_blocked, id=16348, stack(0x0000009f79500000,0x0000009f79600000)]
  0x000001ef0844dc10 JavaThread "Unconstrained build operations Thread 34" [_thread_blocked, id=24804, stack(0x0000009f79600000,0x0000009f79700000)]
  0x000001ef0844b390 JavaThread "Unconstrained build operations Thread 35" [_thread_blocked, id=20396, stack(0x0000009f79700000,0x0000009f79800000)]
  0x000001ef0844b8a0 JavaThread "Unconstrained build operations Thread 36" [_thread_blocked, id=18308, stack(0x0000009f79800000,0x0000009f79900000)]
  0x000001ef75aa6f80 JavaThread "Unconstrained build operations Thread 37" [_thread_blocked, id=10444, stack(0x0000009f79900000,0x0000009f79a00000)]
  0x000001ef07cb7da0 JavaThread "Unconstrained build operations Thread 38" [_thread_blocked, id=9780, stack(0x0000009f79a00000,0x0000009f79b00000)]
  0x000001ef07cb5010 JavaThread "Unconstrained build operations Thread 39" [_thread_blocked, id=10436, stack(0x0000009f79b00000,0x0000009f79c00000)]
  0x000001ef07cb6450 JavaThread "Unconstrained build operations Thread 40" [_thread_blocked, id=18224, stack(0x0000009f79c00000,0x0000009f79d00000)]
  0x000001ef07cb5f40 JavaThread "Unconstrained build operations Thread 41" [_thread_blocked, id=24780, stack(0x0000009f79d00000,0x0000009f79e00000)]
  0x000001ef07cb6e70 JavaThread "Unconstrained build operations Thread 42" [_thread_blocked, id=17444, stack(0x0000009f79e00000,0x0000009f79f00000)]
  0x000001ef07cb7380 JavaThread "Unconstrained build operations Thread 43" [_thread_blocked, id=22672, stack(0x0000009f79f00000,0x0000009f7a000000)]
  0x000001ef07cb87c0 JavaThread "Unconstrained build operations Thread 44" [_thread_blocked, id=23116, stack(0x0000009f7a100000,0x0000009f7a200000)]
  0x000001ef06305940 JavaThread "build event listener" [_thread_blocked, id=20424, stack(0x0000009f7a200000,0x0000009f7a300000)]
  0x000001ef06306870 JavaThread "Unconstrained build operations Thread 45" [_thread_blocked, id=21596, stack(0x0000009f7a400000,0x0000009f7a500000)]
  0x000001ef06305e50 JavaThread "Unconstrained build operations Thread 46" [_thread_blocked, id=9412, stack(0x0000009f7a500000,0x0000009f7a600000)]
  0x000001ef06306d80 JavaThread "Unconstrained build operations Thread 47" [_thread_blocked, id=1268, stack(0x0000009f7a600000,0x0000009f7a700000)]
  0x000001ef06307290 JavaThread "Unconstrained build operations Thread 48" [_thread_blocked, id=19788, stack(0x0000009f7a700000,0x0000009f7a800000)]
  0x000001ef06308be0 JavaThread "Unconstrained build operations Thread 49" [_thread_blocked, id=10620, stack(0x0000009f7a800000,0x0000009f7a900000)]
  0x000001ef063077a0 JavaThread "Unconstrained build operations Thread 50" [_thread_blocked, id=17764, stack(0x0000009f7a900000,0x0000009f7aa00000)]
  0x000001ef06307cb0 JavaThread "Unconstrained build operations Thread 51" [_thread_blocked, id=8768, stack(0x0000009f7aa00000,0x0000009f7ab00000)]
  0x000001ef061cb340 JavaThread "Unconstrained build operations Thread 52" [_thread_blocked, id=25848, stack(0x0000009f7ab00000,0x0000009f7ac00000)]
  0x000001ef0de73060 JavaThread "Unconstrained build operations Thread 53" [_thread_blocked, id=12376, stack(0x0000009f7ac00000,0x0000009f7ad00000)]
  0x000001ef0de753d0 JavaThread "Unconstrained build operations Thread 54" [_thread_blocked, id=7020, stack(0x0000009f7ad00000,0x0000009f7ae00000)]
  0x000001ef0de73a80 JavaThread "Unconstrained build operations Thread 55" [_thread_blocked, id=11572, stack(0x0000009f7ae00000,0x0000009f7af00000)]
  0x000001ef0ece63d0 JavaThread "Unconstrained build operations Thread 56" [_thread_blocked, id=9244, stack(0x0000009f7af00000,0x0000009f7b000000)]
  0x000001ef0ece7810 JavaThread "Unconstrained build operations Thread 57" [_thread_blocked, id=19932, stack(0x0000009f7b000000,0x0000009f7b100000)]
  0x000001ef0ece4a80 JavaThread "Unconstrained build operations Thread 58" [_thread_blocked, id=19144, stack(0x0000009f7b100000,0x0000009f7b200000)]
  0x000001ef75aa6a70 JavaThread "pool-20-thread-1" [_thread_blocked, id=22572, stack(0x0000009f7b300000,0x0000009f7b400000)]
  0x000001ef75aa7490 JavaThread "build event listener" [_thread_blocked, id=23624, stack(0x0000009f7b400000,0x0000009f7b500000)]
  0x000001ef70f1fb30 JavaThread "Cache worker for execution history cache (C:\Users\smoke\Documents\Getsmarter\Myreklam\myreklam\android\.gradle\8.11.1\executionHistory)" [_thread_blocked, id=1908, stack(0x0000009f7b500000,0x0000009f7b600000)]
  0x000001ef70f20040 JavaThread "WorkerExecutor Queue" [_thread_blocked, id=23944, stack(0x0000009f7a300000,0x0000009f7a400000)]
  0x000001ef70f20f70 JavaThread "WorkerExecutor Queue Thread 3" [_thread_blocked, id=22220, stack(0x0000009f7b900000,0x0000009f7ba00000)]
  0x000001ef07f667e0 JavaThread "WorkerExecutor Queue Thread 4" [_thread_blocked, id=9652, stack(0x0000009f7ba00000,0x0000009f7bb00000)]
  0x000001ef07f67c20 JavaThread "WorkerExecutor Queue Thread 5" [_thread_blocked, id=15544, stack(0x0000009f7bb00000,0x0000009f7bc00000)]
  0x000001ef7088d020 JavaThread "Unconstrained build operations Thread 59" [_thread_blocked, id=20172, stack(0x0000009f7bc00000,0x0000009f7bd00000)]
  0x000001ef7088bbe0 JavaThread "Unconstrained build operations Thread 60" [_thread_blocked, id=4140, stack(0x0000009f7bd00000,0x0000009f7be00000)]
  0x000001ef7088ee80 JavaThread "Unconstrained build operations Thread 61" [_thread_blocked, id=19036, stack(0x0000009f7be00000,0x0000009f7bf00000)]
  0x000001ef7088f390 JavaThread "Unconstrained build operations Thread 62" [_thread_blocked, id=17080, stack(0x0000009f7bf00000,0x0000009f7c000000)]
  0x000001ef7088f8a0 JavaThread "Unconstrained build operations Thread 63" [_thread_blocked, id=26260, stack(0x0000009f7c000000,0x0000009f7c100000)]
  0x000001ef7088c0f0 JavaThread "Unconstrained build operations Thread 64" [_thread_blocked, id=17852, stack(0x0000009f7c100000,0x0000009f7c200000)]
  0x000001ef7088fdb0 JavaThread "Unconstrained build operations Thread 65" [_thread_blocked, id=13996, stack(0x0000009f7c200000,0x0000009f7c300000)]
  0x000001ef7b364480 JavaThread "WorkerExecutor Queue Thread 6" [_thread_blocked, id=25900, stack(0x0000009f7c300000,0x0000009f7c400000)]
  0x000001ef75abdf90 JavaThread "Unconstrained build operations Thread 66" [_thread_blocked, id=17208, stack(0x0000009f7c800000,0x0000009f7c900000)]
  0x000001ef7b367210 JavaThread "Unconstrained build operations Thread 67" [_thread_blocked, id=22852, stack(0x0000009f7b800000,0x0000009f7b900000)]
  0x000001ef70d46eb0 JavaThread "Unconstrained build operations Thread 68" [_thread_blocked, id=10964, stack(0x0000009f7c500000,0x0000009f7c600000)]
  0x000001ef70d473c0 JavaThread "Unconstrained build operations Thread 69" [_thread_blocked, id=11720, stack(0x0000009f7c900000,0x0000009f7ca00000)]
  0x000001ef70d45a70 JavaThread "Unconstrained build operations Thread 70" [_thread_blocked, id=26616, stack(0x0000009f7ca00000,0x0000009f7cb00000)]
  0x000001ef70d469a0 JavaThread "Unconstrained build operations Thread 71" [_thread_blocked, id=6680, stack(0x0000009f7cc00000,0x0000009f7cd00000)]
  0x000001ef70d478d0 JavaThread "Unconstrained build operations Thread 72" [_thread_blocked, id=6796, stack(0x0000009f7cd00000,0x0000009f7ce00000)]
  0x000001ef70d45050 JavaThread "Unconstrained build operations Thread 73" [_thread_blocked, id=6664, stack(0x0000009f7cf00000,0x0000009f7d000000)]
  0x000001ef70d45f80 JavaThread "Unconstrained build operations Thread 74" [_thread_blocked, id=8272, stack(0x0000009f7d000000,0x0000009f7d100000)]
  0x000001ef70891c10 JavaThread "RMI Scheduler(0)" daemon [_thread_blocked, id=19596, stack(0x0000009f7b600000,0x0000009f7b700000)]
  0x000001ef0fb09340 JavaThread "RMI GC Daemon" daemon [_thread_blocked, id=9344, stack(0x0000009f7e800000,0x0000009f7e900000)]
  0x000001ef7b366d00 JavaThread "RMI TCP Accept-0" daemon [_thread_in_native, id=18100, stack(0x0000009f7e900000,0x0000009f7ea00000)]
  0x000001ef7b364990 JavaThread "RMI Reaper" [_thread_blocked, id=11464, stack(0x0000009f7ea00000,0x0000009f7eb00000)]
  0x000001ef75abda80 JavaThread "WorkerExecutor Queue Thread 12" [_thread_blocked, id=3448, stack(0x0000009f7b700000,0x0000009f7b800000)]
  0x000001ef7ae6a890 JavaThread "WorkerExecutor Queue Thread 13" [_thread_blocked, id=17776, stack(0x0000009f7c400000,0x0000009f7c500000)]
  0x000001ef75abeec0 JavaThread "pool-22-thread-1" [_thread_blocked, id=22252, stack(0x0000009f7cb00000,0x0000009f7cc00000)]
  0x000001ef75ac0300 JavaThread "stderr" [_thread_in_native, id=22944, stack(0x0000009f7de00000,0x0000009f7df00000)]
  0x000001ef75abfdf0 JavaThread "stdout" [_thread_in_native, id=17920, stack(0x0000009f7e000000,0x0000009f7e100000)]
  0x000001ef7ae69960 JavaThread "WorkerExecutor Queue Thread 14" [_thread_blocked, id=18708, stack(0x0000009f7e600000,0x0000009f7e700000)]
  0x000001ef7ae69e70 JavaThread "RMI TCP Connection(idle)" daemon [_thread_blocked, id=24456, stack(0x0000009f7b200000,0x0000009f7b300000)]
  0x000001ef0de76300 JavaThread "Unconstrained build operations Thread 75" [_thread_blocked, id=15656, stack(0x0000009f7d100000,0x0000009f7d200000)]
  0x000001ef0fb09850 JavaThread "RMI RenewClean-[127.0.0.1:17201,org.jetbrains.kotlin.daemon.common.LoopbackNetworkInterface$ClientLoopbackSocketFactory@293b336]" daemon [_thread_blocked, id=19488, stack(0x0000009f7eb00000,0x0000009f7ec00000)]
  0x000001ef7ae6a380 JavaThread "RMI TCP Connection(idle)" daemon [_thread_blocked, id=23492, stack(0x0000009f7ec00000,0x0000009f7ed00000)]
  0x000001ef08836b00 JavaThread "Unconstrained build operations Thread 76" [_thread_blocked, id=23276, stack(0x0000009f7ed00000,0x0000009f7ee00000)]
  0x000001ef08837520 JavaThread "Unconstrained build operations Thread 77" [_thread_blocked, id=22508, stack(0x0000009f7ee00000,0x0000009f7ef00000)]
  0x000001ef74c832e0 JavaThread "Unconstrained build operations Thread 78" [_thread_blocked, id=11796, stack(0x0000009f7ef00000,0x0000009f7f000000)]
  0x000001ef74c837f0 JavaThread "Unconstrained build operations Thread 79" [_thread_blocked, id=15452, stack(0x0000009f7f000000,0x0000009f7f100000)]
  0x000001ef74c83d00 JavaThread "Unconstrained build operations Thread 80" [_thread_blocked, id=26192, stack(0x0000009f7f100000,0x0000009f7f200000)]
  0x000001ef7bcf32e0 JavaThread "Cache worker for Java compile cache (C:\Users\smoke\.gradle\caches\8.11.1\javaCompile)" [_thread_blocked, id=18660, stack(0x0000009f7f200000,0x0000009f7f300000)]
  0x000001ef70f199a0 JavaThread "ForkJoinPool.commonPool-worker-24" daemon [_thread_blocked, id=25104, stack(0x0000009f7f300000,0x0000009f7f400000)]
  0x000001ef7b3653b0 JavaThread "Build operations" [_thread_blocked, id=21936, stack(0x0000009f7d500000,0x0000009f7d600000)]
  0x000001ef7b3667f0 JavaThread "Build operations Thread 2" [_thread_blocked, id=19964, stack(0x0000009f7dc00000,0x0000009f7dd00000)]
  0x000001ef7b3658c0 JavaThread "Build operations Thread 3" [_thread_blocked, id=24864, stack(0x0000009f7dd00000,0x0000009f7de00000)]
  0x000001ef7b365dd0 JavaThread "Build operations Thread 4" [_thread_blocked, id=100, stack(0x0000009f7e200000,0x0000009f7e300000)]
  0x000001ef7b363f70 JavaThread "Build operations Thread 5" [_thread_blocked, id=13672, stack(0x0000009f7e300000,0x0000009f7e400000)]
  0x000001ef088ef240 JavaThread "Build operations Thread 6" [_thread_blocked, id=25512, stack(0x0000009f7e400000,0x0000009f7e500000)]
  0x000001ef088ec9c0 JavaThread "Build operations Thread 7" [_thread_blocked, id=15168, stack(0x0000009f7f400000,0x0000009f7f500000)]
  0x000001ef088ee820 JavaThread "ForkJoinPool-4-worker-1" daemon [_thread_blocked, id=25048, stack(0x0000009f7d200000,0x0000009f7d300000)]
  0x000001ef088efc60 JavaThread "ForkJoinPool-4-worker-2" daemon [_thread_blocked, id=11956, stack(0x0000009f7d300000,0x0000009f7d400000)]
  0x000001ef70890ce0 JavaThread "ForkJoinPool-4-worker-3" daemon [_thread_blocked, id=21320, stack(0x0000009f7d400000,0x0000009f7d500000)]
  0x000001ef088ef750 JavaThread "ForkJoinPool-4-worker-4" daemon [_thread_blocked, id=12356, stack(0x0000009f7e500000,0x0000009f7e600000)]
  0x000001ef0dd41a90 JavaThread "C2 CompilerThread1" daemon [_thread_in_native, id=12164, stack(0x0000009f7e700000,0x0000009f7e800000)]
  0x000001ef72d44580 JavaThread "C2 CompilerThread2" daemon [_thread_blocked, id=9828, stack(0x0000009f7f500000,0x0000009f7f600000)]

Other Threads:
=>0x000001ef677a7260 VMThread "VM Thread" [stack: 0x0000009f74000000,0x0000009f74100000] [id=21968]
  0x000001ef6a548a80 WatcherThread [stack: 0x0000009f74c00000,0x0000009f74d00000] [id=24972]
  0x000001ef675f19b0 GCTaskThread "GC Thread#0" [stack: 0x0000009f73b00000,0x0000009f73c00000] [id=4344]
  0x000001ef6a6e3ee0 GCTaskThread "GC Thread#1" [stack: 0x0000009f74f00000,0x0000009f75000000] [id=15388]
  0x000001ef6ad06010 GCTaskThread "GC Thread#2" [stack: 0x0000009f75000000,0x0000009f75100000] [id=21952]
  0x000001ef6a6ac250 GCTaskThread "GC Thread#3" [stack: 0x0000009f75100000,0x0000009f75200000] [id=14780]
  0x000001ef6a9f3430 GCTaskThread "GC Thread#4" [stack: 0x0000009f75200000,0x0000009f75300000] [id=7240]
  0x000001ef6abec160 GCTaskThread "GC Thread#5" [stack: 0x0000009f75300000,0x0000009f75400000] [id=22684]
  0x000001ef6fbf4d00 GCTaskThread "GC Thread#6" [stack: 0x0000009f75c00000,0x0000009f75d00000] [id=17404]
  0x000001ef6ad99ae0 GCTaskThread "GC Thread#7" [stack: 0x0000009f75d00000,0x0000009f75e00000] [id=18272]
  0x000001ef2ec34f30 ConcurrentGCThread "G1 Main Marker" [stack: 0x0000009f73c00000,0x0000009f73d00000] [id=22232]
  0x000001ef2ec35760 ConcurrentGCThread "G1 Conc#0" [stack: 0x0000009f73d00000,0x0000009f73e00000] [id=21972]
  0x000001ef6f804430 ConcurrentGCThread "G1 Conc#1" [stack: 0x0000009f75e00000,0x0000009f75f00000] [id=2468]
  0x000001ef2ec5e6e0 ConcurrentGCThread "G1 Refine#0" [stack: 0x0000009f73e00000,0x0000009f73f00000] [id=21412]
  0x000001ef7a0c2630 ConcurrentGCThread "G1 Refine#1" [stack: 0x0000009f7d800000,0x0000009f7d900000] [id=25192]
  0x000001ef7a0c2050 ConcurrentGCThread "G1 Refine#2" [stack: 0x0000009f7d700000,0x0000009f7d800000] [id=19708]
  0x000001ef7a0c2f00 ConcurrentGCThread "G1 Refine#3" [stack: 0x0000009f7d900000,0x0000009f7da00000] [id=16756]
  0x000001ef7a0c2c10 ConcurrentGCThread "G1 Refine#4" [stack: 0x0000009f7da00000,0x0000009f7db00000] [id=3368]
  0x000001ef7a0c3ac0 ConcurrentGCThread "G1 Refine#5" [stack: 0x0000009f7ce00000,0x0000009f7cf00000] [id=26316]
  0x000001ef67656260 ConcurrentGCThread "G1 Service" [stack: 0x0000009f73f00000,0x0000009f74000000] [id=17820]

Threads with active compile tasks:
C2 CompilerThread0  10906167 78273       4       com.android.tools.r8.ir.optimize.x::a (228 bytes)
C1 CompilerThread0  10906167 78418       2       com.android.tools.lint.detector.api.Lint::isEditableTo (30 bytes)
C2 CompilerThread1  10906167 78352       4       com.android.tools.r8.ir.optimize.q::a (1356 bytes)
C2 CompilerThread2  10906167 78257       4       com.android.tools.r8.ir.optimize.F::a (344 bytes)

VM state: at safepoint (normal execution)

VM Mutex/Monitor currently owned by a thread:  ([mutex/lock_event])
[0x000001ef2e948d60] Threads_lock - owner thread: 0x000001ef677a7260
[0x000001ef2ebb1ec0] Heap_lock - owner thread: 0x000001ef70890ce0

Heap address: 0x0000000600000000, size: 8192 MB, Compressed Oops mode: Zero based, Oop shift amount: 3

CDS archive(s) not mapped
Compressed class space mapped at: 0x0000000800000000-0x0000000840000000, reserved size: 1073741824
Narrow klass base: 0x0000000800000000, Narrow klass shift: 0, Narrow klass range: 0x40000000

GC Precious Log:
 CPUs: 8 total, 8 available
 Memory: 16262M
 Large Page Support: Disabled
 NUMA Support: Disabled
 Compressed Oops: Enabled (Zero based)
 Heap Region Size: 4M
 Heap Min Capacity: 8M
 Heap Initial Capacity: 256M
 Heap Max Capacity: 8G
 Pre-touch: Disabled
 Parallel Workers: 8
 Concurrent Workers: 2
 Concurrent Refinement Workers: 8
 Periodic GC: Disabled

Heap:
 garbage-first heap   total 6049792K, used 873016K [0x0000000600000000, 0x0000000800000000)
  region size 4096K, 5 young (20480K), 5 survivors (20480K)
 Metaspace       used 328265K, committed 330304K, reserved 1376256K
  class space    used 41411K, committed 42368K, reserved 1048576K

Heap Regions: E=young(eden), S=young(survivor), O=old, HS=humongous(starts), HC=humongous(continues), CS=collection set, F=free, OA=open archive, CA=closed archive, TAMS=top-at-mark-start (previous, next)
|   0|0x0000000600000000, 0x0000000600400000, 0x0000000600400000|100%|HS|  |TAMS 0x0000000600400000, 0x0000000600000000| Complete 
|   1|0x0000000600400000, 0x0000000600800000, 0x0000000600800000|100%| O|  |TAMS 0x0000000600800000, 0x0000000600400000| Untracked 
|   2|0x0000000600800000, 0x0000000600c00000, 0x0000000600c00000|100%| O|  |TAMS 0x0000000600c00000, 0x0000000600800000| Untracked 
|   3|0x0000000600c00000, 0x0000000601000000, 0x0000000601000000|100%| O|  |TAMS 0x0000000601000000, 0x0000000600c00000| Untracked 
|   4|0x0000000601000000, 0x0000000601400000, 0x0000000601400000|100%| O|  |TAMS 0x0000000601400000, 0x0000000601000000| Untracked 
|   5|0x0000000601400000, 0x0000000601800000, 0x0000000601800000|100%| O|  |TAMS 0x0000000601800000, 0x0000000601400000| Untracked 
|   6|0x0000000601800000, 0x0000000601c00000, 0x0000000601c00000|100%| O|  |TAMS 0x0000000601c00000, 0x0000000601800000| Untracked 
|   7|0x0000000601c00000, 0x0000000602000000, 0x0000000602000000|100%| O|  |TAMS 0x0000000602000000, 0x0000000601c00000| Untracked 
|   8|0x0000000602000000, 0x0000000602400000, 0x0000000602400000|100%|HS|  |TAMS 0x0000000602400000, 0x0000000602000000| Complete 
|   9|0x0000000602400000, 0x0000000602800000, 0x0000000602800000|100%| O|  |TAMS 0x0000000602800000, 0x0000000602400000| Untracked 
|  10|0x0000000602800000, 0x0000000602c00000, 0x0000000602c00000|100%| O|  |TAMS 0x0000000602c00000, 0x0000000602800000| Untracked 
|  11|0x0000000602c00000, 0x0000000603000000, 0x0000000603000000|100%| O|  |TAMS 0x0000000603000000, 0x0000000602c00000| Untracked 
|  12|0x0000000603000000, 0x0000000603400000, 0x0000000603400000|100%| O|  |TAMS 0x0000000603400000, 0x0000000603000000| Untracked 
|  13|0x0000000603400000, 0x0000000603800000, 0x0000000603800000|100%|HS|  |TAMS 0x0000000603800000, 0x0000000603400000| Complete 
|  14|0x0000000603800000, 0x0000000603c00000, 0x0000000603c00000|100%| O|  |TAMS 0x0000000603c00000, 0x0000000603800000| Untracked 
|  15|0x0000000603c00000, 0x0000000604000000, 0x0000000604000000|100%| O|  |TAMS 0x0000000604000000, 0x0000000603c00000| Untracked 
|  16|0x0000000604000000, 0x0000000604400000, 0x0000000604400000|100%| O|  |TAMS 0x0000000604000000, 0x0000000604000000| Untracked 
|  17|0x0000000604400000, 0x0000000604800000, 0x0000000604800000|100%| O|  |TAMS 0x0000000604800000, 0x0000000604400000| Untracked 
|  18|0x0000000604800000, 0x0000000604c00000, 0x0000000604c00000|100%| O|  |TAMS 0x0000000604c00000, 0x0000000604800000| Untracked 
|  19|0x0000000604c00000, 0x0000000605000000, 0x0000000605000000|100%| O|  |TAMS 0x0000000605000000, 0x0000000604c00000| Untracked 
|  20|0x0000000605000000, 0x0000000605400000, 0x0000000605400000|100%| O|  |TAMS 0x0000000605400000, 0x0000000605000000| Untracked 
|  21|0x0000000605400000, 0x0000000605800000, 0x0000000605800000|100%| O|  |TAMS 0x0000000605800000, 0x0000000605400000| Untracked 
|  22|0x0000000605800000, 0x0000000605c00000, 0x0000000605c00000|100%| O|  |TAMS 0x0000000605c00000, 0x0000000605800000| Untracked 
|  23|0x0000000605c00000, 0x0000000606000000, 0x0000000606000000|100%| O|  |TAMS 0x0000000606000000, 0x0000000605c00000| Untracked 
|  24|0x0000000606000000, 0x0000000606400000, 0x0000000606400000|100%| O|  |TAMS 0x0000000606400000, 0x0000000606000000| Untracked 
|  25|0x0000000606400000, 0x0000000606800000, 0x0000000606800000|100%| O|  |TAMS 0x0000000606800000, 0x0000000606400000| Untracked 
|  26|0x0000000606800000, 0x0000000606c00000, 0x0000000606c00000|100%| O|  |TAMS 0x0000000606c00000, 0x0000000606800000| Untracked 
|  27|0x0000000606c00000, 0x0000000607000000, 0x0000000607000000|100%|HS|  |TAMS 0x0000000607000000, 0x0000000606c00000| Complete 
|  28|0x0000000607000000, 0x0000000607400000, 0x0000000607400000|100%| O|  |TAMS 0x0000000607400000, 0x0000000607000000| Untracked 
|  29|0x0000000607400000, 0x0000000607800000, 0x0000000607800000|100%| O|  |TAMS 0x0000000607800000, 0x0000000607400000| Untracked 
|  30|0x0000000607800000, 0x0000000607c00000, 0x0000000607c00000|100%| O|  |TAMS 0x0000000607c00000, 0x0000000607800000| Untracked 
|  31|0x0000000607c00000, 0x0000000608000000, 0x0000000608000000|100%| O|  |TAMS 0x0000000608000000, 0x0000000607c00000| Untracked 
|  32|0x0000000608000000, 0x0000000608400000, 0x0000000608400000|100%| O|  |TAMS 0x0000000608400000, 0x0000000608000000| Untracked 
|  33|0x0000000608400000, 0x0000000608800000, 0x0000000608800000|100%| O|  |TAMS 0x0000000608800000, 0x0000000608400000| Untracked 
|  34|0x0000000608800000, 0x0000000608c00000, 0x0000000608c00000|100%| O|  |TAMS 0x0000000608c00000, 0x0000000608800000| Untracked 
|  35|0x0000000608c00000, 0x0000000609000000, 0x0000000609000000|100%| O|  |TAMS 0x0000000609000000, 0x0000000608c00000| Untracked 
|  36|0x0000000609000000, 0x0000000609400000, 0x0000000609400000|100%| O|  |TAMS 0x0000000609400000, 0x0000000609000000| Untracked 
|  37|0x0000000609400000, 0x0000000609800000, 0x0000000609800000|100%| O|  |TAMS 0x0000000609800000, 0x0000000609400000| Untracked 
|  38|0x0000000609800000, 0x0000000609c00000, 0x0000000609c00000|100%|HS|  |TAMS 0x0000000609c00000, 0x0000000609800000| Complete 
|  39|0x0000000609c00000, 0x000000060a000000, 0x000000060a000000|100%|HS|  |TAMS 0x000000060a000000, 0x0000000609c00000| Complete 
|  40|0x000000060a000000, 0x000000060a400000, 0x000000060a400000|100%| O|  |TAMS 0x000000060a400000, 0x000000060a000000| Untracked 
|  41|0x000000060a400000, 0x000000060a800000, 0x000000060a800000|100%| O|  |TAMS 0x000000060a400000, 0x000000060a400000| Untracked 
|  42|0x000000060a800000, 0x000000060ac00000, 0x000000060ac00000|100%| O|  |TAMS 0x000000060ac00000, 0x000000060a800000| Untracked 
|  43|0x000000060ac00000, 0x000000060b000000, 0x000000060b000000|100%| O|  |TAMS 0x000000060ac00000, 0x000000060ac00000| Untracked 
|  44|0x000000060b000000, 0x000000060b400000, 0x000000060b400000|100%| O|  |TAMS 0x000000060b400000, 0x000000060b000000| Untracked 
|  45|0x000000060b400000, 0x000000060b800000, 0x000000060b800000|100%| O|  |TAMS 0x000000060b800000, 0x000000060b400000| Untracked 
|  46|0x000000060b800000, 0x000000060bc00000, 0x000000060bc00000|100%| O|  |TAMS 0x000000060b800000, 0x000000060b800000| Untracked 
|  47|0x000000060bc00000, 0x000000060c000000, 0x000000060c000000|100%| O|  |TAMS 0x000000060c000000, 0x000000060bc00000| Untracked 
|  48|0x000000060c000000, 0x000000060c400000, 0x000000060c400000|100%| O|  |TAMS 0x000000060c000000, 0x000000060c000000| Untracked 
|  49|0x000000060c400000, 0x000000060c800000, 0x000000060c800000|100%| O|  |TAMS 0x000000060c400000, 0x000000060c400000| Untracked 
|  50|0x000000060c800000, 0x000000060cc00000, 0x000000060cc00000|100%| O|  |TAMS 0x000000060c800000, 0x000000060c800000| Untracked 
|  51|0x000000060cc00000, 0x000000060d000000, 0x000000060d000000|100%| O|  |TAMS 0x000000060cc00000, 0x000000060cc00000| Untracked 
|  52|0x000000060d000000, 0x000000060d400000, 0x000000060d400000|100%| O|  |TAMS 0x000000060d000000, 0x000000060d000000| Untracked 
|  53|0x000000060d400000, 0x000000060d800000, 0x000000060d800000|100%| O|  |TAMS 0x000000060d400000, 0x000000060d400000| Untracked 
|  54|0x000000060d800000, 0x000000060dc00000, 0x000000060dc00000|100%| O|  |TAMS 0x000000060d800000, 0x000000060d800000| Untracked 
|  55|0x000000060dc00000, 0x000000060e000000, 0x000000060e000000|100%|HS|  |TAMS 0x000000060dc00000, 0x000000060dc00000| Complete 
|  56|0x000000060e000000, 0x000000060e400000, 0x000000060e400000|100%|HC|  |TAMS 0x000000060e000000, 0x000000060e000000| Complete 
|  57|0x000000060e400000, 0x000000060e800000, 0x000000060e800000|100%| O|  |TAMS 0x000000060e400000, 0x000000060e400000| Untracked 
|  58|0x000000060e800000, 0x000000060ec00000, 0x000000060ec00000|100%| O|  |TAMS 0x000000060e800000, 0x000000060e800000| Untracked 
|  59|0x000000060ec00000, 0x000000060f000000, 0x000000060f000000|100%| O|  |TAMS 0x000000060ec00000, 0x000000060ec00000| Untracked 
|  60|0x000000060f000000, 0x000000060f400000, 0x000000060f400000|100%| O|  |TAMS 0x000000060f000000, 0x000000060f000000| Untracked 
|  61|0x000000060f400000, 0x000000060f800000, 0x000000060f800000|100%| O|  |TAMS 0x000000060f400000, 0x000000060f400000| Untracked 
|  62|0x000000060f800000, 0x000000060fc00000, 0x000000060fc00000|100%| O|  |TAMS 0x000000060f800000, 0x000000060f800000| Untracked 
|  63|0x000000060fc00000, 0x0000000610000000, 0x0000000610000000|100%| O|  |TAMS 0x000000060fc00000, 0x000000060fc00000| Untracked 
|  64|0x0000000610000000, 0x0000000610400000, 0x0000000610400000|100%| O|  |TAMS 0x0000000610000000, 0x0000000610000000| Untracked 
|  65|0x0000000610400000, 0x0000000610800000, 0x0000000610800000|100%| O|  |TAMS 0x0000000610400000, 0x0000000610400000| Untracked 
|  66|0x0000000610800000, 0x0000000610c00000, 0x0000000610c00000|100%| O|  |TAMS 0x0000000610800000, 0x0000000610800000| Untracked 
|  67|0x0000000610c00000, 0x0000000611000000, 0x0000000611000000|100%| O|  |TAMS 0x0000000610c00000, 0x0000000610c00000| Untracked 
|  68|0x0000000611000000, 0x0000000611400000, 0x0000000611400000|100%| O|  |TAMS 0x0000000611400000, 0x0000000611000000| Untracked 
|  69|0x0000000611400000, 0x0000000611800000, 0x0000000611800000|100%| O|  |TAMS 0x0000000611400000, 0x0000000611400000| Untracked 
|  70|0x0000000611800000, 0x0000000611c00000, 0x0000000611c00000|100%| O|  |TAMS 0x0000000611800000, 0x0000000611800000| Untracked 
|  71|0x0000000611c00000, 0x0000000612000000, 0x0000000612000000|100%|HS|  |TAMS 0x0000000612000000, 0x0000000611c00000| Complete 
|  72|0x0000000612000000, 0x0000000612400000, 0x0000000612400000|100%|HC|  |TAMS 0x0000000612400000, 0x0000000612000000| Complete 
|  73|0x0000000612400000, 0x0000000612800000, 0x0000000612800000|100%| O|  |TAMS 0x0000000612800000, 0x0000000612400000| Untracked 
|  74|0x0000000612800000, 0x0000000612c00000, 0x0000000612c00000|100%| O|  |TAMS 0x0000000612800000, 0x0000000612800000| Untracked 
|  75|0x0000000612c00000, 0x0000000613000000, 0x0000000613000000|100%| O|  |TAMS 0x0000000612c00000, 0x0000000612c00000| Untracked 
|  76|0x0000000613000000, 0x0000000613400000, 0x0000000613400000|100%| O|  |TAMS 0x0000000613000000, 0x0000000613000000| Untracked 
|  77|0x0000000613400000, 0x0000000613800000, 0x0000000613800000|100%| O|  |TAMS 0x0000000613800000, 0x0000000613400000| Untracked 
|  78|0x0000000613800000, 0x0000000613c00000, 0x0000000613c00000|100%| O|  |TAMS 0x0000000613800000, 0x0000000613800000| Untracked 
|  79|0x0000000613c00000, 0x0000000614000000, 0x0000000614000000|100%| O|  |TAMS 0x0000000613c00000, 0x0000000613c00000| Untracked 
|  80|0x0000000614000000, 0x0000000614400000, 0x0000000614400000|100%| O|  |TAMS 0x0000000614000000, 0x0000000614000000| Untracked 
|  81|0x0000000614400000, 0x0000000614800000, 0x0000000614800000|100%| O|  |TAMS 0x0000000614400000, 0x0000000614400000| Untracked 
|  82|0x0000000614800000, 0x0000000614c00000, 0x0000000614c00000|100%| O|  |TAMS 0x0000000614800000, 0x0000000614800000| Untracked 
|  83|0x0000000614c00000, 0x0000000615000000, 0x0000000615000000|100%| O|  |TAMS 0x0000000614c00000, 0x0000000614c00000| Untracked 
|  84|0x0000000615000000, 0x0000000615400000, 0x0000000615400000|100%| O|  |TAMS 0x0000000615400000, 0x0000000615000000| Untracked 
|  85|0x0000000615400000, 0x0000000615800000, 0x0000000615800000|100%| O|  |TAMS 0x0000000615800000, 0x0000000615400000| Untracked 
|  86|0x0000000615800000, 0x0000000615c00000, 0x0000000615c00000|100%| O|  |TAMS 0x0000000615800000, 0x0000000615800000| Untracked 
|  87|0x0000000615c00000, 0x0000000616000000, 0x0000000616000000|100%| O|  |TAMS 0x0000000615c00000, 0x0000000615c00000| Untracked 
|  88|0x0000000616000000, 0x0000000616400000, 0x0000000616400000|100%| O|  |TAMS 0x0000000616000000, 0x0000000616000000| Untracked 
|  89|0x0000000616400000, 0x0000000616800000, 0x0000000616800000|100%| O|  |TAMS 0x0000000616400000, 0x0000000616400000| Untracked 
|  90|0x0000000616800000, 0x0000000616c00000, 0x0000000616c00000|100%| O|  |TAMS 0x0000000616800000, 0x0000000616800000| Untracked 
|  91|0x0000000616c00000, 0x0000000617000000, 0x0000000617000000|100%| O|  |TAMS 0x0000000616c00000, 0x0000000616c00000| Untracked 
|  92|0x0000000617000000, 0x0000000617400000, 0x0000000617400000|100%| O|  |TAMS 0x0000000617000000, 0x0000000617000000| Untracked 
|  93|0x0000000617400000, 0x0000000617800000, 0x0000000617800000|100%| O|  |TAMS 0x0000000617400000, 0x0000000617400000| Untracked 
|  94|0x0000000617800000, 0x0000000617c00000, 0x0000000617c00000|100%| O|  |TAMS 0x0000000617800000, 0x0000000617800000| Untracked 
|  95|0x0000000617c00000, 0x0000000618000000, 0x0000000618000000|100%| O|  |TAMS 0x0000000617c00000, 0x0000000617c00000| Untracked 
|  96|0x0000000618000000, 0x0000000618400000, 0x0000000618400000|100%| O|  |TAMS 0x0000000618000000, 0x0000000618000000| Untracked 
|  97|0x0000000618400000, 0x0000000618800000, 0x0000000618800000|100%| O|  |TAMS 0x0000000618800000, 0x0000000618400000| Untracked 
|  98|0x0000000618800000, 0x0000000618c00000, 0x0000000618c00000|100%| O|  |TAMS 0x0000000618800000, 0x0000000618800000| Untracked 
|  99|0x0000000618c00000, 0x0000000619000000, 0x0000000619000000|100%| O|  |TAMS 0x0000000618c00000, 0x0000000618c00000| Untracked 
| 100|0x0000000619000000, 0x0000000619400000, 0x0000000619400000|100%| O|  |TAMS 0x0000000619000000, 0x0000000619000000| Untracked 
| 101|0x0000000619400000, 0x0000000619800000, 0x0000000619800000|100%| O|  |TAMS 0x0000000619400000, 0x0000000619400000| Untracked 
| 102|0x0000000619800000, 0x0000000619c00000, 0x0000000619c00000|100%| O|  |TAMS 0x0000000619800000, 0x0000000619800000| Untracked 
| 103|0x0000000619c00000, 0x000000061a000000, 0x000000061a000000|100%| O|  |TAMS 0x0000000619c00000, 0x0000000619c00000| Untracked 
| 104|0x000000061a000000, 0x000000061a400000, 0x000000061a400000|100%| O|  |TAMS 0x000000061a000000, 0x000000061a000000| Untracked 
| 105|0x000000061a400000, 0x000000061a800000, 0x000000061a800000|100%| O|  |TAMS 0x000000061a400000, 0x000000061a400000| Untracked 
| 106|0x000000061a800000, 0x000000061ac00000, 0x000000061ac00000|100%| O|  |TAMS 0x000000061a800000, 0x000000061a800000| Untracked 
| 107|0x000000061ac00000, 0x000000061b000000, 0x000000061b000000|100%| O|  |TAMS 0x000000061ac00000, 0x000000061ac00000| Untracked 
| 108|0x000000061b000000, 0x000000061b400000, 0x000000061b400000|100%| O|  |TAMS 0x000000061b000000, 0x000000061b000000| Untracked 
| 109|0x000000061b400000, 0x000000061b800000, 0x000000061b800000|100%| O|  |TAMS 0x000000061b400000, 0x000000061b400000| Untracked 
| 110|0x000000061b800000, 0x000000061bc00000, 0x000000061bc00000|100%| O|  |TAMS 0x000000061b800000, 0x000000061b800000| Untracked 
| 111|0x000000061bc00000, 0x000000061c000000, 0x000000061c000000|100%| O|  |TAMS 0x000000061bc00000, 0x000000061bc00000| Untracked 
| 112|0x000000061c000000, 0x000000061c400000, 0x000000061c400000|100%| O|  |TAMS 0x000000061c000000, 0x000000061c000000| Untracked 
| 113|0x000000061c400000, 0x000000061c800000, 0x000000061c800000|100%| O|  |TAMS 0x000000061c400000, 0x000000061c400000| Untracked 
| 114|0x000000061c800000, 0x000000061cc00000, 0x000000061cc00000|100%| O|  |TAMS 0x000000061c800000, 0x000000061c800000| Untracked 
| 115|0x000000061cc00000, 0x000000061d000000, 0x000000061d000000|100%| O|  |TAMS 0x000000061cc00000, 0x000000061cc00000| Untracked 
| 116|0x000000061d000000, 0x000000061d400000, 0x000000061d400000|100%| O|  |TAMS 0x000000061d000000, 0x000000061d000000| Untracked 
| 117|0x000000061d400000, 0x000000061d800000, 0x000000061d800000|100%| O|  |TAMS 0x000000061d400000, 0x000000061d400000| Untracked 
| 118|0x000000061d800000, 0x000000061dc00000, 0x000000061dc00000|100%| O|  |TAMS 0x000000061d800000, 0x000000061d800000| Untracked 
| 119|0x000000061dc00000, 0x000000061e000000, 0x000000061e000000|100%| O|  |TAMS 0x000000061e000000, 0x000000061dc00000| Untracked 
| 120|0x000000061e000000, 0x000000061e400000, 0x000000061e400000|100%| O|  |TAMS 0x000000061e000000, 0x000000061e000000| Untracked 
| 121|0x000000061e400000, 0x000000061e800000, 0x000000061e800000|100%| O|  |TAMS 0x000000061e400000, 0x000000061e400000| Untracked 
| 122|0x000000061e800000, 0x000000061ec00000, 0x000000061ec00000|100%| O|  |TAMS 0x000000061e800000, 0x000000061e800000| Untracked 
| 123|0x000000061ec00000, 0x000000061f000000, 0x000000061f000000|100%| O|  |TAMS 0x000000061ec00000, 0x000000061ec00000| Untracked 
| 124|0x000000061f000000, 0x000000061f400000, 0x000000061f400000|100%| O|  |TAMS 0x000000061f000000, 0x000000061f000000| Untracked 
| 125|0x000000061f400000, 0x000000061f800000, 0x000000061f800000|100%| O|  |TAMS 0x000000061f400000, 0x000000061f400000| Untracked 
| 126|0x000000061f800000, 0x000000061fc00000, 0x000000061fc00000|100%| O|  |TAMS 0x000000061f800000, 0x000000061f800000| Untracked 
| 127|0x000000061fc00000, 0x0000000620000000, 0x0000000620000000|100%| O|  |TAMS 0x0000000620000000, 0x000000061fc00000| Untracked 
| 128|0x0000000620000000, 0x0000000620400000, 0x0000000620400000|100%| O|  |TAMS 0x0000000620000000, 0x0000000620000000| Untracked 
| 129|0x0000000620400000, 0x0000000620800000, 0x0000000620800000|100%| O|  |TAMS 0x0000000620400000, 0x0000000620400000| Untracked 
| 130|0x0000000620800000, 0x0000000620c00000, 0x0000000620c00000|100%| O|  |TAMS 0x0000000620c00000, 0x0000000620800000| Untracked 
| 131|0x0000000620c00000, 0x0000000621000000, 0x0000000621000000|100%| O|  |TAMS 0x0000000621000000, 0x0000000620c00000| Untracked 
| 132|0x0000000621000000, 0x0000000621400000, 0x0000000621400000|100%| O|  |TAMS 0x0000000621000000, 0x0000000621000000| Untracked 
| 133|0x0000000621400000, 0x0000000621800000, 0x0000000621800000|100%| O|  |TAMS 0x0000000621400000, 0x0000000621400000| Untracked 
| 134|0x0000000621800000, 0x0000000621c00000, 0x0000000621c00000|100%| O|  |TAMS 0x0000000621800000, 0x0000000621800000| Untracked 
| 135|0x0000000621c00000, 0x0000000622000000, 0x0000000622000000|100%| O|  |TAMS 0x0000000621c00000, 0x0000000621c00000| Untracked 
| 136|0x0000000622000000, 0x0000000622400000, 0x0000000622400000|100%| O|  |TAMS 0x0000000622000000, 0x0000000622000000| Untracked 
| 137|0x0000000622400000, 0x0000000622800000, 0x0000000622800000|100%| O|  |TAMS 0x0000000622400000, 0x0000000622400000| Untracked 
| 138|0x0000000622800000, 0x0000000622c00000, 0x0000000622c00000|100%| O|  |TAMS 0x0000000622800000, 0x0000000622800000| Untracked 
| 139|0x0000000622c00000, 0x0000000623000000, 0x0000000623000000|100%| O|  |TAMS 0x0000000622c00000, 0x0000000622c00000| Untracked 
| 140|0x0000000623000000, 0x0000000623400000, 0x0000000623400000|100%| O|  |TAMS 0x0000000623000000, 0x0000000623000000| Untracked 
| 141|0x0000000623400000, 0x0000000623800000, 0x0000000623800000|100%| O|  |TAMS 0x0000000623400000, 0x0000000623400000| Untracked 
| 142|0x0000000623800000, 0x0000000623c00000, 0x0000000623c00000|100%| O|  |TAMS 0x0000000623800000, 0x0000000623800000| Untracked 
| 143|0x0000000623c00000, 0x0000000624000000, 0x0000000624000000|100%| O|  |TAMS 0x0000000623c00000, 0x0000000623c00000| Untracked 
| 144|0x0000000624000000, 0x0000000624400000, 0x0000000624400000|100%| O|  |TAMS 0x0000000624000000, 0x0000000624000000| Untracked 
| 145|0x0000000624400000, 0x0000000624800000, 0x0000000624800000|100%| O|  |TAMS 0x0000000624800000, 0x0000000624400000| Untracked 
| 146|0x0000000624800000, 0x0000000624c00000, 0x0000000624c00000|100%| O|  |TAMS 0x0000000624800000, 0x0000000624800000| Untracked 
| 147|0x0000000624c00000, 0x0000000625000000, 0x0000000625000000|100%| O|  |TAMS 0x0000000624c00000, 0x0000000624c00000| Untracked 
| 148|0x0000000625000000, 0x0000000625400000, 0x0000000625400000|100%| O|  |TAMS 0x0000000625000000, 0x0000000625000000| Untracked 
| 149|0x0000000625400000, 0x0000000625800000, 0x0000000625800000|100%| O|  |TAMS 0x0000000625400000, 0x0000000625400000| Untracked 
| 150|0x0000000625800000, 0x0000000625c00000, 0x0000000625c00000|100%| O|  |TAMS 0x0000000625800000, 0x0000000625800000| Untracked 
| 151|0x0000000625c00000, 0x0000000626000000, 0x0000000626000000|100%| O|  |TAMS 0x0000000625c00000, 0x0000000625c00000| Untracked 
| 152|0x0000000626000000, 0x0000000626400000, 0x0000000626400000|100%| O|  |TAMS 0x0000000626000000, 0x0000000626000000| Untracked 
| 153|0x0000000626400000, 0x0000000626800000, 0x0000000626800000|100%| O|  |TAMS 0x0000000626400000, 0x0000000626400000| Untracked 
| 154|0x0000000626800000, 0x0000000626c00000, 0x0000000626c00000|100%|HS|  |TAMS 0x0000000626c00000, 0x0000000626800000| Complete 
| 155|0x0000000626c00000, 0x0000000627000000, 0x0000000627000000|100%| O|  |TAMS 0x0000000626c00000, 0x0000000626c00000| Untracked 
| 156|0x0000000627000000, 0x0000000627400000, 0x0000000627400000|100%| O|  |TAMS 0x0000000627000000, 0x0000000627000000| Untracked 
| 157|0x0000000627400000, 0x0000000627800000, 0x0000000627800000|100%| O|  |TAMS 0x0000000627400000, 0x0000000627400000| Untracked 
| 158|0x0000000627800000, 0x0000000627c00000, 0x0000000627c00000|100%| O|  |TAMS 0x0000000627800000, 0x0000000627800000| Untracked 
| 159|0x0000000627c00000, 0x0000000628000000, 0x0000000628000000|100%| O|  |TAMS 0x0000000627c00000, 0x0000000627c00000| Untracked 
| 160|0x0000000628000000, 0x0000000628400000, 0x0000000628400000|100%| O|  |TAMS 0x0000000628000000, 0x0000000628000000| Untracked 
| 161|0x0000000628400000, 0x0000000628800000, 0x0000000628800000|100%| O|  |TAMS 0x0000000628400000, 0x0000000628400000| Untracked 
| 162|0x0000000628800000, 0x0000000628c00000, 0x0000000628c00000|100%| O|  |TAMS 0x0000000628800000, 0x0000000628800000| Untracked 
| 163|0x0000000628c00000, 0x0000000629000000, 0x0000000629000000|100%| O|  |TAMS 0x0000000628c00000, 0x0000000628c00000| Untracked 
| 164|0x0000000629000000, 0x00000006290dc400, 0x0000000629400000| 21%| O|  |TAMS 0x0000000629000000, 0x0000000629000000| Untracked 
| 165|0x0000000629400000, 0x0000000629400000, 0x0000000629800000|  0%| F|  |TAMS 0x0000000629400000, 0x0000000629400000| Untracked 
| 166|0x0000000629800000, 0x0000000629800000, 0x0000000629c00000|  0%| F|  |TAMS 0x0000000629800000, 0x0000000629800000| Untracked 
| 167|0x0000000629c00000, 0x0000000629c00000, 0x000000062a000000|  0%| F|  |TAMS 0x0000000629c00000, 0x0000000629c00000| Untracked 
| 168|0x000000062a000000, 0x000000062a000000, 0x000000062a400000|  0%| F|  |TAMS 0x000000062a000000, 0x000000062a000000| Untracked 
| 169|0x000000062a400000, 0x000000062a400000, 0x000000062a800000|  0%| F|  |TAMS 0x000000062a400000, 0x000000062a400000| Untracked 
| 170|0x000000062a800000, 0x000000062a800000, 0x000000062ac00000|  0%| F|  |TAMS 0x000000062a800000, 0x000000062a800000| Untracked 
| 171|0x000000062ac00000, 0x000000062b000000, 0x000000062b000000|100%| O|  |TAMS 0x000000062b000000, 0x000000062ac00000| Untracked 
| 172|0x000000062b000000, 0x000000062b400000, 0x000000062b400000|100%| O|  |TAMS 0x000000062b400000, 0x000000062b000000| Untracked 
| 173|0x000000062b400000, 0x000000062b400000, 0x000000062b800000|  0%| F|  |TAMS 0x000000062b400000, 0x000000062b400000| Untracked 
| 174|0x000000062b800000, 0x000000062b800000, 0x000000062bc00000|  0%| F|  |TAMS 0x000000062b800000, 0x000000062b800000| Untracked 
| 175|0x000000062bc00000, 0x000000062bc00000, 0x000000062c000000|  0%| F|  |TAMS 0x000000062bc00000, 0x000000062bc00000| Untracked 
| 176|0x000000062c000000, 0x000000062c000000, 0x000000062c400000|  0%| F|  |TAMS 0x000000062c000000, 0x000000062c000000| Untracked 
| 177|0x000000062c400000, 0x000000062c400000, 0x000000062c800000|  0%| F|  |TAMS 0x000000062c400000, 0x000000062c400000| Untracked 
| 178|0x000000062c800000, 0x000000062c800000, 0x000000062cc00000|  0%| F|  |TAMS 0x000000062c800000, 0x000000062c800000| Untracked 
| 179|0x000000062cc00000, 0x000000062cc00000, 0x000000062d000000|  0%| F|  |TAMS 0x000000062cc00000, 0x000000062cc00000| Untracked 
| 180|0x000000062d000000, 0x000000062d000000, 0x000000062d400000|  0%| F|  |TAMS 0x000000062d000000, 0x000000062d000000| Untracked 
| 181|0x000000062d400000, 0x000000062d400000, 0x000000062d800000|  0%| F|  |TAMS 0x000000062d400000, 0x000000062d400000| Untracked 
| 182|0x000000062d800000, 0x000000062d800000, 0x000000062dc00000|  0%| F|  |TAMS 0x000000062d800000, 0x000000062d800000| Untracked 
| 183|0x000000062dc00000, 0x000000062dc00000, 0x000000062e000000|  0%| F|  |TAMS 0x000000062dc00000, 0x000000062dc00000| Untracked 
| 184|0x000000062e000000, 0x000000062e000000, 0x000000062e400000|  0%| F|  |TAMS 0x000000062e000000, 0x000000062e000000| Untracked 
| 185|0x000000062e400000, 0x000000062e400000, 0x000000062e800000|  0%| F|  |TAMS 0x000000062e400000, 0x000000062e400000| Untracked 
| 186|0x000000062e800000, 0x000000062e800000, 0x000000062ec00000|  0%| F|  |TAMS 0x000000062e800000, 0x000000062e800000| Untracked 
| 187|0x000000062ec00000, 0x000000062ec00000, 0x000000062f000000|  0%| F|  |TAMS 0x000000062ec00000, 0x000000062ec00000| Untracked 
| 188|0x000000062f000000, 0x000000062f000000, 0x000000062f400000|  0%| F|  |TAMS 0x000000062f000000, 0x000000062f000000| Untracked 
| 189|0x000000062f400000, 0x000000062f400000, 0x000000062f800000|  0%| F|  |TAMS 0x000000062f400000, 0x000000062f400000| Untracked 
| 190|0x000000062f800000, 0x000000062f800000, 0x000000062fc00000|  0%| F|  |TAMS 0x000000062f800000, 0x000000062f800000| Untracked 
| 191|0x000000062fc00000, 0x000000062fc00000, 0x0000000630000000|  0%| F|  |TAMS 0x000000062fc00000, 0x000000062fc00000| Untracked 
| 192|0x0000000630000000, 0x0000000630000000, 0x0000000630400000|  0%| F|  |TAMS 0x0000000630000000, 0x0000000630000000| Untracked 
| 193|0x0000000630400000, 0x0000000630400000, 0x0000000630800000|  0%| F|  |TAMS 0x0000000630400000, 0x0000000630400000| Untracked 
| 194|0x0000000630800000, 0x0000000630800000, 0x0000000630c00000|  0%| F|  |TAMS 0x0000000630800000, 0x0000000630800000| Untracked 
| 195|0x0000000630c00000, 0x0000000630c00000, 0x0000000631000000|  0%| F|  |TAMS 0x0000000630c00000, 0x0000000630c00000| Untracked 
| 196|0x0000000631000000, 0x0000000631000000, 0x0000000631400000|  0%| F|  |TAMS 0x0000000631000000, 0x0000000631000000| Untracked 
| 197|0x0000000631400000, 0x0000000631400000, 0x0000000631800000|  0%| F|  |TAMS 0x0000000631400000, 0x0000000631400000| Untracked 
| 198|0x0000000631800000, 0x0000000631800000, 0x0000000631c00000|  0%| F|  |TAMS 0x0000000631800000, 0x0000000631800000| Untracked 
| 199|0x0000000631c00000, 0x0000000631c00000, 0x0000000632000000|  0%| F|  |TAMS 0x0000000631c00000, 0x0000000631c00000| Untracked 
| 200|0x0000000632000000, 0x0000000632000000, 0x0000000632400000|  0%| F|  |TAMS 0x0000000632000000, 0x0000000632000000| Untracked 
| 201|0x0000000632400000, 0x0000000632400000, 0x0000000632800000|  0%| F|  |TAMS 0x0000000632400000, 0x0000000632400000| Untracked 
| 202|0x0000000632800000, 0x0000000632800000, 0x0000000632c00000|  0%| F|  |TAMS 0x0000000632800000, 0x0000000632800000| Untracked 
| 203|0x0000000632c00000, 0x0000000632c00000, 0x0000000633000000|  0%| F|  |TAMS 0x0000000632c00000, 0x0000000632c00000| Untracked 
| 204|0x0000000633000000, 0x0000000633000000, 0x0000000633400000|  0%| F|  |TAMS 0x0000000633000000, 0x0000000633000000| Untracked 
| 205|0x0000000633400000, 0x0000000633800000, 0x0000000633800000|100%| O|  |TAMS 0x0000000633800000, 0x0000000633400000| Untracked 
| 206|0x0000000633800000, 0x0000000633c00000, 0x0000000633c00000|100%| O|  |TAMS 0x0000000633c00000, 0x0000000633800000| Untracked 
| 207|0x0000000633c00000, 0x0000000634000000, 0x0000000634000000|100%| O|  |TAMS 0x0000000634000000, 0x0000000633c00000| Untracked 
| 208|0x0000000634000000, 0x0000000634400000, 0x0000000634400000|100%| O|  |TAMS 0x0000000634400000, 0x0000000634000000| Untracked 
| 209|0x0000000634400000, 0x0000000634800000, 0x0000000634800000|100%| O|  |TAMS 0x0000000634800000, 0x0000000634400000| Untracked 
| 210|0x0000000634800000, 0x0000000634c00000, 0x0000000634c00000|100%| O|  |TAMS 0x0000000634c00000, 0x0000000634800000| Untracked 
| 211|0x0000000634c00000, 0x0000000635000000, 0x0000000635000000|100%| O|  |TAMS 0x0000000635000000, 0x0000000634c00000| Untracked 
| 212|0x0000000635000000, 0x0000000635400000, 0x0000000635400000|100%| O|  |TAMS 0x0000000635400000, 0x0000000635000000| Untracked 
| 213|0x0000000635400000, 0x0000000635800000, 0x0000000635800000|100%| O|  |TAMS 0x0000000635800000, 0x0000000635400000| Untracked 
| 214|0x0000000635800000, 0x0000000635c00000, 0x0000000635c00000|100%| O|  |TAMS 0x0000000635c00000, 0x0000000635800000| Untracked 
| 215|0x0000000635c00000, 0x0000000636000000, 0x0000000636000000|100%| O|  |TAMS 0x0000000636000000, 0x0000000635c00000| Untracked 
| 216|0x0000000636000000, 0x0000000636400000, 0x0000000636400000|100%| O|  |TAMS 0x0000000636400000, 0x0000000636000000| Untracked 
| 217|0x0000000636400000, 0x0000000636800000, 0x0000000636800000|100%| O|  |TAMS 0x0000000636800000, 0x0000000636400000| Untracked 
| 218|0x0000000636800000, 0x0000000636c00000, 0x0000000636c00000|100%| O|  |TAMS 0x0000000636c00000, 0x0000000636800000| Untracked 
| 219|0x0000000636c00000, 0x0000000637000000, 0x0000000637000000|100%| O|  |TAMS 0x0000000637000000, 0x0000000636c00000| Untracked 
| 220|0x0000000637000000, 0x0000000637400000, 0x0000000637400000|100%| O|  |TAMS 0x0000000637400000, 0x0000000637000000| Untracked 
| 221|0x0000000637400000, 0x0000000637800000, 0x0000000637800000|100%| O|  |TAMS 0x0000000637800000, 0x0000000637400000| Untracked 
| 222|0x0000000637800000, 0x0000000637c00000, 0x0000000637c00000|100%| O|  |TAMS 0x0000000637c00000, 0x0000000637800000| Untracked 
| 223|0x0000000637c00000, 0x0000000637c00000, 0x0000000638000000|  0%| F|  |TAMS 0x0000000637c00000, 0x0000000637c00000| Untracked 
| 224|0x0000000638000000, 0x0000000638400000, 0x0000000638400000|100%| O|  |TAMS 0x0000000638400000, 0x0000000638000000| Untracked 
| 225|0x0000000638400000, 0x0000000638800000, 0x0000000638800000|100%| O|  |TAMS 0x0000000638800000, 0x0000000638400000| Untracked 
| 226|0x0000000638800000, 0x0000000638c00000, 0x0000000638c00000|100%| O|  |TAMS 0x0000000638c00000, 0x0000000638800000| Untracked 
| 227|0x0000000638c00000, 0x0000000639000000, 0x0000000639000000|100%| O|  |TAMS 0x0000000639000000, 0x0000000638c00000| Untracked 
| 228|0x0000000639000000, 0x0000000639000000, 0x0000000639400000|  0%| F|  |TAMS 0x0000000639000000, 0x0000000639000000| Untracked 
| 229|0x0000000639400000, 0x0000000639400000, 0x0000000639800000|  0%| F|  |TAMS 0x0000000639400000, 0x0000000639400000| Untracked 
| 230|0x0000000639800000, 0x0000000639800000, 0x0000000639c00000|  0%| F|  |TAMS 0x0000000639800000, 0x0000000639800000| Untracked 
| 231|0x0000000639c00000, 0x000000063a000000, 0x000000063a000000|100%| O|  |TAMS 0x000000063a000000, 0x0000000639c00000| Untracked 
| 232|0x000000063a000000, 0x000000063a400000, 0x000000063a400000|100%| O|  |TAMS 0x000000063a400000, 0x000000063a000000| Untracked 
| 233|0x000000063a400000, 0x000000063a800000, 0x000000063a800000|100%| O|  |TAMS 0x000000063a800000, 0x000000063a400000| Untracked 
| 234|0x000000063a800000, 0x000000063ac00000, 0x000000063ac00000|100%| O|  |TAMS 0x000000063ac00000, 0x000000063a800000| Untracked 
| 235|0x000000063ac00000, 0x000000063b000000, 0x000000063b000000|100%| O|  |TAMS 0x000000063b000000, 0x000000063ac00000| Untracked 
| 236|0x000000063b000000, 0x000000063b400000, 0x000000063b400000|100%| O|  |TAMS 0x000000063b400000, 0x000000063b000000| Untracked 
| 237|0x000000063b400000, 0x000000063b800000, 0x000000063b800000|100%| O|  |TAMS 0x000000063b800000, 0x000000063b400000| Untracked 
| 238|0x000000063b800000, 0x000000063bc00000, 0x000000063bc00000|100%| O|  |TAMS 0x000000063bc00000, 0x000000063b800000| Untracked 
| 239|0x000000063bc00000, 0x000000063c000000, 0x000000063c000000|100%| O|  |TAMS 0x000000063c000000, 0x000000063bc00000| Untracked 
| 240|0x000000063c000000, 0x000000063c400000, 0x000000063c400000|100%| O|  |TAMS 0x000000063c400000, 0x000000063c000000| Untracked 
| 241|0x000000063c400000, 0x000000063c800000, 0x000000063c800000|100%| O|  |TAMS 0x000000063c800000, 0x000000063c400000| Untracked 
| 242|0x000000063c800000, 0x000000063cc00000, 0x000000063cc00000|100%| O|  |TAMS 0x000000063cc00000, 0x000000063c800000| Untracked 
| 243|0x000000063cc00000, 0x000000063d000000, 0x000000063d000000|100%| O|  |TAMS 0x000000063d000000, 0x000000063cc00000| Untracked 
| 244|0x000000063d000000, 0x000000063d000000, 0x000000063d400000|  0%| F|  |TAMS 0x000000063d000000, 0x000000063d000000| Untracked 
| 245|0x000000063d400000, 0x000000063d800000, 0x000000063d800000|100%| O|  |TAMS 0x000000063d800000, 0x000000063d400000| Untracked 
| 246|0x000000063d800000, 0x000000063d800000, 0x000000063dc00000|  0%| F|  |TAMS 0x000000063d800000, 0x000000063d800000| Untracked 
| 247|0x000000063dc00000, 0x000000063dc00000, 0x000000063e000000|  0%| F|  |TAMS 0x000000063dc00000, 0x000000063dc00000| Untracked 
| 248|0x000000063e000000, 0x000000063e000000, 0x000000063e400000|  0%| F|  |TAMS 0x000000063e000000, 0x000000063e000000| Untracked 
| 249|0x000000063e400000, 0x000000063e400000, 0x000000063e800000|  0%| F|  |TAMS 0x000000063e400000, 0x000000063e400000| Untracked 
| 250|0x000000063e800000, 0x000000063e800000, 0x000000063ec00000|  0%| F|  |TAMS 0x000000063e800000, 0x000000063e800000| Untracked 
| 251|0x000000063ec00000, 0x000000063f000000, 0x000000063f000000|100%| O|  |TAMS 0x000000063f000000, 0x000000063ec00000| Untracked 
| 252|0x000000063f000000, 0x000000063f000000, 0x000000063f400000|  0%| F|  |TAMS 0x000000063f000000, 0x000000063f000000| Untracked 
| 253|0x000000063f400000, 0x000000063f800000, 0x000000063f800000|100%| O|  |TAMS 0x000000063f800000, 0x000000063f400000| Untracked 
| 254|0x000000063f800000, 0x000000063f800000, 0x000000063fc00000|  0%| F|  |TAMS 0x000000063f800000, 0x000000063f800000| Untracked 
| 255|0x000000063fc00000, 0x000000063fc00000, 0x0000000640000000|  0%| F|  |TAMS 0x000000063fc00000, 0x000000063fc00000| Untracked 
| 256|0x0000000640000000, 0x0000000640000000, 0x0000000640400000|  0%| F|  |TAMS 0x0000000640000000, 0x0000000640000000| Untracked 
| 257|0x0000000640400000, 0x0000000640400000, 0x0000000640800000|  0%| F|  |TAMS 0x0000000640400000, 0x0000000640400000| Untracked 
| 258|0x0000000640800000, 0x0000000640800000, 0x0000000640c00000|  0%| F|  |TAMS 0x0000000640800000, 0x0000000640800000| Untracked 
| 259|0x0000000640c00000, 0x0000000640c00000, 0x0000000641000000|  0%| F|  |TAMS 0x0000000640c00000, 0x0000000640c00000| Untracked 
| 260|0x0000000641000000, 0x0000000641000000, 0x0000000641400000|  0%| F|  |TAMS 0x0000000641000000, 0x0000000641000000| Untracked 
| 261|0x0000000641400000, 0x0000000641400000, 0x0000000641800000|  0%| F|  |TAMS 0x0000000641400000, 0x0000000641400000| Untracked 
| 262|0x0000000641800000, 0x0000000641800000, 0x0000000641c00000|  0%| F|  |TAMS 0x0000000641800000, 0x0000000641800000| Untracked 
| 263|0x0000000641c00000, 0x0000000641c00000, 0x0000000642000000|  0%| F|  |TAMS 0x0000000641c00000, 0x0000000641c00000| Untracked 
| 264|0x0000000642000000, 0x0000000642000000, 0x0000000642400000|  0%| F|  |TAMS 0x0000000642000000, 0x0000000642000000| Untracked 
| 265|0x0000000642400000, 0x0000000642400000, 0x0000000642800000|  0%| F|  |TAMS 0x0000000642400000, 0x0000000642400000| Untracked 
| 266|0x0000000642800000, 0x0000000642800000, 0x0000000642c00000|  0%| F|  |TAMS 0x0000000642800000, 0x0000000642800000| Untracked 
| 267|0x0000000642c00000, 0x0000000643000000, 0x0000000643000000|100%| O|  |TAMS 0x0000000643000000, 0x0000000642c00000| Untracked 
| 268|0x0000000643000000, 0x0000000643400000, 0x0000000643400000|100%| O|  |TAMS 0x0000000643400000, 0x0000000643000000| Untracked 
| 269|0x0000000643400000, 0x0000000643800000, 0x0000000643800000|100%| O|  |TAMS 0x0000000643800000, 0x0000000643400000| Untracked 
| 270|0x0000000643800000, 0x0000000643c00000, 0x0000000643c00000|100%| O|  |TAMS 0x0000000643c00000, 0x0000000643800000| Untracked 
| 271|0x0000000643c00000, 0x0000000643c00000, 0x0000000644000000|  0%| F|  |TAMS 0x0000000643c00000, 0x0000000643c00000| Untracked 
| 272|0x0000000644000000, 0x0000000644000000, 0x0000000644400000|  0%| F|  |TAMS 0x0000000644000000, 0x0000000644000000| Untracked 
| 273|0x0000000644400000, 0x0000000644400000, 0x0000000644800000|  0%| F|  |TAMS 0x0000000644400000, 0x0000000644400000| Untracked 
| 274|0x0000000644800000, 0x0000000644800000, 0x0000000644c00000|  0%| F|  |TAMS 0x0000000644800000, 0x0000000644800000| Untracked 
| 275|0x0000000644c00000, 0x0000000644c00000, 0x0000000645000000|  0%| F|  |TAMS 0x0000000644c00000, 0x0000000644c00000| Untracked 
| 276|0x0000000645000000, 0x0000000645000000, 0x0000000645400000|  0%| F|  |TAMS 0x0000000645000000, 0x0000000645000000| Untracked 
| 277|0x0000000645400000, 0x0000000645400000, 0x0000000645800000|  0%| F|  |TAMS 0x0000000645400000, 0x0000000645400000| Untracked 
| 278|0x0000000645800000, 0x0000000645800000, 0x0000000645c00000|  0%| F|  |TAMS 0x0000000645800000, 0x0000000645800000| Untracked 
| 279|0x0000000645c00000, 0x0000000645c00000, 0x0000000646000000|  0%| F|  |TAMS 0x0000000645c00000, 0x0000000645c00000| Untracked 
| 280|0x0000000646000000, 0x0000000646000000, 0x0000000646400000|  0%| F|  |TAMS 0x0000000646000000, 0x0000000646000000| Untracked 
| 281|0x0000000646400000, 0x0000000646400000, 0x0000000646800000|  0%| F|  |TAMS 0x0000000646400000, 0x0000000646400000| Untracked 
| 282|0x0000000646800000, 0x0000000646800000, 0x0000000646c00000|  0%| F|  |TAMS 0x0000000646800000, 0x0000000646800000| Untracked 
| 283|0x0000000646c00000, 0x0000000646c00000, 0x0000000647000000|  0%| F|  |TAMS 0x0000000646c00000, 0x0000000646c00000| Untracked 
| 284|0x0000000647000000, 0x0000000647000000, 0x0000000647400000|  0%| F|  |TAMS 0x0000000647000000, 0x0000000647000000| Untracked 
| 285|0x0000000647400000, 0x0000000647400000, 0x0000000647800000|  0%| F|  |TAMS 0x0000000647400000, 0x0000000647400000| Untracked 
| 286|0x0000000647800000, 0x0000000647800000, 0x0000000647c00000|  0%| F|  |TAMS 0x0000000647800000, 0x0000000647800000| Untracked 
| 287|0x0000000647c00000, 0x0000000647c00000, 0x0000000648000000|  0%| F|  |TAMS 0x0000000647c00000, 0x0000000647c00000| Untracked 
| 288|0x0000000648000000, 0x0000000648000000, 0x0000000648400000|  0%| F|  |TAMS 0x0000000648000000, 0x0000000648000000| Untracked 
| 289|0x0000000648400000, 0x0000000648400000, 0x0000000648800000|  0%| F|  |TAMS 0x0000000648400000, 0x0000000648400000| Untracked 
| 290|0x0000000648800000, 0x0000000648800000, 0x0000000648c00000|  0%| F|  |TAMS 0x0000000648800000, 0x0000000648800000| Untracked 
| 291|0x0000000648c00000, 0x0000000648c00000, 0x0000000649000000|  0%| F|  |TAMS 0x0000000648c00000, 0x0000000648c00000| Untracked 
| 292|0x0000000649000000, 0x0000000649000000, 0x0000000649400000|  0%| F|  |TAMS 0x0000000649000000, 0x0000000649000000| Untracked 
| 293|0x0000000649400000, 0x0000000649400000, 0x0000000649800000|  0%| F|  |TAMS 0x0000000649400000, 0x0000000649400000| Untracked 
| 294|0x0000000649800000, 0x0000000649800000, 0x0000000649c00000|  0%| F|  |TAMS 0x0000000649800000, 0x0000000649800000| Untracked 
| 295|0x0000000649c00000, 0x0000000649c00000, 0x000000064a000000|  0%| F|  |TAMS 0x0000000649c00000, 0x0000000649c00000| Untracked 
| 296|0x000000064a000000, 0x000000064a000000, 0x000000064a400000|  0%| F|  |TAMS 0x000000064a000000, 0x000000064a000000| Untracked 
| 297|0x000000064a400000, 0x000000064a400000, 0x000000064a800000|  0%| F|  |TAMS 0x000000064a400000, 0x000000064a400000| Untracked 
| 298|0x000000064a800000, 0x000000064a800000, 0x000000064ac00000|  0%| F|  |TAMS 0x000000064a800000, 0x000000064a800000| Untracked 
| 299|0x000000064ac00000, 0x000000064ac00000, 0x000000064b000000|  0%| F|  |TAMS 0x000000064ac00000, 0x000000064ac00000| Untracked 
| 300|0x000000064b000000, 0x000000064b000000, 0x000000064b400000|  0%| F|  |TAMS 0x000000064b000000, 0x000000064b000000| Untracked 
| 301|0x000000064b400000, 0x000000064b400000, 0x000000064b800000|  0%| F|  |TAMS 0x000000064b400000, 0x000000064b400000| Untracked 
| 302|0x000000064b800000, 0x000000064b800000, 0x000000064bc00000|  0%| F|  |TAMS 0x000000064b800000, 0x000000064b800000| Untracked 
| 303|0x000000064bc00000, 0x000000064bc00000, 0x000000064c000000|  0%| F|  |TAMS 0x000000064bc00000, 0x000000064bc00000| Untracked 
| 304|0x000000064c000000, 0x000000064c000000, 0x000000064c400000|  0%| F|  |TAMS 0x000000064c000000, 0x000000064c000000| Untracked 
| 305|0x000000064c400000, 0x000000064c400000, 0x000000064c800000|  0%| F|  |TAMS 0x000000064c400000, 0x000000064c400000| Untracked 
| 306|0x000000064c800000, 0x000000064c800000, 0x000000064cc00000|  0%| F|  |TAMS 0x000000064c800000, 0x000000064c800000| Untracked 
| 307|0x000000064cc00000, 0x000000064cc00000, 0x000000064d000000|  0%| F|  |TAMS 0x000000064cc00000, 0x000000064cc00000| Untracked 
| 308|0x000000064d000000, 0x000000064d000000, 0x000000064d400000|  0%| F|  |TAMS 0x000000064d000000, 0x000000064d000000| Untracked 
| 309|0x000000064d400000, 0x000000064d400000, 0x000000064d800000|  0%| F|  |TAMS 0x000000064d400000, 0x000000064d400000| Untracked 
| 310|0x000000064d800000, 0x000000064d800000, 0x000000064dc00000|  0%| F|  |TAMS 0x000000064d800000, 0x000000064d800000| Untracked 
| 311|0x000000064dc00000, 0x000000064dc00000, 0x000000064e000000|  0%| F|  |TAMS 0x000000064dc00000, 0x000000064dc00000| Untracked 
| 312|0x000000064e000000, 0x000000064e000000, 0x000000064e400000|  0%| F|  |TAMS 0x000000064e000000, 0x000000064e000000| Untracked 
| 313|0x000000064e400000, 0x000000064e400000, 0x000000064e800000|  0%| F|  |TAMS 0x000000064e400000, 0x000000064e400000| Untracked 
| 314|0x000000064e800000, 0x000000064e800000, 0x000000064ec00000|  0%| F|  |TAMS 0x000000064e800000, 0x000000064e800000| Untracked 
| 315|0x000000064ec00000, 0x000000064ec00000, 0x000000064f000000|  0%| F|  |TAMS 0x000000064ec00000, 0x000000064ec00000| Untracked 
| 316|0x000000064f000000, 0x000000064f000000, 0x000000064f400000|  0%| F|  |TAMS 0x000000064f000000, 0x000000064f000000| Untracked 
| 317|0x000000064f400000, 0x000000064f400000, 0x000000064f800000|  0%| F|  |TAMS 0x000000064f400000, 0x000000064f400000| Untracked 
| 318|0x000000064f800000, 0x000000064f800000, 0x000000064fc00000|  0%| F|  |TAMS 0x000000064f800000, 0x000000064f800000| Untracked 
| 319|0x000000064fc00000, 0x000000064fc00000, 0x0000000650000000|  0%| F|  |TAMS 0x000000064fc00000, 0x000000064fc00000| Untracked 
| 320|0x0000000650000000, 0x0000000650000000, 0x0000000650400000|  0%| F|  |TAMS 0x0000000650000000, 0x0000000650000000| Untracked 
| 321|0x0000000650400000, 0x0000000650400000, 0x0000000650800000|  0%| F|  |TAMS 0x0000000650400000, 0x0000000650400000| Untracked 
| 322|0x0000000650800000, 0x0000000650800000, 0x0000000650c00000|  0%| F|  |TAMS 0x0000000650800000, 0x0000000650800000| Untracked 
| 323|0x0000000650c00000, 0x0000000650c00000, 0x0000000651000000|  0%| F|  |TAMS 0x0000000650c00000, 0x0000000650c00000| Untracked 
| 324|0x0000000651000000, 0x0000000651000000, 0x0000000651400000|  0%| F|  |TAMS 0x0000000651000000, 0x0000000651000000| Untracked 
| 325|0x0000000651400000, 0x0000000651400000, 0x0000000651800000|  0%| F|  |TAMS 0x0000000651400000, 0x0000000651400000| Untracked 
| 326|0x0000000651800000, 0x0000000651800000, 0x0000000651c00000|  0%| F|  |TAMS 0x0000000651800000, 0x0000000651800000| Untracked 
| 327|0x0000000651c00000, 0x0000000651c00000, 0x0000000652000000|  0%| F|  |TAMS 0x0000000651c00000, 0x0000000651c00000| Untracked 
| 328|0x0000000652000000, 0x0000000652000000, 0x0000000652400000|  0%| F|  |TAMS 0x0000000652000000, 0x0000000652000000| Untracked 
| 329|0x0000000652400000, 0x0000000652400000, 0x0000000652800000|  0%| F|  |TAMS 0x0000000652400000, 0x0000000652400000| Untracked 
| 330|0x0000000652800000, 0x0000000652800000, 0x0000000652c00000|  0%| F|  |TAMS 0x0000000652800000, 0x0000000652800000| Untracked 
| 331|0x0000000652c00000, 0x0000000652c00000, 0x0000000653000000|  0%| F|  |TAMS 0x0000000652c00000, 0x0000000652c00000| Untracked 
| 332|0x0000000653000000, 0x0000000653000000, 0x0000000653400000|  0%| F|  |TAMS 0x0000000653000000, 0x0000000653000000| Untracked 
| 333|0x0000000653400000, 0x0000000653400000, 0x0000000653800000|  0%| F|  |TAMS 0x0000000653400000, 0x0000000653400000| Untracked 
| 334|0x0000000653800000, 0x0000000653800000, 0x0000000653c00000|  0%| F|  |TAMS 0x0000000653800000, 0x0000000653800000| Untracked 
| 335|0x0000000653c00000, 0x0000000653c00000, 0x0000000654000000|  0%| F|  |TAMS 0x0000000653c00000, 0x0000000653c00000| Untracked 
| 336|0x0000000654000000, 0x0000000654000000, 0x0000000654400000|  0%| F|  |TAMS 0x0000000654000000, 0x0000000654000000| Untracked 
| 337|0x0000000654400000, 0x0000000654400000, 0x0000000654800000|  0%| F|  |TAMS 0x0000000654400000, 0x0000000654400000| Untracked 
| 338|0x0000000654800000, 0x0000000654800000, 0x0000000654c00000|  0%| F|  |TAMS 0x0000000654800000, 0x0000000654800000| Untracked 
| 339|0x0000000654c00000, 0x0000000654c00000, 0x0000000655000000|  0%| F|  |TAMS 0x0000000654c00000, 0x0000000654c00000| Untracked 
| 340|0x0000000655000000, 0x0000000655000000, 0x0000000655400000|  0%| F|  |TAMS 0x0000000655000000, 0x0000000655000000| Untracked 
| 341|0x0000000655400000, 0x0000000655400000, 0x0000000655800000|  0%| F|  |TAMS 0x0000000655400000, 0x0000000655400000| Untracked 
| 342|0x0000000655800000, 0x0000000655800000, 0x0000000655c00000|  0%| F|  |TAMS 0x0000000655800000, 0x0000000655800000| Untracked 
| 343|0x0000000655c00000, 0x0000000655c00000, 0x0000000656000000|  0%| F|  |TAMS 0x0000000655c00000, 0x0000000655c00000| Untracked 
| 344|0x0000000656000000, 0x0000000656000000, 0x0000000656400000|  0%| F|  |TAMS 0x0000000656000000, 0x0000000656000000| Untracked 
| 345|0x0000000656400000, 0x0000000656400000, 0x0000000656800000|  0%| F|  |TAMS 0x0000000656400000, 0x0000000656400000| Untracked 
| 346|0x0000000656800000, 0x0000000656800000, 0x0000000656c00000|  0%| F|  |TAMS 0x0000000656800000, 0x0000000656800000| Untracked 
| 347|0x0000000656c00000, 0x0000000656c00000, 0x0000000657000000|  0%| F|  |TAMS 0x0000000656c00000, 0x0000000656c00000| Untracked 
| 348|0x0000000657000000, 0x0000000657000000, 0x0000000657400000|  0%| F|  |TAMS 0x0000000657000000, 0x0000000657000000| Untracked 
| 349|0x0000000657400000, 0x0000000657400000, 0x0000000657800000|  0%| F|  |TAMS 0x0000000657400000, 0x0000000657400000| Untracked 
| 350|0x0000000657800000, 0x0000000657800000, 0x0000000657c00000|  0%| F|  |TAMS 0x0000000657800000, 0x0000000657800000| Untracked 
| 351|0x0000000657c00000, 0x0000000657c00000, 0x0000000658000000|  0%| F|  |TAMS 0x0000000657c00000, 0x0000000657c00000| Untracked 
| 352|0x0000000658000000, 0x0000000658000000, 0x0000000658400000|  0%| F|  |TAMS 0x0000000658000000, 0x0000000658000000| Untracked 
| 353|0x0000000658400000, 0x0000000658400000, 0x0000000658800000|  0%| F|  |TAMS 0x0000000658400000, 0x0000000658400000| Untracked 
| 354|0x0000000658800000, 0x0000000658800000, 0x0000000658c00000|  0%| F|  |TAMS 0x0000000658800000, 0x0000000658800000| Untracked 
| 355|0x0000000658c00000, 0x0000000658c00000, 0x0000000659000000|  0%| F|  |TAMS 0x0000000658c00000, 0x0000000658c00000| Untracked 
| 356|0x0000000659000000, 0x0000000659000000, 0x0000000659400000|  0%| F|  |TAMS 0x0000000659000000, 0x0000000659000000| Untracked 
| 357|0x0000000659400000, 0x0000000659400000, 0x0000000659800000|  0%| F|  |TAMS 0x0000000659400000, 0x0000000659400000| Untracked 
| 358|0x0000000659800000, 0x0000000659800000, 0x0000000659c00000|  0%| F|  |TAMS 0x0000000659800000, 0x0000000659800000| Untracked 
| 359|0x0000000659c00000, 0x0000000659c00000, 0x000000065a000000|  0%| F|  |TAMS 0x0000000659c00000, 0x0000000659c00000| Untracked 
| 360|0x000000065a000000, 0x000000065a000000, 0x000000065a400000|  0%| F|  |TAMS 0x000000065a000000, 0x000000065a000000| Untracked 
| 361|0x000000065a400000, 0x000000065a400000, 0x000000065a800000|  0%| F|  |TAMS 0x000000065a400000, 0x000000065a400000| Untracked 
| 362|0x000000065a800000, 0x000000065a800000, 0x000000065ac00000|  0%| F|  |TAMS 0x000000065a800000, 0x000000065a800000| Untracked 
| 363|0x000000065ac00000, 0x000000065ac00000, 0x000000065b000000|  0%| F|  |TAMS 0x000000065ac00000, 0x000000065ac00000| Untracked 
| 364|0x000000065b000000, 0x000000065b000000, 0x000000065b400000|  0%| F|  |TAMS 0x000000065b000000, 0x000000065b000000| Untracked 
| 365|0x000000065b400000, 0x000000065b400000, 0x000000065b800000|  0%| F|  |TAMS 0x000000065b400000, 0x000000065b400000| Untracked 
| 366|0x000000065b800000, 0x000000065b800000, 0x000000065bc00000|  0%| F|  |TAMS 0x000000065b800000, 0x000000065b800000| Untracked 
| 367|0x000000065bc00000, 0x000000065bc00000, 0x000000065c000000|  0%| F|  |TAMS 0x000000065bc00000, 0x000000065bc00000| Untracked 
| 368|0x000000065c000000, 0x000000065c000000, 0x000000065c400000|  0%| F|  |TAMS 0x000000065c000000, 0x000000065c000000| Untracked 
| 369|0x000000065c400000, 0x000000065c400000, 0x000000065c800000|  0%| F|  |TAMS 0x000000065c400000, 0x000000065c400000| Untracked 
| 370|0x000000065c800000, 0x000000065c800000, 0x000000065cc00000|  0%| F|  |TAMS 0x000000065c800000, 0x000000065c800000| Untracked 
| 371|0x000000065cc00000, 0x000000065cc00000, 0x000000065d000000|  0%| F|  |TAMS 0x000000065cc00000, 0x000000065cc00000| Untracked 
| 372|0x000000065d000000, 0x000000065d000000, 0x000000065d400000|  0%| F|  |TAMS 0x000000065d000000, 0x000000065d000000| Untracked 
| 373|0x000000065d400000, 0x000000065d400000, 0x000000065d800000|  0%| F|  |TAMS 0x000000065d400000, 0x000000065d400000| Untracked 
| 374|0x000000065d800000, 0x000000065d800000, 0x000000065dc00000|  0%| F|  |TAMS 0x000000065d800000, 0x000000065d800000| Untracked 
| 375|0x000000065dc00000, 0x000000065dc00000, 0x000000065e000000|  0%| F|  |TAMS 0x000000065dc00000, 0x000000065dc00000| Untracked 
| 376|0x000000065e000000, 0x000000065e000000, 0x000000065e400000|  0%| F|  |TAMS 0x000000065e000000, 0x000000065e000000| Untracked 
| 377|0x000000065e400000, 0x000000065e400000, 0x000000065e800000|  0%| F|  |TAMS 0x000000065e400000, 0x000000065e400000| Untracked 
| 378|0x000000065e800000, 0x000000065e800000, 0x000000065ec00000|  0%| F|  |TAMS 0x000000065e800000, 0x000000065e800000| Untracked 
| 379|0x000000065ec00000, 0x000000065ec00000, 0x000000065f000000|  0%| F|  |TAMS 0x000000065ec00000, 0x000000065ec00000| Untracked 
| 380|0x000000065f000000, 0x000000065f000000, 0x000000065f400000|  0%| F|  |TAMS 0x000000065f000000, 0x000000065f000000| Untracked 
| 381|0x000000065f400000, 0x000000065f400000, 0x000000065f800000|  0%| F|  |TAMS 0x000000065f400000, 0x000000065f400000| Untracked 
| 382|0x000000065f800000, 0x000000065f800000, 0x000000065fc00000|  0%| F|  |TAMS 0x000000065f800000, 0x000000065f800000| Untracked 
| 383|0x000000065fc00000, 0x000000065fc00000, 0x0000000660000000|  0%| F|  |TAMS 0x000000065fc00000, 0x000000065fc00000| Untracked 
| 384|0x0000000660000000, 0x0000000660000000, 0x0000000660400000|  0%| F|  |TAMS 0x0000000660000000, 0x0000000660000000| Untracked 
| 385|0x0000000660400000, 0x0000000660400000, 0x0000000660800000|  0%| F|  |TAMS 0x0000000660400000, 0x0000000660400000| Untracked 
| 386|0x0000000660800000, 0x0000000660800000, 0x0000000660c00000|  0%| F|  |TAMS 0x0000000660800000, 0x0000000660800000| Untracked 
| 387|0x0000000660c00000, 0x0000000660c00000, 0x0000000661000000|  0%| F|  |TAMS 0x0000000660c00000, 0x0000000660c00000| Untracked 
| 388|0x0000000661000000, 0x0000000661000000, 0x0000000661400000|  0%| F|  |TAMS 0x0000000661000000, 0x0000000661000000| Untracked 
| 389|0x0000000661400000, 0x0000000661400000, 0x0000000661800000|  0%| F|  |TAMS 0x0000000661400000, 0x0000000661400000| Untracked 
| 390|0x0000000661800000, 0x0000000661800000, 0x0000000661c00000|  0%| F|  |TAMS 0x0000000661800000, 0x0000000661800000| Untracked 
| 391|0x0000000661c00000, 0x0000000661c00000, 0x0000000662000000|  0%| F|  |TAMS 0x0000000661c00000, 0x0000000661c00000| Untracked 
| 392|0x0000000662000000, 0x0000000662000000, 0x0000000662400000|  0%| F|  |TAMS 0x0000000662000000, 0x0000000662000000| Untracked 
| 393|0x0000000662400000, 0x0000000662400000, 0x0000000662800000|  0%| F|  |TAMS 0x0000000662400000, 0x0000000662400000| Untracked 
| 394|0x0000000662800000, 0x0000000662800000, 0x0000000662c00000|  0%| F|  |TAMS 0x0000000662800000, 0x0000000662800000| Untracked 
| 395|0x0000000662c00000, 0x0000000662c00000, 0x0000000663000000|  0%| F|  |TAMS 0x0000000662c00000, 0x0000000662c00000| Untracked 
| 396|0x0000000663000000, 0x0000000663000000, 0x0000000663400000|  0%| F|  |TAMS 0x0000000663000000, 0x0000000663000000| Untracked 
| 397|0x0000000663400000, 0x0000000663400000, 0x0000000663800000|  0%| F|  |TAMS 0x0000000663400000, 0x0000000663400000| Untracked 
| 398|0x0000000663800000, 0x0000000663800000, 0x0000000663c00000|  0%| F|  |TAMS 0x0000000663800000, 0x0000000663800000| Untracked 
| 399|0x0000000663c00000, 0x0000000663c00000, 0x0000000664000000|  0%| F|  |TAMS 0x0000000663c00000, 0x0000000663c00000| Untracked 
| 400|0x0000000664000000, 0x0000000664000000, 0x0000000664400000|  0%| F|  |TAMS 0x0000000664000000, 0x0000000664000000| Untracked 
| 401|0x0000000664400000, 0x0000000664400000, 0x0000000664800000|  0%| F|  |TAMS 0x0000000664400000, 0x0000000664400000| Untracked 
| 402|0x0000000664800000, 0x0000000664800000, 0x0000000664c00000|  0%| F|  |TAMS 0x0000000664800000, 0x0000000664800000| Untracked 
| 403|0x0000000664c00000, 0x0000000664c00000, 0x0000000665000000|  0%| F|  |TAMS 0x0000000664c00000, 0x0000000664c00000| Untracked 
| 404|0x0000000665000000, 0x0000000665000000, 0x0000000665400000|  0%| F|  |TAMS 0x0000000665000000, 0x0000000665000000| Untracked 
| 405|0x0000000665400000, 0x0000000665400000, 0x0000000665800000|  0%| F|  |TAMS 0x0000000665400000, 0x0000000665400000| Untracked 
| 406|0x0000000665800000, 0x0000000665800000, 0x0000000665c00000|  0%| F|  |TAMS 0x0000000665800000, 0x0000000665800000| Untracked 
| 407|0x0000000665c00000, 0x0000000665c00000, 0x0000000666000000|  0%| F|  |TAMS 0x0000000665c00000, 0x0000000665c00000| Untracked 
| 408|0x0000000666000000, 0x0000000666000000, 0x0000000666400000|  0%| F|  |TAMS 0x0000000666000000, 0x0000000666000000| Untracked 
| 409|0x0000000666400000, 0x0000000666400000, 0x0000000666800000|  0%| F|  |TAMS 0x0000000666400000, 0x0000000666400000| Untracked 
| 410|0x0000000666800000, 0x0000000666800000, 0x0000000666c00000|  0%| F|  |TAMS 0x0000000666800000, 0x0000000666800000| Untracked 
| 411|0x0000000666c00000, 0x0000000666c00000, 0x0000000667000000|  0%| F|  |TAMS 0x0000000666c00000, 0x0000000666c00000| Untracked 
| 412|0x0000000667000000, 0x0000000667000000, 0x0000000667400000|  0%| F|  |TAMS 0x0000000667000000, 0x0000000667000000| Untracked 
| 413|0x0000000667400000, 0x0000000667400000, 0x0000000667800000|  0%| F|  |TAMS 0x0000000667400000, 0x0000000667400000| Untracked 
| 414|0x0000000667800000, 0x0000000667800000, 0x0000000667c00000|  0%| F|  |TAMS 0x0000000667800000, 0x0000000667800000| Untracked 
| 415|0x0000000667c00000, 0x0000000667c00000, 0x0000000668000000|  0%| F|  |TAMS 0x0000000667c00000, 0x0000000667c00000| Untracked 
| 416|0x0000000668000000, 0x0000000668000000, 0x0000000668400000|  0%| F|  |TAMS 0x0000000668000000, 0x0000000668000000| Untracked 
| 417|0x0000000668400000, 0x0000000668400000, 0x0000000668800000|  0%| F|  |TAMS 0x0000000668400000, 0x0000000668400000| Untracked 
| 418|0x0000000668800000, 0x0000000668800000, 0x0000000668c00000|  0%| F|  |TAMS 0x0000000668800000, 0x0000000668800000| Untracked 
| 419|0x0000000668c00000, 0x0000000668c00000, 0x0000000669000000|  0%| F|  |TAMS 0x0000000668c00000, 0x0000000668c00000| Untracked 
| 420|0x0000000669000000, 0x0000000669000000, 0x0000000669400000|  0%| F|  |TAMS 0x0000000669000000, 0x0000000669000000| Untracked 
| 421|0x0000000669400000, 0x0000000669400000, 0x0000000669800000|  0%| F|  |TAMS 0x0000000669400000, 0x0000000669400000| Untracked 
| 422|0x0000000669800000, 0x0000000669800000, 0x0000000669c00000|  0%| F|  |TAMS 0x0000000669800000, 0x0000000669800000| Untracked 
| 423|0x0000000669c00000, 0x0000000669c00000, 0x000000066a000000|  0%| F|  |TAMS 0x0000000669c00000, 0x0000000669c00000| Untracked 
| 424|0x000000066a000000, 0x000000066a000000, 0x000000066a400000|  0%| F|  |TAMS 0x000000066a000000, 0x000000066a000000| Untracked 
| 425|0x000000066a400000, 0x000000066a400000, 0x000000066a800000|  0%| F|  |TAMS 0x000000066a400000, 0x000000066a400000| Untracked 
| 426|0x000000066a800000, 0x000000066a800000, 0x000000066ac00000|  0%| F|  |TAMS 0x000000066a800000, 0x000000066a800000| Untracked 
| 427|0x000000066ac00000, 0x000000066ac00000, 0x000000066b000000|  0%| F|  |TAMS 0x000000066ac00000, 0x000000066ac00000| Untracked 
| 428|0x000000066b000000, 0x000000066b000000, 0x000000066b400000|  0%| F|  |TAMS 0x000000066b000000, 0x000000066b000000| Untracked 
| 429|0x000000066b400000, 0x000000066b400000, 0x000000066b800000|  0%| F|  |TAMS 0x000000066b400000, 0x000000066b400000| Untracked 
| 430|0x000000066b800000, 0x000000066b800000, 0x000000066bc00000|  0%| F|  |TAMS 0x000000066b800000, 0x000000066b800000| Untracked 
| 431|0x000000066bc00000, 0x000000066bc00000, 0x000000066c000000|  0%| F|  |TAMS 0x000000066bc00000, 0x000000066bc00000| Untracked 
| 432|0x000000066c000000, 0x000000066c000000, 0x000000066c400000|  0%| F|  |TAMS 0x000000066c000000, 0x000000066c000000| Untracked 
| 433|0x000000066c400000, 0x000000066c400000, 0x000000066c800000|  0%| F|  |TAMS 0x000000066c400000, 0x000000066c400000| Untracked 
| 434|0x000000066c800000, 0x000000066c800000, 0x000000066cc00000|  0%| F|  |TAMS 0x000000066c800000, 0x000000066c800000| Untracked 
| 435|0x000000066cc00000, 0x000000066cc00000, 0x000000066d000000|  0%| F|  |TAMS 0x000000066cc00000, 0x000000066cc00000| Untracked 
| 436|0x000000066d000000, 0x000000066d000000, 0x000000066d400000|  0%| F|  |TAMS 0x000000066d000000, 0x000000066d000000| Untracked 
| 437|0x000000066d400000, 0x000000066d400000, 0x000000066d800000|  0%| F|  |TAMS 0x000000066d400000, 0x000000066d400000| Untracked 
| 438|0x000000066d800000, 0x000000066d800000, 0x000000066dc00000|  0%| F|  |TAMS 0x000000066d800000, 0x000000066d800000| Untracked 
| 439|0x000000066dc00000, 0x000000066dc00000, 0x000000066e000000|  0%| F|  |TAMS 0x000000066dc00000, 0x000000066dc00000| Untracked 
| 440|0x000000066e000000, 0x000000066e000000, 0x000000066e400000|  0%| F|  |TAMS 0x000000066e000000, 0x000000066e000000| Untracked 
| 441|0x000000066e400000, 0x000000066e400000, 0x000000066e800000|  0%| F|  |TAMS 0x000000066e400000, 0x000000066e400000| Untracked 
| 442|0x000000066e800000, 0x000000066e800000, 0x000000066ec00000|  0%| F|  |TAMS 0x000000066e800000, 0x000000066e800000| Untracked 
| 443|0x000000066ec00000, 0x000000066ec00000, 0x000000066f000000|  0%| F|  |TAMS 0x000000066ec00000, 0x000000066ec00000| Untracked 
| 444|0x000000066f000000, 0x000000066f000000, 0x000000066f400000|  0%| F|  |TAMS 0x000000066f000000, 0x000000066f000000| Untracked 
| 445|0x000000066f400000, 0x000000066f400000, 0x000000066f800000|  0%| F|  |TAMS 0x000000066f400000, 0x000000066f400000| Untracked 
| 446|0x000000066f800000, 0x000000066f800000, 0x000000066fc00000|  0%| F|  |TAMS 0x000000066f800000, 0x000000066f800000| Untracked 
| 447|0x000000066fc00000, 0x000000066fc00000, 0x0000000670000000|  0%| F|  |TAMS 0x000000066fc00000, 0x000000066fc00000| Untracked 
| 448|0x0000000670000000, 0x0000000670000000, 0x0000000670400000|  0%| F|  |TAMS 0x0000000670000000, 0x0000000670000000| Untracked 
| 449|0x0000000670400000, 0x0000000670400000, 0x0000000670800000|  0%| F|  |TAMS 0x0000000670400000, 0x0000000670400000| Untracked 
| 450|0x0000000670800000, 0x0000000670800000, 0x0000000670c00000|  0%| F|  |TAMS 0x0000000670800000, 0x0000000670800000| Untracked 
| 451|0x0000000670c00000, 0x0000000670c00000, 0x0000000671000000|  0%| F|  |TAMS 0x0000000670c00000, 0x0000000670c00000| Untracked 
| 452|0x0000000671000000, 0x0000000671000000, 0x0000000671400000|  0%| F|  |TAMS 0x0000000671000000, 0x0000000671000000| Untracked 
| 453|0x0000000671400000, 0x0000000671400000, 0x0000000671800000|  0%| F|  |TAMS 0x0000000671400000, 0x0000000671400000| Untracked 
| 454|0x0000000671800000, 0x0000000671800000, 0x0000000671c00000|  0%| F|  |TAMS 0x0000000671800000, 0x0000000671800000| Untracked 
| 455|0x0000000671c00000, 0x0000000671c00000, 0x0000000672000000|  0%| F|  |TAMS 0x0000000671c00000, 0x0000000671c00000| Untracked 
| 456|0x0000000672000000, 0x0000000672000000, 0x0000000672400000|  0%| F|  |TAMS 0x0000000672000000, 0x0000000672000000| Untracked 
| 457|0x0000000672400000, 0x0000000672400000, 0x0000000672800000|  0%| F|  |TAMS 0x0000000672400000, 0x0000000672400000| Untracked 
| 458|0x0000000672800000, 0x0000000672800000, 0x0000000672c00000|  0%| F|  |TAMS 0x0000000672800000, 0x0000000672800000| Untracked 
| 459|0x0000000672c00000, 0x0000000672c00000, 0x0000000673000000|  0%| F|  |TAMS 0x0000000672c00000, 0x0000000672c00000| Untracked 
| 460|0x0000000673000000, 0x0000000673000000, 0x0000000673400000|  0%| F|  |TAMS 0x0000000673000000, 0x0000000673000000| Untracked 
| 461|0x0000000673400000, 0x0000000673400000, 0x0000000673800000|  0%| F|  |TAMS 0x0000000673400000, 0x0000000673400000| Untracked 
| 462|0x0000000673800000, 0x0000000673800000, 0x0000000673c00000|  0%| F|  |TAMS 0x0000000673800000, 0x0000000673800000| Untracked 
| 463|0x0000000673c00000, 0x0000000673c00000, 0x0000000674000000|  0%| F|  |TAMS 0x0000000673c00000, 0x0000000673c00000| Untracked 
| 464|0x0000000674000000, 0x0000000674000000, 0x0000000674400000|  0%| F|  |TAMS 0x0000000674000000, 0x0000000674000000| Untracked 
| 465|0x0000000674400000, 0x0000000674400000, 0x0000000674800000|  0%| F|  |TAMS 0x0000000674400000, 0x0000000674400000| Untracked 
| 466|0x0000000674800000, 0x0000000674800000, 0x0000000674c00000|  0%| F|  |TAMS 0x0000000674800000, 0x0000000674800000| Untracked 
| 467|0x0000000674c00000, 0x0000000674c00000, 0x0000000675000000|  0%| F|  |TAMS 0x0000000674c00000, 0x0000000674c00000| Untracked 
| 468|0x0000000675000000, 0x0000000675000000, 0x0000000675400000|  0%| F|  |TAMS 0x0000000675000000, 0x0000000675000000| Untracked 
| 469|0x0000000675400000, 0x0000000675400000, 0x0000000675800000|  0%| F|  |TAMS 0x0000000675400000, 0x0000000675400000| Untracked 
| 470|0x0000000675800000, 0x0000000675800000, 0x0000000675c00000|  0%| F|  |TAMS 0x0000000675800000, 0x0000000675800000| Untracked 
| 471|0x0000000675c00000, 0x0000000675c00000, 0x0000000676000000|  0%| F|  |TAMS 0x0000000675c00000, 0x0000000675c00000| Untracked 
| 472|0x0000000676000000, 0x0000000676000000, 0x0000000676400000|  0%| F|  |TAMS 0x0000000676000000, 0x0000000676000000| Untracked 
| 473|0x0000000676400000, 0x0000000676400000, 0x0000000676800000|  0%| F|  |TAMS 0x0000000676400000, 0x0000000676400000| Untracked 
| 474|0x0000000676800000, 0x0000000676800000, 0x0000000676c00000|  0%| F|  |TAMS 0x0000000676800000, 0x0000000676800000| Untracked 
| 475|0x0000000676c00000, 0x0000000676c00000, 0x0000000677000000|  0%| F|  |TAMS 0x0000000676c00000, 0x0000000676c00000| Untracked 
| 476|0x0000000677000000, 0x0000000677000000, 0x0000000677400000|  0%| F|  |TAMS 0x0000000677000000, 0x0000000677000000| Untracked 
| 477|0x0000000677400000, 0x0000000677400000, 0x0000000677800000|  0%| F|  |TAMS 0x0000000677400000, 0x0000000677400000| Untracked 
| 478|0x0000000677800000, 0x0000000677800000, 0x0000000677c00000|  0%| F|  |TAMS 0x0000000677800000, 0x0000000677800000| Untracked 
| 479|0x0000000677c00000, 0x0000000677c00000, 0x0000000678000000|  0%| F|  |TAMS 0x0000000677c00000, 0x0000000677c00000| Untracked 
| 480|0x0000000678000000, 0x0000000678000000, 0x0000000678400000|  0%| F|  |TAMS 0x0000000678000000, 0x0000000678000000| Untracked 
| 481|0x0000000678400000, 0x0000000678400000, 0x0000000678800000|  0%| F|  |TAMS 0x0000000678400000, 0x0000000678400000| Untracked 
| 482|0x0000000678800000, 0x0000000678800000, 0x0000000678c00000|  0%| F|  |TAMS 0x0000000678800000, 0x0000000678800000| Untracked 
| 483|0x0000000678c00000, 0x0000000678c00000, 0x0000000679000000|  0%| F|  |TAMS 0x0000000678c00000, 0x0000000678c00000| Untracked 
| 484|0x0000000679000000, 0x0000000679000000, 0x0000000679400000|  0%| F|  |TAMS 0x0000000679000000, 0x0000000679000000| Untracked 
| 485|0x0000000679400000, 0x0000000679400000, 0x0000000679800000|  0%| F|  |TAMS 0x0000000679400000, 0x0000000679400000| Untracked 
| 486|0x0000000679800000, 0x0000000679800000, 0x0000000679c00000|  0%| F|  |TAMS 0x0000000679800000, 0x0000000679800000| Untracked 
| 487|0x0000000679c00000, 0x0000000679c00000, 0x000000067a000000|  0%| F|  |TAMS 0x0000000679c00000, 0x0000000679c00000| Untracked 
| 488|0x000000067a000000, 0x000000067a000000, 0x000000067a400000|  0%| F|  |TAMS 0x000000067a000000, 0x000000067a000000| Untracked 
| 489|0x000000067a400000, 0x000000067a400000, 0x000000067a800000|  0%| F|  |TAMS 0x000000067a400000, 0x000000067a400000| Untracked 
| 490|0x000000067a800000, 0x000000067a800000, 0x000000067ac00000|  0%| F|  |TAMS 0x000000067a800000, 0x000000067a800000| Untracked 
| 491|0x000000067ac00000, 0x000000067ac00000, 0x000000067b000000|  0%| F|  |TAMS 0x000000067ac00000, 0x000000067ac00000| Untracked 
| 492|0x000000067b000000, 0x000000067b000000, 0x000000067b400000|  0%| F|  |TAMS 0x000000067b000000, 0x000000067b000000| Untracked 
| 493|0x000000067b400000, 0x000000067b400000, 0x000000067b800000|  0%| F|  |TAMS 0x000000067b400000, 0x000000067b400000| Untracked 
| 494|0x000000067b800000, 0x000000067b800000, 0x000000067bc00000|  0%| F|  |TAMS 0x000000067b800000, 0x000000067b800000| Untracked 
| 495|0x000000067bc00000, 0x000000067bc00000, 0x000000067c000000|  0%| F|  |TAMS 0x000000067bc00000, 0x000000067bc00000| Untracked 
| 496|0x000000067c000000, 0x000000067c000000, 0x000000067c400000|  0%| F|  |TAMS 0x000000067c000000, 0x000000067c000000| Untracked 
| 497|0x000000067c400000, 0x000000067c400000, 0x000000067c800000|  0%| F|  |TAMS 0x000000067c400000, 0x000000067c400000| Untracked 
| 498|0x000000067c800000, 0x000000067c800000, 0x000000067cc00000|  0%| F|  |TAMS 0x000000067c800000, 0x000000067c800000| Untracked 
| 499|0x000000067cc00000, 0x000000067cc00000, 0x000000067d000000|  0%| F|  |TAMS 0x000000067cc00000, 0x000000067cc00000| Untracked 
| 500|0x000000067d000000, 0x000000067d000000, 0x000000067d400000|  0%| F|  |TAMS 0x000000067d000000, 0x000000067d000000| Untracked 
| 501|0x000000067d400000, 0x000000067d400000, 0x000000067d800000|  0%| F|  |TAMS 0x000000067d400000, 0x000000067d400000| Untracked 
| 502|0x000000067d800000, 0x000000067d800000, 0x000000067dc00000|  0%| F|  |TAMS 0x000000067d800000, 0x000000067d800000| Untracked 
| 503|0x000000067dc00000, 0x000000067dc00000, 0x000000067e000000|  0%| F|  |TAMS 0x000000067dc00000, 0x000000067dc00000| Untracked 
| 504|0x000000067e000000, 0x000000067e000000, 0x000000067e400000|  0%| F|  |TAMS 0x000000067e000000, 0x000000067e000000| Untracked 
| 505|0x000000067e400000, 0x000000067e400000, 0x000000067e800000|  0%| F|  |TAMS 0x000000067e400000, 0x000000067e400000| Untracked 
| 506|0x000000067e800000, 0x000000067e800000, 0x000000067ec00000|  0%| F|  |TAMS 0x000000067e800000, 0x000000067e800000| Untracked 
| 507|0x000000067ec00000, 0x000000067ec00000, 0x000000067f000000|  0%| F|  |TAMS 0x000000067ec00000, 0x000000067ec00000| Untracked 
| 508|0x000000067f000000, 0x000000067f000000, 0x000000067f400000|  0%| F|  |TAMS 0x000000067f000000, 0x000000067f000000| Untracked 
| 509|0x000000067f400000, 0x000000067f400000, 0x000000067f800000|  0%| F|  |TAMS 0x000000067f400000, 0x000000067f400000| Untracked 
| 510|0x000000067f800000, 0x000000067f800000, 0x000000067fc00000|  0%| F|  |TAMS 0x000000067f800000, 0x000000067f800000| Untracked 
| 511|0x000000067fc00000, 0x000000067fc00000, 0x0000000680000000|  0%| F|  |TAMS 0x000000067fc00000, 0x000000067fc00000| Untracked 
| 512|0x0000000680000000, 0x0000000680000000, 0x0000000680400000|  0%| F|  |TAMS 0x0000000680000000, 0x0000000680000000| Untracked 
| 513|0x0000000680400000, 0x0000000680400000, 0x0000000680800000|  0%| F|  |TAMS 0x0000000680400000, 0x0000000680400000| Untracked 
| 514|0x0000000680800000, 0x0000000680800000, 0x0000000680c00000|  0%| F|  |TAMS 0x0000000680800000, 0x0000000680800000| Untracked 
| 515|0x0000000680c00000, 0x0000000680c00000, 0x0000000681000000|  0%| F|  |TAMS 0x0000000680c00000, 0x0000000680c00000| Untracked 
| 516|0x0000000681000000, 0x0000000681000000, 0x0000000681400000|  0%| F|  |TAMS 0x0000000681000000, 0x0000000681000000| Untracked 
| 517|0x0000000681400000, 0x0000000681400000, 0x0000000681800000|  0%| F|  |TAMS 0x0000000681400000, 0x0000000681400000| Untracked 
| 518|0x0000000681800000, 0x0000000681800000, 0x0000000681c00000|  0%| F|  |TAMS 0x0000000681800000, 0x0000000681800000| Untracked 
| 519|0x0000000681c00000, 0x0000000681c00000, 0x0000000682000000|  0%| F|  |TAMS 0x0000000681c00000, 0x0000000681c00000| Untracked 
| 520|0x0000000682000000, 0x0000000682000000, 0x0000000682400000|  0%| F|  |TAMS 0x0000000682000000, 0x0000000682000000| Untracked 
| 521|0x0000000682400000, 0x0000000682400000, 0x0000000682800000|  0%| F|  |TAMS 0x0000000682400000, 0x0000000682400000| Untracked 
| 522|0x0000000682800000, 0x0000000682800000, 0x0000000682c00000|  0%| F|  |TAMS 0x0000000682800000, 0x0000000682800000| Untracked 
| 523|0x0000000682c00000, 0x0000000682c00000, 0x0000000683000000|  0%| F|  |TAMS 0x0000000682c00000, 0x0000000682c00000| Untracked 
| 524|0x0000000683000000, 0x0000000683000000, 0x0000000683400000|  0%| F|  |TAMS 0x0000000683000000, 0x0000000683000000| Untracked 
| 525|0x0000000683400000, 0x0000000683400000, 0x0000000683800000|  0%| F|  |TAMS 0x0000000683400000, 0x0000000683400000| Untracked 
| 526|0x0000000683800000, 0x0000000683800000, 0x0000000683c00000|  0%| F|  |TAMS 0x0000000683800000, 0x0000000683800000| Untracked 
| 527|0x0000000683c00000, 0x0000000683c00000, 0x0000000684000000|  0%| F|  |TAMS 0x0000000683c00000, 0x0000000683c00000| Untracked 
| 528|0x0000000684000000, 0x0000000684000000, 0x0000000684400000|  0%| F|  |TAMS 0x0000000684000000, 0x0000000684000000| Untracked 
| 529|0x0000000684400000, 0x0000000684400000, 0x0000000684800000|  0%| F|  |TAMS 0x0000000684400000, 0x0000000684400000| Untracked 
| 530|0x0000000684800000, 0x0000000684800000, 0x0000000684c00000|  0%| F|  |TAMS 0x0000000684800000, 0x0000000684800000| Untracked 
| 531|0x0000000684c00000, 0x0000000684c00000, 0x0000000685000000|  0%| F|  |TAMS 0x0000000684c00000, 0x0000000684c00000| Untracked 
| 532|0x0000000685000000, 0x0000000685000000, 0x0000000685400000|  0%| F|  |TAMS 0x0000000685000000, 0x0000000685000000| Untracked 
| 533|0x0000000685400000, 0x0000000685400000, 0x0000000685800000|  0%| F|  |TAMS 0x0000000685400000, 0x0000000685400000| Untracked 
| 534|0x0000000685800000, 0x0000000685800000, 0x0000000685c00000|  0%| F|  |TAMS 0x0000000685800000, 0x0000000685800000| Untracked 
| 535|0x0000000685c00000, 0x0000000685c00000, 0x0000000686000000|  0%| F|  |TAMS 0x0000000685c00000, 0x0000000685c00000| Untracked 
| 536|0x0000000686000000, 0x0000000686000000, 0x0000000686400000|  0%| F|  |TAMS 0x0000000686000000, 0x0000000686000000| Untracked 
| 537|0x0000000686400000, 0x0000000686400000, 0x0000000686800000|  0%| F|  |TAMS 0x0000000686400000, 0x0000000686400000| Untracked 
| 538|0x0000000686800000, 0x0000000686800000, 0x0000000686c00000|  0%| F|  |TAMS 0x0000000686800000, 0x0000000686800000| Untracked 
| 539|0x0000000686c00000, 0x0000000686c00000, 0x0000000687000000|  0%| F|  |TAMS 0x0000000686c00000, 0x0000000686c00000| Untracked 
| 540|0x0000000687000000, 0x0000000687000000, 0x0000000687400000|  0%| F|  |TAMS 0x0000000687000000, 0x0000000687000000| Untracked 
| 541|0x0000000687400000, 0x0000000687400000, 0x0000000687800000|  0%| F|  |TAMS 0x0000000687400000, 0x0000000687400000| Untracked 
| 542|0x0000000687800000, 0x0000000687800000, 0x0000000687c00000|  0%| F|  |TAMS 0x0000000687800000, 0x0000000687800000| Untracked 
| 543|0x0000000687c00000, 0x0000000687c00000, 0x0000000688000000|  0%| F|  |TAMS 0x0000000687c00000, 0x0000000687c00000| Untracked 
| 544|0x0000000688000000, 0x0000000688000000, 0x0000000688400000|  0%| F|  |TAMS 0x0000000688000000, 0x0000000688000000| Untracked 
| 545|0x0000000688400000, 0x0000000688400000, 0x0000000688800000|  0%| F|  |TAMS 0x0000000688400000, 0x0000000688400000| Untracked 
| 546|0x0000000688800000, 0x0000000688800000, 0x0000000688c00000|  0%| F|  |TAMS 0x0000000688800000, 0x0000000688800000| Untracked 
| 547|0x0000000688c00000, 0x0000000688c00000, 0x0000000689000000|  0%| F|  |TAMS 0x0000000688c00000, 0x0000000688c00000| Untracked 
| 548|0x0000000689000000, 0x0000000689000000, 0x0000000689400000|  0%| F|  |TAMS 0x0000000689000000, 0x0000000689000000| Untracked 
| 549|0x0000000689400000, 0x0000000689400000, 0x0000000689800000|  0%| F|  |TAMS 0x0000000689400000, 0x0000000689400000| Untracked 
| 550|0x0000000689800000, 0x0000000689800000, 0x0000000689c00000|  0%| F|  |TAMS 0x0000000689800000, 0x0000000689800000| Untracked 
| 551|0x0000000689c00000, 0x0000000689c00000, 0x000000068a000000|  0%| F|  |TAMS 0x0000000689c00000, 0x0000000689c00000| Untracked 
| 552|0x000000068a000000, 0x000000068a000000, 0x000000068a400000|  0%| F|  |TAMS 0x000000068a000000, 0x000000068a000000| Untracked 
| 553|0x000000068a400000, 0x000000068a400000, 0x000000068a800000|  0%| F|  |TAMS 0x000000068a400000, 0x000000068a400000| Untracked 
| 554|0x000000068a800000, 0x000000068a800000, 0x000000068ac00000|  0%| F|  |TAMS 0x000000068a800000, 0x000000068a800000| Untracked 
| 555|0x000000068ac00000, 0x000000068ac00000, 0x000000068b000000|  0%| F|  |TAMS 0x000000068ac00000, 0x000000068ac00000| Untracked 
| 556|0x000000068b000000, 0x000000068b000000, 0x000000068b400000|  0%| F|  |TAMS 0x000000068b000000, 0x000000068b000000| Untracked 
| 557|0x000000068b400000, 0x000000068b400000, 0x000000068b800000|  0%| F|  |TAMS 0x000000068b400000, 0x000000068b400000| Untracked 
| 558|0x000000068b800000, 0x000000068b800000, 0x000000068bc00000|  0%| F|  |TAMS 0x000000068b800000, 0x000000068b800000| Untracked 
| 559|0x000000068bc00000, 0x000000068bc00000, 0x000000068c000000|  0%| F|  |TAMS 0x000000068bc00000, 0x000000068bc00000| Untracked 
| 560|0x000000068c000000, 0x000000068c000000, 0x000000068c400000|  0%| F|  |TAMS 0x000000068c000000, 0x000000068c000000| Untracked 
| 561|0x000000068c400000, 0x000000068c400000, 0x000000068c800000|  0%| F|  |TAMS 0x000000068c400000, 0x000000068c400000| Untracked 
| 562|0x000000068c800000, 0x000000068c800000, 0x000000068cc00000|  0%| F|  |TAMS 0x000000068c800000, 0x000000068c800000| Untracked 
| 563|0x000000068cc00000, 0x000000068cc00000, 0x000000068d000000|  0%| F|  |TAMS 0x000000068cc00000, 0x000000068cc00000| Untracked 
| 564|0x000000068d000000, 0x000000068d000000, 0x000000068d400000|  0%| F|  |TAMS 0x000000068d000000, 0x000000068d000000| Untracked 
| 565|0x000000068d400000, 0x000000068d400000, 0x000000068d800000|  0%| F|  |TAMS 0x000000068d400000, 0x000000068d400000| Untracked 
| 566|0x000000068d800000, 0x000000068d800000, 0x000000068dc00000|  0%| F|  |TAMS 0x000000068d800000, 0x000000068d800000| Untracked 
| 567|0x000000068dc00000, 0x000000068dc00000, 0x000000068e000000|  0%| F|  |TAMS 0x000000068dc00000, 0x000000068dc00000| Untracked 
| 568|0x000000068e000000, 0x000000068e000000, 0x000000068e400000|  0%| F|  |TAMS 0x000000068e000000, 0x000000068e000000| Untracked 
| 569|0x000000068e400000, 0x000000068e400000, 0x000000068e800000|  0%| F|  |TAMS 0x000000068e400000, 0x000000068e400000| Untracked 
| 570|0x000000068e800000, 0x000000068e800000, 0x000000068ec00000|  0%| F|  |TAMS 0x000000068e800000, 0x000000068e800000| Untracked 
| 571|0x000000068ec00000, 0x000000068ec00000, 0x000000068f000000|  0%| F|  |TAMS 0x000000068ec00000, 0x000000068ec00000| Untracked 
| 572|0x000000068f000000, 0x000000068f000000, 0x000000068f400000|  0%| F|  |TAMS 0x000000068f000000, 0x000000068f000000| Untracked 
| 573|0x000000068f400000, 0x000000068f400000, 0x000000068f800000|  0%| F|  |TAMS 0x000000068f400000, 0x000000068f400000| Untracked 
| 574|0x000000068f800000, 0x000000068f800000, 0x000000068fc00000|  0%| F|  |TAMS 0x000000068f800000, 0x000000068f800000| Untracked 
| 575|0x000000068fc00000, 0x000000068fc00000, 0x0000000690000000|  0%| F|  |TAMS 0x000000068fc00000, 0x000000068fc00000| Untracked 
| 576|0x0000000690000000, 0x0000000690000000, 0x0000000690400000|  0%| F|  |TAMS 0x0000000690000000, 0x0000000690000000| Untracked 
| 577|0x0000000690400000, 0x0000000690400000, 0x0000000690800000|  0%| F|  |TAMS 0x0000000690400000, 0x0000000690400000| Untracked 
| 578|0x0000000690800000, 0x0000000690800000, 0x0000000690c00000|  0%| F|  |TAMS 0x0000000690800000, 0x0000000690800000| Untracked 
| 579|0x0000000690c00000, 0x0000000690c00000, 0x0000000691000000|  0%| F|  |TAMS 0x0000000690c00000, 0x0000000690c00000| Untracked 
| 580|0x0000000691000000, 0x0000000691000000, 0x0000000691400000|  0%| F|  |TAMS 0x0000000691000000, 0x0000000691000000| Untracked 
| 581|0x0000000691400000, 0x0000000691400000, 0x0000000691800000|  0%| F|  |TAMS 0x0000000691400000, 0x0000000691400000| Untracked 
| 582|0x0000000691800000, 0x0000000691800000, 0x0000000691c00000|  0%| F|  |TAMS 0x0000000691800000, 0x0000000691800000| Untracked 
| 583|0x0000000691c00000, 0x0000000691c00000, 0x0000000692000000|  0%| F|  |TAMS 0x0000000691c00000, 0x0000000691c00000| Untracked 
| 584|0x0000000692000000, 0x0000000692000000, 0x0000000692400000|  0%| F|  |TAMS 0x0000000692000000, 0x0000000692000000| Untracked 
| 585|0x0000000692400000, 0x0000000692400000, 0x0000000692800000|  0%| F|  |TAMS 0x0000000692400000, 0x0000000692400000| Untracked 
| 586|0x0000000692800000, 0x0000000692800000, 0x0000000692c00000|  0%| F|  |TAMS 0x0000000692800000, 0x0000000692800000| Untracked 
| 587|0x0000000692c00000, 0x0000000692c00000, 0x0000000693000000|  0%| F|  |TAMS 0x0000000692c00000, 0x0000000692c00000| Untracked 
| 588|0x0000000693000000, 0x0000000693000000, 0x0000000693400000|  0%| F|  |TAMS 0x0000000693000000, 0x0000000693000000| Untracked 
| 589|0x0000000693400000, 0x0000000693400000, 0x0000000693800000|  0%| F|  |TAMS 0x0000000693400000, 0x0000000693400000| Untracked 
| 590|0x0000000693800000, 0x0000000693800000, 0x0000000693c00000|  0%| F|  |TAMS 0x0000000693800000, 0x0000000693800000| Untracked 
| 591|0x0000000693c00000, 0x0000000693c00000, 0x0000000694000000|  0%| F|  |TAMS 0x0000000693c00000, 0x0000000693c00000| Untracked 
| 592|0x0000000694000000, 0x0000000694000000, 0x0000000694400000|  0%| F|  |TAMS 0x0000000694000000, 0x0000000694000000| Untracked 
| 593|0x0000000694400000, 0x0000000694400000, 0x0000000694800000|  0%| F|  |TAMS 0x0000000694400000, 0x0000000694400000| Untracked 
| 594|0x0000000694800000, 0x0000000694800000, 0x0000000694c00000|  0%| F|  |TAMS 0x0000000694800000, 0x0000000694800000| Untracked 
| 595|0x0000000694c00000, 0x0000000694c00000, 0x0000000695000000|  0%| F|  |TAMS 0x0000000694c00000, 0x0000000694c00000| Untracked 
| 596|0x0000000695000000, 0x0000000695000000, 0x0000000695400000|  0%| F|  |TAMS 0x0000000695000000, 0x0000000695000000| Untracked 
| 597|0x0000000695400000, 0x0000000695400000, 0x0000000695800000|  0%| F|  |TAMS 0x0000000695400000, 0x0000000695400000| Untracked 
| 598|0x0000000695800000, 0x0000000695800000, 0x0000000695c00000|  0%| F|  |TAMS 0x0000000695800000, 0x0000000695800000| Untracked 
| 599|0x0000000695c00000, 0x0000000695c00000, 0x0000000696000000|  0%| F|  |TAMS 0x0000000695c00000, 0x0000000695c00000| Untracked 
| 600|0x0000000696000000, 0x0000000696000000, 0x0000000696400000|  0%| F|  |TAMS 0x0000000696000000, 0x0000000696000000| Untracked 
| 601|0x0000000696400000, 0x0000000696400000, 0x0000000696800000|  0%| F|  |TAMS 0x0000000696400000, 0x0000000696400000| Untracked 
| 602|0x0000000696800000, 0x0000000696800000, 0x0000000696c00000|  0%| F|  |TAMS 0x0000000696800000, 0x0000000696800000| Untracked 
| 603|0x0000000696c00000, 0x0000000696c00000, 0x0000000697000000|  0%| F|  |TAMS 0x0000000696c00000, 0x0000000696c00000| Untracked 
| 604|0x0000000697000000, 0x0000000697000000, 0x0000000697400000|  0%| F|  |TAMS 0x0000000697000000, 0x0000000697000000| Untracked 
| 605|0x0000000697400000, 0x0000000697400000, 0x0000000697800000|  0%| F|  |TAMS 0x0000000697400000, 0x0000000697400000| Untracked 
| 606|0x0000000697800000, 0x0000000697800000, 0x0000000697c00000|  0%| F|  |TAMS 0x0000000697800000, 0x0000000697800000| Untracked 
| 607|0x0000000697c00000, 0x0000000697c00000, 0x0000000698000000|  0%| F|  |TAMS 0x0000000697c00000, 0x0000000697c00000| Untracked 
| 608|0x0000000698000000, 0x0000000698000000, 0x0000000698400000|  0%| F|  |TAMS 0x0000000698000000, 0x0000000698000000| Untracked 
| 609|0x0000000698400000, 0x0000000698400000, 0x0000000698800000|  0%| F|  |TAMS 0x0000000698400000, 0x0000000698400000| Untracked 
| 610|0x0000000698800000, 0x0000000698800000, 0x0000000698c00000|  0%| F|  |TAMS 0x0000000698800000, 0x0000000698800000| Untracked 
| 611|0x0000000698c00000, 0x0000000698c00000, 0x0000000699000000|  0%| F|  |TAMS 0x0000000698c00000, 0x0000000698c00000| Untracked 
| 612|0x0000000699000000, 0x0000000699000000, 0x0000000699400000|  0%| F|  |TAMS 0x0000000699000000, 0x0000000699000000| Untracked 
| 613|0x0000000699400000, 0x0000000699400000, 0x0000000699800000|  0%| F|  |TAMS 0x0000000699400000, 0x0000000699400000| Untracked 
| 614|0x0000000699800000, 0x0000000699800000, 0x0000000699c00000|  0%| F|  |TAMS 0x0000000699800000, 0x0000000699800000| Untracked 
| 615|0x0000000699c00000, 0x0000000699c00000, 0x000000069a000000|  0%| F|  |TAMS 0x0000000699c00000, 0x0000000699c00000| Untracked 
| 616|0x000000069a000000, 0x000000069a000000, 0x000000069a400000|  0%| F|  |TAMS 0x000000069a000000, 0x000000069a000000| Untracked 
| 617|0x000000069a400000, 0x000000069a400000, 0x000000069a800000|  0%| F|  |TAMS 0x000000069a400000, 0x000000069a400000| Untracked 
| 618|0x000000069a800000, 0x000000069a800000, 0x000000069ac00000|  0%| F|  |TAMS 0x000000069a800000, 0x000000069a800000| Untracked 
| 619|0x000000069ac00000, 0x000000069ac00000, 0x000000069b000000|  0%| F|  |TAMS 0x000000069ac00000, 0x000000069ac00000| Untracked 
| 620|0x000000069b000000, 0x000000069b000000, 0x000000069b400000|  0%| F|  |TAMS 0x000000069b000000, 0x000000069b000000| Untracked 
| 621|0x000000069b400000, 0x000000069b400000, 0x000000069b800000|  0%| F|  |TAMS 0x000000069b400000, 0x000000069b400000| Untracked 
| 622|0x000000069b800000, 0x000000069b800000, 0x000000069bc00000|  0%| F|  |TAMS 0x000000069b800000, 0x000000069b800000| Untracked 
| 623|0x000000069bc00000, 0x000000069bc00000, 0x000000069c000000|  0%| F|  |TAMS 0x000000069bc00000, 0x000000069bc00000| Untracked 
| 624|0x000000069c000000, 0x000000069c000000, 0x000000069c400000|  0%| F|  |TAMS 0x000000069c000000, 0x000000069c000000| Untracked 
| 625|0x000000069c400000, 0x000000069c400000, 0x000000069c800000|  0%| F|  |TAMS 0x000000069c400000, 0x000000069c400000| Untracked 
| 626|0x000000069c800000, 0x000000069c800000, 0x000000069cc00000|  0%| F|  |TAMS 0x000000069c800000, 0x000000069c800000| Untracked 
| 627|0x000000069cc00000, 0x000000069cc00000, 0x000000069d000000|  0%| F|  |TAMS 0x000000069cc00000, 0x000000069cc00000| Untracked 
| 628|0x000000069d000000, 0x000000069d000000, 0x000000069d400000|  0%| F|  |TAMS 0x000000069d000000, 0x000000069d000000| Untracked 
| 629|0x000000069d400000, 0x000000069d400000, 0x000000069d800000|  0%| F|  |TAMS 0x000000069d400000, 0x000000069d400000| Untracked 
| 630|0x000000069d800000, 0x000000069d800000, 0x000000069dc00000|  0%| F|  |TAMS 0x000000069d800000, 0x000000069d800000| Untracked 
| 631|0x000000069dc00000, 0x000000069dc00000, 0x000000069e000000|  0%| F|  |TAMS 0x000000069dc00000, 0x000000069dc00000| Untracked 
| 632|0x000000069e000000, 0x000000069e000000, 0x000000069e400000|  0%| F|  |TAMS 0x000000069e000000, 0x000000069e000000| Untracked 
| 633|0x000000069e400000, 0x000000069e400000, 0x000000069e800000|  0%| F|  |TAMS 0x000000069e400000, 0x000000069e400000| Untracked 
| 634|0x000000069e800000, 0x000000069e800000, 0x000000069ec00000|  0%| F|  |TAMS 0x000000069e800000, 0x000000069e800000| Untracked 
| 635|0x000000069ec00000, 0x000000069ec00000, 0x000000069f000000|  0%| F|  |TAMS 0x000000069ec00000, 0x000000069ec00000| Untracked 
| 636|0x000000069f000000, 0x000000069f000000, 0x000000069f400000|  0%| F|  |TAMS 0x000000069f000000, 0x000000069f000000| Untracked 
| 637|0x000000069f400000, 0x000000069f400000, 0x000000069f800000|  0%| F|  |TAMS 0x000000069f400000, 0x000000069f400000| Untracked 
| 638|0x000000069f800000, 0x000000069f800000, 0x000000069fc00000|  0%| F|  |TAMS 0x000000069f800000, 0x000000069f800000| Untracked 
| 639|0x000000069fc00000, 0x000000069fc00000, 0x00000006a0000000|  0%| F|  |TAMS 0x000000069fc00000, 0x000000069fc00000| Untracked 
| 640|0x00000006a0000000, 0x00000006a0000000, 0x00000006a0400000|  0%| F|  |TAMS 0x00000006a0000000, 0x00000006a0000000| Untracked 
| 641|0x00000006a0400000, 0x00000006a0400000, 0x00000006a0800000|  0%| F|  |TAMS 0x00000006a0400000, 0x00000006a0400000| Untracked 
| 642|0x00000006a0800000, 0x00000006a0800000, 0x00000006a0c00000|  0%| F|  |TAMS 0x00000006a0800000, 0x00000006a0800000| Untracked 
| 643|0x00000006a0c00000, 0x00000006a0c00000, 0x00000006a1000000|  0%| F|  |TAMS 0x00000006a0c00000, 0x00000006a0c00000| Untracked 
| 644|0x00000006a1000000, 0x00000006a1000000, 0x00000006a1400000|  0%| F|  |TAMS 0x00000006a1000000, 0x00000006a1000000| Untracked 
| 645|0x00000006a1400000, 0x00000006a1400000, 0x00000006a1800000|  0%| F|  |TAMS 0x00000006a1400000, 0x00000006a1400000| Untracked 
| 646|0x00000006a1800000, 0x00000006a1800000, 0x00000006a1c00000|  0%| F|  |TAMS 0x00000006a1800000, 0x00000006a1800000| Untracked 
| 647|0x00000006a1c00000, 0x00000006a1c00000, 0x00000006a2000000|  0%| F|  |TAMS 0x00000006a1c00000, 0x00000006a1c00000| Untracked 
| 648|0x00000006a2000000, 0x00000006a2000000, 0x00000006a2400000|  0%| F|  |TAMS 0x00000006a2000000, 0x00000006a2000000| Untracked 
| 649|0x00000006a2400000, 0x00000006a2400000, 0x00000006a2800000|  0%| F|  |TAMS 0x00000006a2400000, 0x00000006a2400000| Untracked 
| 650|0x00000006a2800000, 0x00000006a2800000, 0x00000006a2c00000|  0%| F|  |TAMS 0x00000006a2800000, 0x00000006a2800000| Untracked 
| 651|0x00000006a2c00000, 0x00000006a2c00000, 0x00000006a3000000|  0%| F|  |TAMS 0x00000006a2c00000, 0x00000006a2c00000| Untracked 
| 652|0x00000006a3000000, 0x00000006a3000000, 0x00000006a3400000|  0%| F|  |TAMS 0x00000006a3000000, 0x00000006a3000000| Untracked 
| 653|0x00000006a3400000, 0x00000006a3400000, 0x00000006a3800000|  0%| F|  |TAMS 0x00000006a3400000, 0x00000006a3400000| Untracked 
| 654|0x00000006a3800000, 0x00000006a3800000, 0x00000006a3c00000|  0%| F|  |TAMS 0x00000006a3800000, 0x00000006a3800000| Untracked 
| 655|0x00000006a3c00000, 0x00000006a3c00000, 0x00000006a4000000|  0%| F|  |TAMS 0x00000006a3c00000, 0x00000006a3c00000| Untracked 
| 656|0x00000006a4000000, 0x00000006a4000000, 0x00000006a4400000|  0%| F|  |TAMS 0x00000006a4000000, 0x00000006a4000000| Untracked 
| 657|0x00000006a4400000, 0x00000006a4400000, 0x00000006a4800000|  0%| F|  |TAMS 0x00000006a4400000, 0x00000006a4400000| Untracked 
| 658|0x00000006a4800000, 0x00000006a4800000, 0x00000006a4c00000|  0%| F|  |TAMS 0x00000006a4800000, 0x00000006a4800000| Untracked 
| 659|0x00000006a4c00000, 0x00000006a4c00000, 0x00000006a5000000|  0%| F|  |TAMS 0x00000006a4c00000, 0x00000006a4c00000| Untracked 
| 660|0x00000006a5000000, 0x00000006a5000000, 0x00000006a5400000|  0%| F|  |TAMS 0x00000006a5000000, 0x00000006a5000000| Untracked 
| 661|0x00000006a5400000, 0x00000006a5400000, 0x00000006a5800000|  0%| F|  |TAMS 0x00000006a5400000, 0x00000006a5400000| Untracked 
| 662|0x00000006a5800000, 0x00000006a5800000, 0x00000006a5c00000|  0%| F|  |TAMS 0x00000006a5800000, 0x00000006a5800000| Untracked 
| 663|0x00000006a5c00000, 0x00000006a5c00000, 0x00000006a6000000|  0%| F|  |TAMS 0x00000006a5c00000, 0x00000006a5c00000| Untracked 
| 664|0x00000006a6000000, 0x00000006a6000000, 0x00000006a6400000|  0%| F|  |TAMS 0x00000006a6000000, 0x00000006a6000000| Untracked 
| 665|0x00000006a6400000, 0x00000006a6400000, 0x00000006a6800000|  0%| F|  |TAMS 0x00000006a6400000, 0x00000006a6400000| Untracked 
| 666|0x00000006a6800000, 0x00000006a6800000, 0x00000006a6c00000|  0%| F|  |TAMS 0x00000006a6800000, 0x00000006a6800000| Untracked 
| 667|0x00000006a6c00000, 0x00000006a6c00000, 0x00000006a7000000|  0%| F|  |TAMS 0x00000006a6c00000, 0x00000006a6c00000| Untracked 
| 668|0x00000006a7000000, 0x00000006a7000000, 0x00000006a7400000|  0%| F|  |TAMS 0x00000006a7000000, 0x00000006a7000000| Untracked 
| 669|0x00000006a7400000, 0x00000006a7400000, 0x00000006a7800000|  0%| F|  |TAMS 0x00000006a7400000, 0x00000006a7400000| Untracked 
| 670|0x00000006a7800000, 0x00000006a7800000, 0x00000006a7c00000|  0%| F|  |TAMS 0x00000006a7800000, 0x00000006a7800000| Untracked 
| 671|0x00000006a7c00000, 0x00000006a7c00000, 0x00000006a8000000|  0%| F|  |TAMS 0x00000006a7c00000, 0x00000006a7c00000| Untracked 
| 672|0x00000006a8000000, 0x00000006a8000000, 0x00000006a8400000|  0%| F|  |TAMS 0x00000006a8000000, 0x00000006a8000000| Untracked 
| 673|0x00000006a8400000, 0x00000006a8400000, 0x00000006a8800000|  0%| F|  |TAMS 0x00000006a8400000, 0x00000006a8400000| Untracked 
| 674|0x00000006a8800000, 0x00000006a8800000, 0x00000006a8c00000|  0%| F|  |TAMS 0x00000006a8800000, 0x00000006a8800000| Untracked 
| 675|0x00000006a8c00000, 0x00000006a8c00000, 0x00000006a9000000|  0%| F|  |TAMS 0x00000006a8c00000, 0x00000006a8c00000| Untracked 
| 676|0x00000006a9000000, 0x00000006a9000000, 0x00000006a9400000|  0%| F|  |TAMS 0x00000006a9000000, 0x00000006a9000000| Untracked 
| 677|0x00000006a9400000, 0x00000006a9400000, 0x00000006a9800000|  0%| F|  |TAMS 0x00000006a9400000, 0x00000006a9400000| Untracked 
| 678|0x00000006a9800000, 0x00000006a9800000, 0x00000006a9c00000|  0%| F|  |TAMS 0x00000006a9800000, 0x00000006a9800000| Untracked 
| 679|0x00000006a9c00000, 0x00000006a9c00000, 0x00000006aa000000|  0%| F|  |TAMS 0x00000006a9c00000, 0x00000006a9c00000| Untracked 
| 680|0x00000006aa000000, 0x00000006aa000000, 0x00000006aa400000|  0%| F|  |TAMS 0x00000006aa000000, 0x00000006aa000000| Untracked 
| 681|0x00000006aa400000, 0x00000006aa400000, 0x00000006aa800000|  0%| F|  |TAMS 0x00000006aa400000, 0x00000006aa400000| Untracked 
| 682|0x00000006aa800000, 0x00000006aa800000, 0x00000006aac00000|  0%| F|  |TAMS 0x00000006aa800000, 0x00000006aa800000| Untracked 
| 683|0x00000006aac00000, 0x00000006aac00000, 0x00000006ab000000|  0%| F|  |TAMS 0x00000006aac00000, 0x00000006aac00000| Untracked 
| 684|0x00000006ab000000, 0x00000006ab000000, 0x00000006ab400000|  0%| F|  |TAMS 0x00000006ab000000, 0x00000006ab000000| Untracked 
| 685|0x00000006ab400000, 0x00000006ab400000, 0x00000006ab800000|  0%| F|  |TAMS 0x00000006ab400000, 0x00000006ab400000| Untracked 
| 686|0x00000006ab800000, 0x00000006ab800000, 0x00000006abc00000|  0%| F|  |TAMS 0x00000006ab800000, 0x00000006ab800000| Untracked 
| 687|0x00000006abc00000, 0x00000006abc00000, 0x00000006ac000000|  0%| F|  |TAMS 0x00000006abc00000, 0x00000006abc00000| Untracked 
| 688|0x00000006ac000000, 0x00000006ac000000, 0x00000006ac400000|  0%| F|  |TAMS 0x00000006ac000000, 0x00000006ac000000| Untracked 
| 689|0x00000006ac400000, 0x00000006ac400000, 0x00000006ac800000|  0%| F|  |TAMS 0x00000006ac400000, 0x00000006ac400000| Untracked 
| 690|0x00000006ac800000, 0x00000006ac800000, 0x00000006acc00000|  0%| F|  |TAMS 0x00000006ac800000, 0x00000006ac800000| Untracked 
| 691|0x00000006acc00000, 0x00000006acc00000, 0x00000006ad000000|  0%| F|  |TAMS 0x00000006acc00000, 0x00000006acc00000| Untracked 
| 692|0x00000006ad000000, 0x00000006ad000000, 0x00000006ad400000|  0%| F|  |TAMS 0x00000006ad000000, 0x00000006ad000000| Untracked 
| 693|0x00000006ad400000, 0x00000006ad400000, 0x00000006ad800000|  0%| F|  |TAMS 0x00000006ad400000, 0x00000006ad400000| Untracked 
| 694|0x00000006ad800000, 0x00000006ad800000, 0x00000006adc00000|  0%| F|  |TAMS 0x00000006ad800000, 0x00000006ad800000| Untracked 
| 695|0x00000006adc00000, 0x00000006adc00000, 0x00000006ae000000|  0%| F|  |TAMS 0x00000006adc00000, 0x00000006adc00000| Untracked 
| 696|0x00000006ae000000, 0x00000006ae000000, 0x00000006ae400000|  0%| F|  |TAMS 0x00000006ae000000, 0x00000006ae000000| Untracked 
| 697|0x00000006ae400000, 0x00000006ae400000, 0x00000006ae800000|  0%| F|  |TAMS 0x00000006ae400000, 0x00000006ae400000| Untracked 
| 698|0x00000006ae800000, 0x00000006ae800000, 0x00000006aec00000|  0%| F|  |TAMS 0x00000006ae800000, 0x00000006ae800000| Untracked 
| 699|0x00000006aec00000, 0x00000006aec00000, 0x00000006af000000|  0%| F|  |TAMS 0x00000006aec00000, 0x00000006aec00000| Untracked 
| 700|0x00000006af000000, 0x00000006af000000, 0x00000006af400000|  0%| F|  |TAMS 0x00000006af000000, 0x00000006af000000| Untracked 
| 701|0x00000006af400000, 0x00000006af400000, 0x00000006af800000|  0%| F|  |TAMS 0x00000006af400000, 0x00000006af400000| Untracked 
| 702|0x00000006af800000, 0x00000006af800000, 0x00000006afc00000|  0%| F|  |TAMS 0x00000006af800000, 0x00000006af800000| Untracked 
| 703|0x00000006afc00000, 0x00000006afc00000, 0x00000006b0000000|  0%| F|  |TAMS 0x00000006afc00000, 0x00000006afc00000| Untracked 
| 704|0x00000006b0000000, 0x00000006b0000000, 0x00000006b0400000|  0%| F|  |TAMS 0x00000006b0000000, 0x00000006b0000000| Untracked 
| 705|0x00000006b0400000, 0x00000006b0400000, 0x00000006b0800000|  0%| F|  |TAMS 0x00000006b0400000, 0x00000006b0400000| Untracked 
| 706|0x00000006b0800000, 0x00000006b0800000, 0x00000006b0c00000|  0%| F|  |TAMS 0x00000006b0800000, 0x00000006b0800000| Untracked 
| 707|0x00000006b0c00000, 0x00000006b0c00000, 0x00000006b1000000|  0%| F|  |TAMS 0x00000006b0c00000, 0x00000006b0c00000| Untracked 
| 708|0x00000006b1000000, 0x00000006b1000000, 0x00000006b1400000|  0%| F|  |TAMS 0x00000006b1000000, 0x00000006b1000000| Untracked 
| 709|0x00000006b1400000, 0x00000006b1400000, 0x00000006b1800000|  0%| F|  |TAMS 0x00000006b1400000, 0x00000006b1400000| Untracked 
| 710|0x00000006b1800000, 0x00000006b1800000, 0x00000006b1c00000|  0%| F|  |TAMS 0x00000006b1800000, 0x00000006b1800000| Untracked 
| 711|0x00000006b1c00000, 0x00000006b1c00000, 0x00000006b2000000|  0%| F|  |TAMS 0x00000006b1c00000, 0x00000006b1c00000| Untracked 
| 712|0x00000006b2000000, 0x00000006b2000000, 0x00000006b2400000|  0%| F|  |TAMS 0x00000006b2000000, 0x00000006b2000000| Untracked 
| 713|0x00000006b2400000, 0x00000006b2400000, 0x00000006b2800000|  0%| F|  |TAMS 0x00000006b2400000, 0x00000006b2400000| Untracked 
| 714|0x00000006b2800000, 0x00000006b2800000, 0x00000006b2c00000|  0%| F|  |TAMS 0x00000006b2800000, 0x00000006b2800000| Untracked 
| 715|0x00000006b2c00000, 0x00000006b2c00000, 0x00000006b3000000|  0%| F|  |TAMS 0x00000006b2c00000, 0x00000006b2c00000| Untracked 
| 716|0x00000006b3000000, 0x00000006b3000000, 0x00000006b3400000|  0%| F|  |TAMS 0x00000006b3000000, 0x00000006b3000000| Untracked 
| 717|0x00000006b3400000, 0x00000006b3400000, 0x00000006b3800000|  0%| F|  |TAMS 0x00000006b3400000, 0x00000006b3400000| Untracked 
| 718|0x00000006b3800000, 0x00000006b3800000, 0x00000006b3c00000|  0%| F|  |TAMS 0x00000006b3800000, 0x00000006b3800000| Untracked 
| 719|0x00000006b3c00000, 0x00000006b3c00000, 0x00000006b4000000|  0%| F|  |TAMS 0x00000006b3c00000, 0x00000006b3c00000| Untracked 
| 720|0x00000006b4000000, 0x00000006b4000000, 0x00000006b4400000|  0%| F|  |TAMS 0x00000006b4000000, 0x00000006b4000000| Untracked 
| 721|0x00000006b4400000, 0x00000006b4400000, 0x00000006b4800000|  0%| F|  |TAMS 0x00000006b4400000, 0x00000006b4400000| Untracked 
| 722|0x00000006b4800000, 0x00000006b4800000, 0x00000006b4c00000|  0%| F|  |TAMS 0x00000006b4800000, 0x00000006b4800000| Untracked 
| 723|0x00000006b4c00000, 0x00000006b4c00000, 0x00000006b5000000|  0%| F|  |TAMS 0x00000006b4c00000, 0x00000006b4c00000| Untracked 
| 724|0x00000006b5000000, 0x00000006b5000000, 0x00000006b5400000|  0%| F|  |TAMS 0x00000006b5000000, 0x00000006b5000000| Untracked 
| 725|0x00000006b5400000, 0x00000006b5400000, 0x00000006b5800000|  0%| F|  |TAMS 0x00000006b5400000, 0x00000006b5400000| Untracked 
| 726|0x00000006b5800000, 0x00000006b5800000, 0x00000006b5c00000|  0%| F|  |TAMS 0x00000006b5800000, 0x00000006b5800000| Untracked 
| 727|0x00000006b5c00000, 0x00000006b5c00000, 0x00000006b6000000|  0%| F|  |TAMS 0x00000006b5c00000, 0x00000006b5c00000| Untracked 
| 728|0x00000006b6000000, 0x00000006b6000000, 0x00000006b6400000|  0%| F|  |TAMS 0x00000006b6000000, 0x00000006b6000000| Untracked 
| 729|0x00000006b6400000, 0x00000006b6400000, 0x00000006b6800000|  0%| F|  |TAMS 0x00000006b6400000, 0x00000006b6400000| Untracked 
| 730|0x00000006b6800000, 0x00000006b6800000, 0x00000006b6c00000|  0%| F|  |TAMS 0x00000006b6800000, 0x00000006b6800000| Untracked 
| 731|0x00000006b6c00000, 0x00000006b6c00000, 0x00000006b7000000|  0%| F|  |TAMS 0x00000006b6c00000, 0x00000006b6c00000| Untracked 
| 732|0x00000006b7000000, 0x00000006b7000000, 0x00000006b7400000|  0%| F|  |TAMS 0x00000006b7000000, 0x00000006b7000000| Untracked 
| 733|0x00000006b7400000, 0x00000006b7400000, 0x00000006b7800000|  0%| F|  |TAMS 0x00000006b7400000, 0x00000006b7400000| Untracked 
| 734|0x00000006b7800000, 0x00000006b7800000, 0x00000006b7c00000|  0%| F|  |TAMS 0x00000006b7800000, 0x00000006b7800000| Untracked 
| 735|0x00000006b7c00000, 0x00000006b7c00000, 0x00000006b8000000|  0%| F|  |TAMS 0x00000006b7c00000, 0x00000006b7c00000| Untracked 
| 736|0x00000006b8000000, 0x00000006b8000000, 0x00000006b8400000|  0%| F|  |TAMS 0x00000006b8000000, 0x00000006b8000000| Untracked 
| 737|0x00000006b8400000, 0x00000006b8400000, 0x00000006b8800000|  0%| F|  |TAMS 0x00000006b8400000, 0x00000006b8400000| Untracked 
| 738|0x00000006b8800000, 0x00000006b8800000, 0x00000006b8c00000|  0%| F|  |TAMS 0x00000006b8800000, 0x00000006b8800000| Untracked 
| 739|0x00000006b8c00000, 0x00000006b8c00000, 0x00000006b9000000|  0%| F|  |TAMS 0x00000006b8c00000, 0x00000006b8c00000| Untracked 
| 740|0x00000006b9000000, 0x00000006b9000000, 0x00000006b9400000|  0%| F|  |TAMS 0x00000006b9000000, 0x00000006b9000000| Untracked 
| 741|0x00000006b9400000, 0x00000006b9400000, 0x00000006b9800000|  0%| F|  |TAMS 0x00000006b9400000, 0x00000006b9400000| Untracked 
| 742|0x00000006b9800000, 0x00000006b9800000, 0x00000006b9c00000|  0%| F|  |TAMS 0x00000006b9800000, 0x00000006b9800000| Untracked 
| 743|0x00000006b9c00000, 0x00000006b9c00000, 0x00000006ba000000|  0%| F|  |TAMS 0x00000006b9c00000, 0x00000006b9c00000| Untracked 
| 744|0x00000006ba000000, 0x00000006ba000000, 0x00000006ba400000|  0%| F|  |TAMS 0x00000006ba000000, 0x00000006ba000000| Untracked 
| 745|0x00000006ba400000, 0x00000006ba400000, 0x00000006ba800000|  0%| F|  |TAMS 0x00000006ba400000, 0x00000006ba400000| Untracked 
| 746|0x00000006ba800000, 0x00000006ba800000, 0x00000006bac00000|  0%| F|  |TAMS 0x00000006ba800000, 0x00000006ba800000| Untracked 
| 747|0x00000006bac00000, 0x00000006bac00000, 0x00000006bb000000|  0%| F|  |TAMS 0x00000006bac00000, 0x00000006bac00000| Untracked 
| 748|0x00000006bb000000, 0x00000006bb000000, 0x00000006bb400000|  0%| F|  |TAMS 0x00000006bb000000, 0x00000006bb000000| Untracked 
| 749|0x00000006bb400000, 0x00000006bb400000, 0x00000006bb800000|  0%| F|  |TAMS 0x00000006bb400000, 0x00000006bb400000| Untracked 
| 750|0x00000006bb800000, 0x00000006bb800000, 0x00000006bbc00000|  0%| F|  |TAMS 0x00000006bb800000, 0x00000006bb800000| Untracked 
| 751|0x00000006bbc00000, 0x00000006bbc00000, 0x00000006bc000000|  0%| F|  |TAMS 0x00000006bbc00000, 0x00000006bbc00000| Untracked 
| 752|0x00000006bc000000, 0x00000006bc000000, 0x00000006bc400000|  0%| F|  |TAMS 0x00000006bc000000, 0x00000006bc000000| Untracked 
| 753|0x00000006bc400000, 0x00000006bc400000, 0x00000006bc800000|  0%| F|  |TAMS 0x00000006bc400000, 0x00000006bc400000| Untracked 
| 754|0x00000006bc800000, 0x00000006bc800000, 0x00000006bcc00000|  0%| F|  |TAMS 0x00000006bc800000, 0x00000006bc800000| Untracked 
| 755|0x00000006bcc00000, 0x00000006bcc00000, 0x00000006bd000000|  0%| F|  |TAMS 0x00000006bcc00000, 0x00000006bcc00000| Untracked 
| 756|0x00000006bd000000, 0x00000006bd000000, 0x00000006bd400000|  0%| F|  |TAMS 0x00000006bd000000, 0x00000006bd000000| Untracked 
| 757|0x00000006bd400000, 0x00000006bd400000, 0x00000006bd800000|  0%| F|  |TAMS 0x00000006bd400000, 0x00000006bd400000| Untracked 
| 758|0x00000006bd800000, 0x00000006bd800000, 0x00000006bdc00000|  0%| F|  |TAMS 0x00000006bd800000, 0x00000006bd800000| Untracked 
| 759|0x00000006bdc00000, 0x00000006bdc00000, 0x00000006be000000|  0%| F|  |TAMS 0x00000006bdc00000, 0x00000006bdc00000| Untracked 
| 760|0x00000006be000000, 0x00000006be000000, 0x00000006be400000|  0%| F|  |TAMS 0x00000006be000000, 0x00000006be000000| Untracked 
| 761|0x00000006be400000, 0x00000006be400000, 0x00000006be800000|  0%| F|  |TAMS 0x00000006be400000, 0x00000006be400000| Untracked 
| 762|0x00000006be800000, 0x00000006be800000, 0x00000006bec00000|  0%| F|  |TAMS 0x00000006be800000, 0x00000006be800000| Untracked 
| 763|0x00000006bec00000, 0x00000006bec00000, 0x00000006bf000000|  0%| F|  |TAMS 0x00000006bec00000, 0x00000006bec00000| Untracked 
| 764|0x00000006bf000000, 0x00000006bf000000, 0x00000006bf400000|  0%| F|  |TAMS 0x00000006bf000000, 0x00000006bf000000| Untracked 
| 765|0x00000006bf400000, 0x00000006bf400000, 0x00000006bf800000|  0%| F|  |TAMS 0x00000006bf400000, 0x00000006bf400000| Untracked 
| 766|0x00000006bf800000, 0x00000006bf800000, 0x00000006bfc00000|  0%| F|  |TAMS 0x00000006bf800000, 0x00000006bf800000| Untracked 
| 767|0x00000006bfc00000, 0x00000006bfc00000, 0x00000006c0000000|  0%| F|  |TAMS 0x00000006bfc00000, 0x00000006bfc00000| Untracked 
| 768|0x00000006c0000000, 0x00000006c0000000, 0x00000006c0400000|  0%| F|  |TAMS 0x00000006c0000000, 0x00000006c0000000| Untracked 
| 769|0x00000006c0400000, 0x00000006c0400000, 0x00000006c0800000|  0%| F|  |TAMS 0x00000006c0400000, 0x00000006c0400000| Untracked 
| 770|0x00000006c0800000, 0x00000006c0800000, 0x00000006c0c00000|  0%| F|  |TAMS 0x00000006c0800000, 0x00000006c0800000| Untracked 
| 771|0x00000006c0c00000, 0x00000006c0c00000, 0x00000006c1000000|  0%| F|  |TAMS 0x00000006c0c00000, 0x00000006c0c00000| Untracked 
| 772|0x00000006c1000000, 0x00000006c1000000, 0x00000006c1400000|  0%| F|  |TAMS 0x00000006c1000000, 0x00000006c1000000| Untracked 
| 773|0x00000006c1400000, 0x00000006c1400000, 0x00000006c1800000|  0%| F|  |TAMS 0x00000006c1400000, 0x00000006c1400000| Untracked 
| 774|0x00000006c1800000, 0x00000006c1800000, 0x00000006c1c00000|  0%| F|  |TAMS 0x00000006c1800000, 0x00000006c1800000| Untracked 
| 775|0x00000006c1c00000, 0x00000006c1c00000, 0x00000006c2000000|  0%| F|  |TAMS 0x00000006c1c00000, 0x00000006c1c00000| Untracked 
| 776|0x00000006c2000000, 0x00000006c2000000, 0x00000006c2400000|  0%| F|  |TAMS 0x00000006c2000000, 0x00000006c2000000| Untracked 
| 777|0x00000006c2400000, 0x00000006c2400000, 0x00000006c2800000|  0%| F|  |TAMS 0x00000006c2400000, 0x00000006c2400000| Untracked 
| 778|0x00000006c2800000, 0x00000006c2800000, 0x00000006c2c00000|  0%| F|  |TAMS 0x00000006c2800000, 0x00000006c2800000| Untracked 
| 779|0x00000006c2c00000, 0x00000006c2c00000, 0x00000006c3000000|  0%| F|  |TAMS 0x00000006c2c00000, 0x00000006c2c00000| Untracked 
| 780|0x00000006c3000000, 0x00000006c3000000, 0x00000006c3400000|  0%| F|  |TAMS 0x00000006c3000000, 0x00000006c3000000| Untracked 
| 781|0x00000006c3400000, 0x00000006c3400000, 0x00000006c3800000|  0%| F|  |TAMS 0x00000006c3400000, 0x00000006c3400000| Untracked 
| 782|0x00000006c3800000, 0x00000006c3800000, 0x00000006c3c00000|  0%| F|  |TAMS 0x00000006c3800000, 0x00000006c3800000| Untracked 
| 783|0x00000006c3c00000, 0x00000006c3c00000, 0x00000006c4000000|  0%| F|  |TAMS 0x00000006c3c00000, 0x00000006c3c00000| Untracked 
| 784|0x00000006c4000000, 0x00000006c4000000, 0x00000006c4400000|  0%| F|  |TAMS 0x00000006c4000000, 0x00000006c4000000| Untracked 
| 785|0x00000006c4400000, 0x00000006c4400000, 0x00000006c4800000|  0%| F|  |TAMS 0x00000006c4400000, 0x00000006c4400000| Untracked 
| 786|0x00000006c4800000, 0x00000006c4800000, 0x00000006c4c00000|  0%| F|  |TAMS 0x00000006c4800000, 0x00000006c4800000| Untracked 
| 787|0x00000006c4c00000, 0x00000006c4c00000, 0x00000006c5000000|  0%| F|  |TAMS 0x00000006c4c00000, 0x00000006c4c00000| Untracked 
| 788|0x00000006c5000000, 0x00000006c5000000, 0x00000006c5400000|  0%| F|  |TAMS 0x00000006c5000000, 0x00000006c5000000| Untracked 
| 789|0x00000006c5400000, 0x00000006c5400000, 0x00000006c5800000|  0%| F|  |TAMS 0x00000006c5400000, 0x00000006c5400000| Untracked 
| 790|0x00000006c5800000, 0x00000006c5800000, 0x00000006c5c00000|  0%| F|  |TAMS 0x00000006c5800000, 0x00000006c5800000| Untracked 
| 791|0x00000006c5c00000, 0x00000006c5c00000, 0x00000006c6000000|  0%| F|  |TAMS 0x00000006c5c00000, 0x00000006c5c00000| Untracked 
| 792|0x00000006c6000000, 0x00000006c6000000, 0x00000006c6400000|  0%| F|  |TAMS 0x00000006c6000000, 0x00000006c6000000| Untracked 
| 793|0x00000006c6400000, 0x00000006c6400000, 0x00000006c6800000|  0%| F|  |TAMS 0x00000006c6400000, 0x00000006c6400000| Untracked 
| 794|0x00000006c6800000, 0x00000006c6800000, 0x00000006c6c00000|  0%| F|  |TAMS 0x00000006c6800000, 0x00000006c6800000| Untracked 
| 795|0x00000006c6c00000, 0x00000006c6c00000, 0x00000006c7000000|  0%| F|  |TAMS 0x00000006c6c00000, 0x00000006c6c00000| Untracked 
| 796|0x00000006c7000000, 0x00000006c7000000, 0x00000006c7400000|  0%| F|  |TAMS 0x00000006c7000000, 0x00000006c7000000| Untracked 
| 797|0x00000006c7400000, 0x00000006c7400000, 0x00000006c7800000|  0%| F|  |TAMS 0x00000006c7400000, 0x00000006c7400000| Untracked 
| 798|0x00000006c7800000, 0x00000006c7800000, 0x00000006c7c00000|  0%| F|  |TAMS 0x00000006c7800000, 0x00000006c7800000| Untracked 
| 799|0x00000006c7c00000, 0x00000006c7c00000, 0x00000006c8000000|  0%| F|  |TAMS 0x00000006c7c00000, 0x00000006c7c00000| Untracked 
| 800|0x00000006c8000000, 0x00000006c8000000, 0x00000006c8400000|  0%| F|  |TAMS 0x00000006c8000000, 0x00000006c8000000| Untracked 
| 801|0x00000006c8400000, 0x00000006c8400000, 0x00000006c8800000|  0%| F|  |TAMS 0x00000006c8400000, 0x00000006c8400000| Untracked 
| 802|0x00000006c8800000, 0x00000006c8800000, 0x00000006c8c00000|  0%| F|  |TAMS 0x00000006c8800000, 0x00000006c8800000| Untracked 
| 803|0x00000006c8c00000, 0x00000006c8c00000, 0x00000006c9000000|  0%| F|  |TAMS 0x00000006c8c00000, 0x00000006c8c00000| Untracked 
| 804|0x00000006c9000000, 0x00000006c9000000, 0x00000006c9400000|  0%| F|  |TAMS 0x00000006c9000000, 0x00000006c9000000| Untracked 
| 805|0x00000006c9400000, 0x00000006c9400000, 0x00000006c9800000|  0%| F|  |TAMS 0x00000006c9400000, 0x00000006c9400000| Untracked 
| 806|0x00000006c9800000, 0x00000006c9800000, 0x00000006c9c00000|  0%| F|  |TAMS 0x00000006c9800000, 0x00000006c9800000| Untracked 
| 807|0x00000006c9c00000, 0x00000006c9c00000, 0x00000006ca000000|  0%| F|  |TAMS 0x00000006c9c00000, 0x00000006c9c00000| Untracked 
| 808|0x00000006ca000000, 0x00000006ca000000, 0x00000006ca400000|  0%| F|  |TAMS 0x00000006ca000000, 0x00000006ca000000| Untracked 
| 809|0x00000006ca400000, 0x00000006ca400000, 0x00000006ca800000|  0%| F|  |TAMS 0x00000006ca400000, 0x00000006ca400000| Untracked 
| 810|0x00000006ca800000, 0x00000006ca800000, 0x00000006cac00000|  0%| F|  |TAMS 0x00000006ca800000, 0x00000006ca800000| Untracked 
| 811|0x00000006cac00000, 0x00000006cac00000, 0x00000006cb000000|  0%| F|  |TAMS 0x00000006cac00000, 0x00000006cac00000| Untracked 
| 812|0x00000006cb000000, 0x00000006cb000000, 0x00000006cb400000|  0%| F|  |TAMS 0x00000006cb000000, 0x00000006cb000000| Untracked 
| 813|0x00000006cb400000, 0x00000006cb400000, 0x00000006cb800000|  0%| F|  |TAMS 0x00000006cb400000, 0x00000006cb400000| Untracked 
| 814|0x00000006cb800000, 0x00000006cb800000, 0x00000006cbc00000|  0%| F|  |TAMS 0x00000006cb800000, 0x00000006cb800000| Untracked 
| 815|0x00000006cbc00000, 0x00000006cbc00000, 0x00000006cc000000|  0%| F|  |TAMS 0x00000006cbc00000, 0x00000006cbc00000| Untracked 
| 816|0x00000006cc000000, 0x00000006cc000000, 0x00000006cc400000|  0%| F|  |TAMS 0x00000006cc000000, 0x00000006cc000000| Untracked 
| 817|0x00000006cc400000, 0x00000006cc400000, 0x00000006cc800000|  0%| F|  |TAMS 0x00000006cc400000, 0x00000006cc400000| Untracked 
| 818|0x00000006cc800000, 0x00000006cc800000, 0x00000006ccc00000|  0%| F|  |TAMS 0x00000006cc800000, 0x00000006cc800000| Untracked 
| 819|0x00000006ccc00000, 0x00000006ccc00000, 0x00000006cd000000|  0%| F|  |TAMS 0x00000006ccc00000, 0x00000006ccc00000| Untracked 
| 820|0x00000006cd000000, 0x00000006cd000000, 0x00000006cd400000|  0%| F|  |TAMS 0x00000006cd000000, 0x00000006cd000000| Untracked 
| 821|0x00000006cd400000, 0x00000006cd400000, 0x00000006cd800000|  0%| F|  |TAMS 0x00000006cd400000, 0x00000006cd400000| Untracked 
| 822|0x00000006cd800000, 0x00000006cd800000, 0x00000006cdc00000|  0%| F|  |TAMS 0x00000006cd800000, 0x00000006cd800000| Untracked 
| 823|0x00000006cdc00000, 0x00000006cdc00000, 0x00000006ce000000|  0%| F|  |TAMS 0x00000006cdc00000, 0x00000006cdc00000| Untracked 
| 824|0x00000006ce000000, 0x00000006ce000000, 0x00000006ce400000|  0%| F|  |TAMS 0x00000006ce000000, 0x00000006ce000000| Untracked 
| 825|0x00000006ce400000, 0x00000006ce400000, 0x00000006ce800000|  0%| F|  |TAMS 0x00000006ce400000, 0x00000006ce400000| Untracked 
| 826|0x00000006ce800000, 0x00000006ce800000, 0x00000006cec00000|  0%| F|  |TAMS 0x00000006ce800000, 0x00000006ce800000| Untracked 
| 827|0x00000006cec00000, 0x00000006cec00000, 0x00000006cf000000|  0%| F|  |TAMS 0x00000006cec00000, 0x00000006cec00000| Untracked 
| 828|0x00000006cf000000, 0x00000006cf000000, 0x00000006cf400000|  0%| F|  |TAMS 0x00000006cf000000, 0x00000006cf000000| Untracked 
| 829|0x00000006cf400000, 0x00000006cf400000, 0x00000006cf800000|  0%| F|  |TAMS 0x00000006cf400000, 0x00000006cf400000| Untracked 
| 830|0x00000006cf800000, 0x00000006cf800000, 0x00000006cfc00000|  0%| F|  |TAMS 0x00000006cf800000, 0x00000006cf800000| Untracked 
| 831|0x00000006cfc00000, 0x00000006cfc00000, 0x00000006d0000000|  0%| F|  |TAMS 0x00000006cfc00000, 0x00000006cfc00000| Untracked 
| 832|0x00000006d0000000, 0x00000006d0000000, 0x00000006d0400000|  0%| F|  |TAMS 0x00000006d0000000, 0x00000006d0000000| Untracked 
| 833|0x00000006d0400000, 0x00000006d0400000, 0x00000006d0800000|  0%| F|  |TAMS 0x00000006d0400000, 0x00000006d0400000| Untracked 
| 834|0x00000006d0800000, 0x00000006d0800000, 0x00000006d0c00000|  0%| F|  |TAMS 0x00000006d0800000, 0x00000006d0800000| Untracked 
| 835|0x00000006d0c00000, 0x00000006d0c00000, 0x00000006d1000000|  0%| F|  |TAMS 0x00000006d0c00000, 0x00000006d0c00000| Untracked 
| 836|0x00000006d1000000, 0x00000006d1000000, 0x00000006d1400000|  0%| F|  |TAMS 0x00000006d1000000, 0x00000006d1000000| Untracked 
| 837|0x00000006d1400000, 0x00000006d1400000, 0x00000006d1800000|  0%| F|  |TAMS 0x00000006d1400000, 0x00000006d1400000| Untracked 
| 838|0x00000006d1800000, 0x00000006d1800000, 0x00000006d1c00000|  0%| F|  |TAMS 0x00000006d1800000, 0x00000006d1800000| Untracked 
| 839|0x00000006d1c00000, 0x00000006d1c00000, 0x00000006d2000000|  0%| F|  |TAMS 0x00000006d1c00000, 0x00000006d1c00000| Untracked 
| 840|0x00000006d2000000, 0x00000006d2000000, 0x00000006d2400000|  0%| F|  |TAMS 0x00000006d2000000, 0x00000006d2000000| Untracked 
| 841|0x00000006d2400000, 0x00000006d2400000, 0x00000006d2800000|  0%| F|  |TAMS 0x00000006d2400000, 0x00000006d2400000| Untracked 
| 842|0x00000006d2800000, 0x00000006d2800000, 0x00000006d2c00000|  0%| F|  |TAMS 0x00000006d2800000, 0x00000006d2800000| Untracked 
| 843|0x00000006d2c00000, 0x00000006d2c00000, 0x00000006d3000000|  0%| F|  |TAMS 0x00000006d2c00000, 0x00000006d2c00000| Untracked 
| 844|0x00000006d3000000, 0x00000006d3000000, 0x00000006d3400000|  0%| F|  |TAMS 0x00000006d3000000, 0x00000006d3000000| Untracked 
| 845|0x00000006d3400000, 0x00000006d3400000, 0x00000006d3800000|  0%| F|  |TAMS 0x00000006d3400000, 0x00000006d3400000| Untracked 
| 846|0x00000006d3800000, 0x00000006d3800000, 0x00000006d3c00000|  0%| F|  |TAMS 0x00000006d3800000, 0x00000006d3800000| Untracked 
| 847|0x00000006d3c00000, 0x00000006d3c00000, 0x00000006d4000000|  0%| F|  |TAMS 0x00000006d3c00000, 0x00000006d3c00000| Untracked 
| 848|0x00000006d4000000, 0x00000006d4000000, 0x00000006d4400000|  0%| F|  |TAMS 0x00000006d4000000, 0x00000006d4000000| Untracked 
| 849|0x00000006d4400000, 0x00000006d4400000, 0x00000006d4800000|  0%| F|  |TAMS 0x00000006d4400000, 0x00000006d4400000| Untracked 
| 850|0x00000006d4800000, 0x00000006d4800000, 0x00000006d4c00000|  0%| F|  |TAMS 0x00000006d4800000, 0x00000006d4800000| Untracked 
| 851|0x00000006d4c00000, 0x00000006d4c00000, 0x00000006d5000000|  0%| F|  |TAMS 0x00000006d4c00000, 0x00000006d4c00000| Untracked 
| 852|0x00000006d5000000, 0x00000006d5000000, 0x00000006d5400000|  0%| F|  |TAMS 0x00000006d5000000, 0x00000006d5000000| Untracked 
| 853|0x00000006d5400000, 0x00000006d5400000, 0x00000006d5800000|  0%| F|  |TAMS 0x00000006d5400000, 0x00000006d5400000| Untracked 
| 854|0x00000006d5800000, 0x00000006d5800000, 0x00000006d5c00000|  0%| F|  |TAMS 0x00000006d5800000, 0x00000006d5800000| Untracked 
| 855|0x00000006d5c00000, 0x00000006d5c00000, 0x00000006d6000000|  0%| F|  |TAMS 0x00000006d5c00000, 0x00000006d5c00000| Untracked 
| 856|0x00000006d6000000, 0x00000006d6000000, 0x00000006d6400000|  0%| F|  |TAMS 0x00000006d6000000, 0x00000006d6000000| Untracked 
| 857|0x00000006d6400000, 0x00000006d6400000, 0x00000006d6800000|  0%| F|  |TAMS 0x00000006d6400000, 0x00000006d6400000| Untracked 
| 858|0x00000006d6800000, 0x00000006d6800000, 0x00000006d6c00000|  0%| F|  |TAMS 0x00000006d6800000, 0x00000006d6800000| Untracked 
| 859|0x00000006d6c00000, 0x00000006d6c00000, 0x00000006d7000000|  0%| F|  |TAMS 0x00000006d6c00000, 0x00000006d6c00000| Untracked 
| 860|0x00000006d7000000, 0x00000006d7000000, 0x00000006d7400000|  0%| F|  |TAMS 0x00000006d7000000, 0x00000006d7000000| Untracked 
| 861|0x00000006d7400000, 0x00000006d7400000, 0x00000006d7800000|  0%| F|  |TAMS 0x00000006d7400000, 0x00000006d7400000| Untracked 
| 862|0x00000006d7800000, 0x00000006d7800000, 0x00000006d7c00000|  0%| F|  |TAMS 0x00000006d7800000, 0x00000006d7800000| Untracked 
| 863|0x00000006d7c00000, 0x00000006d7c00000, 0x00000006d8000000|  0%| F|  |TAMS 0x00000006d7c00000, 0x00000006d7c00000| Untracked 
| 864|0x00000006d8000000, 0x00000006d8000000, 0x00000006d8400000|  0%| F|  |TAMS 0x00000006d8000000, 0x00000006d8000000| Untracked 
| 865|0x00000006d8400000, 0x00000006d8400000, 0x00000006d8800000|  0%| F|  |TAMS 0x00000006d8400000, 0x00000006d8400000| Untracked 
| 866|0x00000006d8800000, 0x00000006d8800000, 0x00000006d8c00000|  0%| F|  |TAMS 0x00000006d8800000, 0x00000006d8800000| Untracked 
| 867|0x00000006d8c00000, 0x00000006d8c00000, 0x00000006d9000000|  0%| F|  |TAMS 0x00000006d8c00000, 0x00000006d8c00000| Untracked 
| 868|0x00000006d9000000, 0x00000006d9000000, 0x00000006d9400000|  0%| F|  |TAMS 0x00000006d9000000, 0x00000006d9000000| Untracked 
| 869|0x00000006d9400000, 0x00000006d9400000, 0x00000006d9800000|  0%| F|  |TAMS 0x00000006d9400000, 0x00000006d9400000| Untracked 
| 870|0x00000006d9800000, 0x00000006d9800000, 0x00000006d9c00000|  0%| F|  |TAMS 0x00000006d9800000, 0x00000006d9800000| Untracked 
| 871|0x00000006d9c00000, 0x00000006d9c00000, 0x00000006da000000|  0%| F|  |TAMS 0x00000006d9c00000, 0x00000006d9c00000| Untracked 
| 872|0x00000006da000000, 0x00000006da000000, 0x00000006da400000|  0%| F|  |TAMS 0x00000006da000000, 0x00000006da000000| Untracked 
| 873|0x00000006da400000, 0x00000006da400000, 0x00000006da800000|  0%| F|  |TAMS 0x00000006da400000, 0x00000006da400000| Untracked 
| 874|0x00000006da800000, 0x00000006da800000, 0x00000006dac00000|  0%| F|  |TAMS 0x00000006da800000, 0x00000006da800000| Untracked 
| 875|0x00000006dac00000, 0x00000006dac00000, 0x00000006db000000|  0%| F|  |TAMS 0x00000006dac00000, 0x00000006dac00000| Untracked 
| 876|0x00000006db000000, 0x00000006db000000, 0x00000006db400000|  0%| F|  |TAMS 0x00000006db000000, 0x00000006db000000| Untracked 
| 877|0x00000006db400000, 0x00000006db400000, 0x00000006db800000|  0%| F|  |TAMS 0x00000006db400000, 0x00000006db400000| Untracked 
| 878|0x00000006db800000, 0x00000006db800000, 0x00000006dbc00000|  0%| F|  |TAMS 0x00000006db800000, 0x00000006db800000| Untracked 
| 879|0x00000006dbc00000, 0x00000006dbc00000, 0x00000006dc000000|  0%| F|  |TAMS 0x00000006dbc00000, 0x00000006dbc00000| Untracked 
| 880|0x00000006dc000000, 0x00000006dc000000, 0x00000006dc400000|  0%| F|  |TAMS 0x00000006dc000000, 0x00000006dc000000| Untracked 
| 881|0x00000006dc400000, 0x00000006dc400000, 0x00000006dc800000|  0%| F|  |TAMS 0x00000006dc400000, 0x00000006dc400000| Untracked 
| 882|0x00000006dc800000, 0x00000006dc800000, 0x00000006dcc00000|  0%| F|  |TAMS 0x00000006dc800000, 0x00000006dc800000| Untracked 
| 883|0x00000006dcc00000, 0x00000006dcc00000, 0x00000006dd000000|  0%| F|  |TAMS 0x00000006dcc00000, 0x00000006dcc00000| Untracked 
| 884|0x00000006dd000000, 0x00000006dd000000, 0x00000006dd400000|  0%| F|  |TAMS 0x00000006dd000000, 0x00000006dd000000| Untracked 
| 885|0x00000006dd400000, 0x00000006dd400000, 0x00000006dd800000|  0%| F|  |TAMS 0x00000006dd400000, 0x00000006dd400000| Untracked 
| 886|0x00000006dd800000, 0x00000006dd800000, 0x00000006ddc00000|  0%| F|  |TAMS 0x00000006dd800000, 0x00000006dd800000| Untracked 
| 887|0x00000006ddc00000, 0x00000006ddc00000, 0x00000006de000000|  0%| F|  |TAMS 0x00000006ddc00000, 0x00000006ddc00000| Untracked 
| 888|0x00000006de000000, 0x00000006de000000, 0x00000006de400000|  0%| F|  |TAMS 0x00000006de000000, 0x00000006de000000| Untracked 
| 889|0x00000006de400000, 0x00000006de400000, 0x00000006de800000|  0%| F|  |TAMS 0x00000006de400000, 0x00000006de400000| Untracked 
| 890|0x00000006de800000, 0x00000006de800000, 0x00000006dec00000|  0%| F|  |TAMS 0x00000006de800000, 0x00000006de800000| Untracked 
| 891|0x00000006dec00000, 0x00000006dec00000, 0x00000006df000000|  0%| F|  |TAMS 0x00000006dec00000, 0x00000006dec00000| Untracked 
| 892|0x00000006df000000, 0x00000006df000000, 0x00000006df400000|  0%| F|  |TAMS 0x00000006df000000, 0x00000006df000000| Untracked 
| 893|0x00000006df400000, 0x00000006df400000, 0x00000006df800000|  0%| F|  |TAMS 0x00000006df400000, 0x00000006df400000| Untracked 
| 894|0x00000006df800000, 0x00000006df800000, 0x00000006dfc00000|  0%| F|  |TAMS 0x00000006df800000, 0x00000006df800000| Untracked 
| 895|0x00000006dfc00000, 0x00000006dfc00000, 0x00000006e0000000|  0%| F|  |TAMS 0x00000006dfc00000, 0x00000006dfc00000| Untracked 
| 896|0x00000006e0000000, 0x00000006e0000000, 0x00000006e0400000|  0%| F|  |TAMS 0x00000006e0000000, 0x00000006e0000000| Untracked 
| 897|0x00000006e0400000, 0x00000006e0400000, 0x00000006e0800000|  0%| F|  |TAMS 0x00000006e0400000, 0x00000006e0400000| Untracked 
| 898|0x00000006e0800000, 0x00000006e0800000, 0x00000006e0c00000|  0%| F|  |TAMS 0x00000006e0800000, 0x00000006e0800000| Untracked 
| 899|0x00000006e0c00000, 0x00000006e0c00000, 0x00000006e1000000|  0%| F|  |TAMS 0x00000006e0c00000, 0x00000006e0c00000| Untracked 
| 900|0x00000006e1000000, 0x00000006e1000000, 0x00000006e1400000|  0%| F|  |TAMS 0x00000006e1000000, 0x00000006e1000000| Untracked 
| 901|0x00000006e1400000, 0x00000006e1400000, 0x00000006e1800000|  0%| F|  |TAMS 0x00000006e1400000, 0x00000006e1400000| Untracked 
| 902|0x00000006e1800000, 0x00000006e1800000, 0x00000006e1c00000|  0%| F|  |TAMS 0x00000006e1800000, 0x00000006e1800000| Untracked 
| 903|0x00000006e1c00000, 0x00000006e1c00000, 0x00000006e2000000|  0%| F|  |TAMS 0x00000006e1c00000, 0x00000006e1c00000| Untracked 
| 904|0x00000006e2000000, 0x00000006e2000000, 0x00000006e2400000|  0%| F|  |TAMS 0x00000006e2000000, 0x00000006e2000000| Untracked 
| 905|0x00000006e2400000, 0x00000006e2400000, 0x00000006e2800000|  0%| F|  |TAMS 0x00000006e2400000, 0x00000006e2400000| Untracked 
| 906|0x00000006e2800000, 0x00000006e2800000, 0x00000006e2c00000|  0%| F|  |TAMS 0x00000006e2800000, 0x00000006e2800000| Untracked 
| 907|0x00000006e2c00000, 0x00000006e2c00000, 0x00000006e3000000|  0%| F|  |TAMS 0x00000006e2c00000, 0x00000006e2c00000| Untracked 
| 908|0x00000006e3000000, 0x00000006e3000000, 0x00000006e3400000|  0%| F|  |TAMS 0x00000006e3000000, 0x00000006e3000000| Untracked 
| 909|0x00000006e3400000, 0x00000006e3400000, 0x00000006e3800000|  0%| F|  |TAMS 0x00000006e3400000, 0x00000006e3400000| Untracked 
| 910|0x00000006e3800000, 0x00000006e3800000, 0x00000006e3c00000|  0%| F|  |TAMS 0x00000006e3800000, 0x00000006e3800000| Untracked 
| 911|0x00000006e3c00000, 0x00000006e3c00000, 0x00000006e4000000|  0%| F|  |TAMS 0x00000006e3c00000, 0x00000006e3c00000| Untracked 
| 912|0x00000006e4000000, 0x00000006e4000000, 0x00000006e4400000|  0%| F|  |TAMS 0x00000006e4000000, 0x00000006e4000000| Untracked 
| 913|0x00000006e4400000, 0x00000006e4400000, 0x00000006e4800000|  0%| F|  |TAMS 0x00000006e4400000, 0x00000006e4400000| Untracked 
| 914|0x00000006e4800000, 0x00000006e4800000, 0x00000006e4c00000|  0%| F|  |TAMS 0x00000006e4800000, 0x00000006e4800000| Untracked 
| 915|0x00000006e4c00000, 0x00000006e4c00000, 0x00000006e5000000|  0%| F|  |TAMS 0x00000006e4c00000, 0x00000006e4c00000| Untracked 
| 916|0x00000006e5000000, 0x00000006e5000000, 0x00000006e5400000|  0%| F|  |TAMS 0x00000006e5000000, 0x00000006e5000000| Untracked 
| 917|0x00000006e5400000, 0x00000006e5400000, 0x00000006e5800000|  0%| F|  |TAMS 0x00000006e5400000, 0x00000006e5400000| Untracked 
| 918|0x00000006e5800000, 0x00000006e5800000, 0x00000006e5c00000|  0%| F|  |TAMS 0x00000006e5800000, 0x00000006e5800000| Untracked 
| 919|0x00000006e5c00000, 0x00000006e5c00000, 0x00000006e6000000|  0%| F|  |TAMS 0x00000006e5c00000, 0x00000006e5c00000| Untracked 
| 920|0x00000006e6000000, 0x00000006e6000000, 0x00000006e6400000|  0%| F|  |TAMS 0x00000006e6000000, 0x00000006e6000000| Untracked 
| 921|0x00000006e6400000, 0x00000006e6400000, 0x00000006e6800000|  0%| F|  |TAMS 0x00000006e6400000, 0x00000006e6400000| Untracked 
| 922|0x00000006e6800000, 0x00000006e6800000, 0x00000006e6c00000|  0%| F|  |TAMS 0x00000006e6800000, 0x00000006e6800000| Untracked 
| 923|0x00000006e6c00000, 0x00000006e6c00000, 0x00000006e7000000|  0%| F|  |TAMS 0x00000006e6c00000, 0x00000006e6c00000| Untracked 
| 924|0x00000006e7000000, 0x00000006e7000000, 0x00000006e7400000|  0%| F|  |TAMS 0x00000006e7000000, 0x00000006e7000000| Untracked 
| 925|0x00000006e7400000, 0x00000006e7400000, 0x00000006e7800000|  0%| F|  |TAMS 0x00000006e7400000, 0x00000006e7400000| Untracked 
| 926|0x00000006e7800000, 0x00000006e7800000, 0x00000006e7c00000|  0%| F|  |TAMS 0x00000006e7800000, 0x00000006e7800000| Untracked 
| 927|0x00000006e7c00000, 0x00000006e7c00000, 0x00000006e8000000|  0%| F|  |TAMS 0x00000006e7c00000, 0x00000006e7c00000| Untracked 
| 928|0x00000006e8000000, 0x00000006e8000000, 0x00000006e8400000|  0%| F|  |TAMS 0x00000006e8000000, 0x00000006e8000000| Untracked 
| 929|0x00000006e8400000, 0x00000006e8400000, 0x00000006e8800000|  0%| F|  |TAMS 0x00000006e8400000, 0x00000006e8400000| Untracked 
| 930|0x00000006e8800000, 0x00000006e8800000, 0x00000006e8c00000|  0%| F|  |TAMS 0x00000006e8800000, 0x00000006e8800000| Untracked 
| 931|0x00000006e8c00000, 0x00000006e8c00000, 0x00000006e9000000|  0%| F|  |TAMS 0x00000006e8c00000, 0x00000006e8c00000| Untracked 
| 932|0x00000006e9000000, 0x00000006e9000000, 0x00000006e9400000|  0%| F|  |TAMS 0x00000006e9000000, 0x00000006e9000000| Untracked 
| 933|0x00000006e9400000, 0x00000006e9400000, 0x00000006e9800000|  0%| F|  |TAMS 0x00000006e9400000, 0x00000006e9400000| Untracked 
| 934|0x00000006e9800000, 0x00000006e9800000, 0x00000006e9c00000|  0%| F|  |TAMS 0x00000006e9800000, 0x00000006e9800000| Untracked 
| 935|0x00000006e9c00000, 0x00000006e9c00000, 0x00000006ea000000|  0%| F|  |TAMS 0x00000006e9c00000, 0x00000006e9c00000| Untracked 
| 936|0x00000006ea000000, 0x00000006ea000000, 0x00000006ea400000|  0%| F|  |TAMS 0x00000006ea000000, 0x00000006ea000000| Untracked 
| 937|0x00000006ea400000, 0x00000006ea400000, 0x00000006ea800000|  0%| F|  |TAMS 0x00000006ea400000, 0x00000006ea400000| Untracked 
| 938|0x00000006ea800000, 0x00000006ea800000, 0x00000006eac00000|  0%| F|  |TAMS 0x00000006ea800000, 0x00000006ea800000| Untracked 
| 939|0x00000006eac00000, 0x00000006eac00000, 0x00000006eb000000|  0%| F|  |TAMS 0x00000006eac00000, 0x00000006eac00000| Untracked 
| 940|0x00000006eb000000, 0x00000006eb000000, 0x00000006eb400000|  0%| F|  |TAMS 0x00000006eb000000, 0x00000006eb000000| Untracked 
| 941|0x00000006eb400000, 0x00000006eb400000, 0x00000006eb800000|  0%| F|  |TAMS 0x00000006eb400000, 0x00000006eb400000| Untracked 
| 942|0x00000006eb800000, 0x00000006eb800000, 0x00000006ebc00000|  0%| F|  |TAMS 0x00000006eb800000, 0x00000006eb800000| Untracked 
| 943|0x00000006ebc00000, 0x00000006ebc00000, 0x00000006ec000000|  0%| F|  |TAMS 0x00000006ebc00000, 0x00000006ebc00000| Untracked 
| 944|0x00000006ec000000, 0x00000006ec000000, 0x00000006ec400000|  0%| F|  |TAMS 0x00000006ec000000, 0x00000006ec000000| Untracked 
| 945|0x00000006ec400000, 0x00000006ec400000, 0x00000006ec800000|  0%| F|  |TAMS 0x00000006ec400000, 0x00000006ec400000| Untracked 
| 946|0x00000006ec800000, 0x00000006ec800000, 0x00000006ecc00000|  0%| F|  |TAMS 0x00000006ec800000, 0x00000006ec800000| Untracked 
| 947|0x00000006ecc00000, 0x00000006ecc00000, 0x00000006ed000000|  0%| F|  |TAMS 0x00000006ecc00000, 0x00000006ecc00000| Untracked 
| 948|0x00000006ed000000, 0x00000006ed000000, 0x00000006ed400000|  0%| F|  |TAMS 0x00000006ed000000, 0x00000006ed000000| Untracked 
| 949|0x00000006ed400000, 0x00000006ed400000, 0x00000006ed800000|  0%| F|  |TAMS 0x00000006ed400000, 0x00000006ed400000| Untracked 
| 950|0x00000006ed800000, 0x00000006ed800000, 0x00000006edc00000|  0%| F|  |TAMS 0x00000006ed800000, 0x00000006ed800000| Untracked 
| 951|0x00000006edc00000, 0x00000006edc00000, 0x00000006ee000000|  0%| F|  |TAMS 0x00000006edc00000, 0x00000006edc00000| Untracked 
| 952|0x00000006ee000000, 0x00000006ee000000, 0x00000006ee400000|  0%| F|  |TAMS 0x00000006ee000000, 0x00000006ee000000| Untracked 
| 953|0x00000006ee400000, 0x00000006ee400000, 0x00000006ee800000|  0%| F|  |TAMS 0x00000006ee400000, 0x00000006ee400000| Untracked 
| 954|0x00000006ee800000, 0x00000006ee800000, 0x00000006eec00000|  0%| F|  |TAMS 0x00000006ee800000, 0x00000006ee800000| Untracked 
| 955|0x00000006eec00000, 0x00000006eec00000, 0x00000006ef000000|  0%| F|  |TAMS 0x00000006eec00000, 0x00000006eec00000| Untracked 
| 956|0x00000006ef000000, 0x00000006ef000000, 0x00000006ef400000|  0%| F|  |TAMS 0x00000006ef000000, 0x00000006ef000000| Untracked 
| 957|0x00000006ef400000, 0x00000006ef400000, 0x00000006ef800000|  0%| F|  |TAMS 0x00000006ef400000, 0x00000006ef400000| Untracked 
| 958|0x00000006ef800000, 0x00000006ef800000, 0x00000006efc00000|  0%| F|  |TAMS 0x00000006ef800000, 0x00000006ef800000| Untracked 
| 959|0x00000006efc00000, 0x00000006efc00000, 0x00000006f0000000|  0%| F|  |TAMS 0x00000006efc00000, 0x00000006efc00000| Untracked 
| 960|0x00000006f0000000, 0x00000006f0000000, 0x00000006f0400000|  0%| F|  |TAMS 0x00000006f0000000, 0x00000006f0000000| Untracked 
| 961|0x00000006f0400000, 0x00000006f0400000, 0x00000006f0800000|  0%| F|  |TAMS 0x00000006f0400000, 0x00000006f0400000| Untracked 
| 962|0x00000006f0800000, 0x00000006f0800000, 0x00000006f0c00000|  0%| F|  |TAMS 0x00000006f0800000, 0x00000006f0800000| Untracked 
| 963|0x00000006f0c00000, 0x00000006f0c00000, 0x00000006f1000000|  0%| F|  |TAMS 0x00000006f0c00000, 0x00000006f0c00000| Untracked 
| 964|0x00000006f1000000, 0x00000006f1000000, 0x00000006f1400000|  0%| F|  |TAMS 0x00000006f1000000, 0x00000006f1000000| Untracked 
| 965|0x00000006f1400000, 0x00000006f1400000, 0x00000006f1800000|  0%| F|  |TAMS 0x00000006f1400000, 0x00000006f1400000| Untracked 
| 966|0x00000006f1800000, 0x00000006f1800000, 0x00000006f1c00000|  0%| F|  |TAMS 0x00000006f1800000, 0x00000006f1800000| Untracked 
| 967|0x00000006f1c00000, 0x00000006f1c00000, 0x00000006f2000000|  0%| F|  |TAMS 0x00000006f1c00000, 0x00000006f1c00000| Untracked 
| 968|0x00000006f2000000, 0x00000006f2000000, 0x00000006f2400000|  0%| F|  |TAMS 0x00000006f2000000, 0x00000006f2000000| Untracked 
| 969|0x00000006f2400000, 0x00000006f2400000, 0x00000006f2800000|  0%| F|  |TAMS 0x00000006f2400000, 0x00000006f2400000| Untracked 
| 970|0x00000006f2800000, 0x00000006f2800000, 0x00000006f2c00000|  0%| F|  |TAMS 0x00000006f2800000, 0x00000006f2800000| Untracked 
| 971|0x00000006f2c00000, 0x00000006f2c00000, 0x00000006f3000000|  0%| F|  |TAMS 0x00000006f2c00000, 0x00000006f2c00000| Untracked 
| 972|0x00000006f3000000, 0x00000006f3000000, 0x00000006f3400000|  0%| F|  |TAMS 0x00000006f3000000, 0x00000006f3000000| Untracked 
| 973|0x00000006f3400000, 0x00000006f3400000, 0x00000006f3800000|  0%| F|  |TAMS 0x00000006f3400000, 0x00000006f3400000| Untracked 
| 974|0x00000006f3800000, 0x00000006f3800000, 0x00000006f3c00000|  0%| F|  |TAMS 0x00000006f3800000, 0x00000006f3800000| Untracked 
| 975|0x00000006f3c00000, 0x00000006f3c00000, 0x00000006f4000000|  0%| F|  |TAMS 0x00000006f3c00000, 0x00000006f3c00000| Untracked 
| 976|0x00000006f4000000, 0x00000006f4000000, 0x00000006f4400000|  0%| F|  |TAMS 0x00000006f4000000, 0x00000006f4000000| Untracked 
| 977|0x00000006f4400000, 0x00000006f4400000, 0x00000006f4800000|  0%| F|  |TAMS 0x00000006f4400000, 0x00000006f4400000| Untracked 
| 978|0x00000006f4800000, 0x00000006f4800000, 0x00000006f4c00000|  0%| F|  |TAMS 0x00000006f4800000, 0x00000006f4800000| Untracked 
| 979|0x00000006f4c00000, 0x00000006f4c00000, 0x00000006f5000000|  0%| F|  |TAMS 0x00000006f4c00000, 0x00000006f4c00000| Untracked 
| 980|0x00000006f5000000, 0x00000006f5000000, 0x00000006f5400000|  0%| F|  |TAMS 0x00000006f5000000, 0x00000006f5000000| Untracked 
| 981|0x00000006f5400000, 0x00000006f5400000, 0x00000006f5800000|  0%| F|  |TAMS 0x00000006f5400000, 0x00000006f5400000| Untracked 
| 982|0x00000006f5800000, 0x00000006f5800000, 0x00000006f5c00000|  0%| F|  |TAMS 0x00000006f5800000, 0x00000006f5800000| Untracked 
| 983|0x00000006f5c00000, 0x00000006f5c00000, 0x00000006f6000000|  0%| F|  |TAMS 0x00000006f5c00000, 0x00000006f5c00000| Untracked 
| 984|0x00000006f6000000, 0x00000006f6000000, 0x00000006f6400000|  0%| F|  |TAMS 0x00000006f6000000, 0x00000006f6000000| Untracked 
| 985|0x00000006f6400000, 0x00000006f6400000, 0x00000006f6800000|  0%| F|  |TAMS 0x00000006f6400000, 0x00000006f6400000| Untracked 
| 986|0x00000006f6800000, 0x00000006f6800000, 0x00000006f6c00000|  0%| F|  |TAMS 0x00000006f6800000, 0x00000006f6800000| Untracked 
| 987|0x00000006f6c00000, 0x00000006f6c00000, 0x00000006f7000000|  0%| F|  |TAMS 0x00000006f6c00000, 0x00000006f6c00000| Untracked 
| 988|0x00000006f7000000, 0x00000006f7000000, 0x00000006f7400000|  0%| F|  |TAMS 0x00000006f7000000, 0x00000006f7000000| Untracked 
| 989|0x00000006f7400000, 0x00000006f7400000, 0x00000006f7800000|  0%| F|  |TAMS 0x00000006f7400000, 0x00000006f7400000| Untracked 
| 990|0x00000006f7800000, 0x00000006f7800000, 0x00000006f7c00000|  0%| F|  |TAMS 0x00000006f7800000, 0x00000006f7800000| Untracked 
| 991|0x00000006f7c00000, 0x00000006f7c00000, 0x00000006f8000000|  0%| F|  |TAMS 0x00000006f7c00000, 0x00000006f7c00000| Untracked 
| 992|0x00000006f8000000, 0x00000006f8000000, 0x00000006f8400000|  0%| F|  |TAMS 0x00000006f8000000, 0x00000006f8000000| Untracked 
| 993|0x00000006f8400000, 0x00000006f8400000, 0x00000006f8800000|  0%| F|  |TAMS 0x00000006f8400000, 0x00000006f8400000| Untracked 
| 994|0x00000006f8800000, 0x00000006f8800000, 0x00000006f8c00000|  0%| F|  |TAMS 0x00000006f8800000, 0x00000006f8800000| Untracked 
| 995|0x00000006f8c00000, 0x00000006f8c00000, 0x00000006f9000000|  0%| F|  |TAMS 0x00000006f8c00000, 0x00000006f8c00000| Untracked 
| 996|0x00000006f9000000, 0x00000006f9000000, 0x00000006f9400000|  0%| F|  |TAMS 0x00000006f9000000, 0x00000006f9000000| Untracked 
| 997|0x00000006f9400000, 0x00000006f9400000, 0x00000006f9800000|  0%| F|  |TAMS 0x00000006f9400000, 0x00000006f9400000| Untracked 
| 998|0x00000006f9800000, 0x00000006f9800000, 0x00000006f9c00000|  0%| F|  |TAMS 0x00000006f9800000, 0x00000006f9800000| Untracked 
| 999|0x00000006f9c00000, 0x00000006f9c00000, 0x00000006fa000000|  0%| F|  |TAMS 0x00000006f9c00000, 0x00000006f9c00000| Untracked 
|1000|0x00000006fa000000, 0x00000006fa000000, 0x00000006fa400000|  0%| F|  |TAMS 0x00000006fa000000, 0x00000006fa000000| Untracked 
|1001|0x00000006fa400000, 0x00000006fa400000, 0x00000006fa800000|  0%| F|  |TAMS 0x00000006fa400000, 0x00000006fa400000| Untracked 
|1002|0x00000006fa800000, 0x00000006fa800000, 0x00000006fac00000|  0%| F|  |TAMS 0x00000006fa800000, 0x00000006fa800000| Untracked 
|1003|0x00000006fac00000, 0x00000006fac00000, 0x00000006fb000000|  0%| F|  |TAMS 0x00000006fac00000, 0x00000006fac00000| Untracked 
|1004|0x00000006fb000000, 0x00000006fb000000, 0x00000006fb400000|  0%| F|  |TAMS 0x00000006fb000000, 0x00000006fb000000| Untracked 
|1005|0x00000006fb400000, 0x00000006fb400000, 0x00000006fb800000|  0%| F|  |TAMS 0x00000006fb400000, 0x00000006fb400000| Untracked 
|1006|0x00000006fb800000, 0x00000006fb800000, 0x00000006fbc00000|  0%| F|  |TAMS 0x00000006fb800000, 0x00000006fb800000| Untracked 
|1007|0x00000006fbc00000, 0x00000006fbc00000, 0x00000006fc000000|  0%| F|  |TAMS 0x00000006fbc00000, 0x00000006fbc00000| Untracked 
|1008|0x00000006fc000000, 0x00000006fc000000, 0x00000006fc400000|  0%| F|  |TAMS 0x00000006fc000000, 0x00000006fc000000| Untracked 
|1009|0x00000006fc400000, 0x00000006fc400000, 0x00000006fc800000|  0%| F|  |TAMS 0x00000006fc400000, 0x00000006fc400000| Untracked 
|1010|0x00000006fc800000, 0x00000006fc800000, 0x00000006fcc00000|  0%| F|  |TAMS 0x00000006fc800000, 0x00000006fc800000| Untracked 
|1011|0x00000006fcc00000, 0x00000006fcc00000, 0x00000006fd000000|  0%| F|  |TAMS 0x00000006fcc00000, 0x00000006fcc00000| Untracked 
|1012|0x00000006fd000000, 0x00000006fd000000, 0x00000006fd400000|  0%| F|  |TAMS 0x00000006fd000000, 0x00000006fd000000| Untracked 
|1013|0x00000006fd400000, 0x00000006fd400000, 0x00000006fd800000|  0%| F|  |TAMS 0x00000006fd400000, 0x00000006fd400000| Untracked 
|1014|0x00000006fd800000, 0x00000006fd800000, 0x00000006fdc00000|  0%| F|  |TAMS 0x00000006fd800000, 0x00000006fd800000| Untracked 
|1015|0x00000006fdc00000, 0x00000006fdc00000, 0x00000006fe000000|  0%| F|  |TAMS 0x00000006fdc00000, 0x00000006fdc00000| Untracked 
|1016|0x00000006fe000000, 0x00000006fe000000, 0x00000006fe400000|  0%| F|  |TAMS 0x00000006fe000000, 0x00000006fe000000| Untracked 
|1017|0x00000006fe400000, 0x00000006fe400000, 0x00000006fe800000|  0%| F|  |TAMS 0x00000006fe400000, 0x00000006fe400000| Untracked 
|1018|0x00000006fe800000, 0x00000006fe800000, 0x00000006fec00000|  0%| F|  |TAMS 0x00000006fe800000, 0x00000006fe800000| Untracked 
|1019|0x00000006fec00000, 0x00000006fec00000, 0x00000006ff000000|  0%| F|  |TAMS 0x00000006fec00000, 0x00000006fec00000| Untracked 
|1020|0x00000006ff000000, 0x00000006ff000000, 0x00000006ff400000|  0%| F|  |TAMS 0x00000006ff000000, 0x00000006ff000000| Untracked 
|1021|0x00000006ff400000, 0x00000006ff400000, 0x00000006ff800000|  0%| F|  |TAMS 0x00000006ff400000, 0x00000006ff400000| Untracked 
|1022|0x00000006ff800000, 0x00000006ff800000, 0x00000006ffc00000|  0%| F|  |TAMS 0x00000006ff800000, 0x00000006ff800000| Untracked 
|1023|0x00000006ffc00000, 0x00000006ffc00000, 0x0000000700000000|  0%| F|  |TAMS 0x00000006ffc00000, 0x00000006ffc00000| Untracked 
|1024|0x0000000700000000, 0x0000000700000000, 0x0000000700400000|  0%| F|  |TAMS 0x0000000700000000, 0x0000000700000000| Untracked 
|1025|0x0000000700400000, 0x0000000700400000, 0x0000000700800000|  0%| F|  |TAMS 0x0000000700400000, 0x0000000700400000| Untracked 
|1026|0x0000000700800000, 0x0000000700800000, 0x0000000700c00000|  0%| F|  |TAMS 0x0000000700800000, 0x0000000700800000| Untracked 
|1027|0x0000000700c00000, 0x0000000700c00000, 0x0000000701000000|  0%| F|  |TAMS 0x0000000700c00000, 0x0000000700c00000| Untracked 
|1028|0x0000000701000000, 0x0000000701000000, 0x0000000701400000|  0%| F|  |TAMS 0x0000000701000000, 0x0000000701000000| Untracked 
|1029|0x0000000701400000, 0x0000000701400000, 0x0000000701800000|  0%| F|  |TAMS 0x0000000701400000, 0x0000000701400000| Untracked 
|1030|0x0000000701800000, 0x0000000701800000, 0x0000000701c00000|  0%| F|  |TAMS 0x0000000701800000, 0x0000000701800000| Untracked 
|1031|0x0000000701c00000, 0x0000000701c00000, 0x0000000702000000|  0%| F|  |TAMS 0x0000000701c00000, 0x0000000701c00000| Untracked 
|1032|0x0000000702000000, 0x0000000702000000, 0x0000000702400000|  0%| F|  |TAMS 0x0000000702000000, 0x0000000702000000| Untracked 
|1033|0x0000000702400000, 0x0000000702400000, 0x0000000702800000|  0%| F|  |TAMS 0x0000000702400000, 0x0000000702400000| Untracked 
|1034|0x0000000702800000, 0x0000000702800000, 0x0000000702c00000|  0%| F|  |TAMS 0x0000000702800000, 0x0000000702800000| Untracked 
|1035|0x0000000702c00000, 0x0000000702c00000, 0x0000000703000000|  0%| F|  |TAMS 0x0000000702c00000, 0x0000000702c00000| Untracked 
|1036|0x0000000703000000, 0x0000000703000000, 0x0000000703400000|  0%| F|  |TAMS 0x0000000703000000, 0x0000000703000000| Untracked 
|1037|0x0000000703400000, 0x0000000703400000, 0x0000000703800000|  0%| F|  |TAMS 0x0000000703400000, 0x0000000703400000| Untracked 
|1038|0x0000000703800000, 0x0000000703800000, 0x0000000703c00000|  0%| F|  |TAMS 0x0000000703800000, 0x0000000703800000| Untracked 
|1039|0x0000000703c00000, 0x0000000703c00000, 0x0000000704000000|  0%| F|  |TAMS 0x0000000703c00000, 0x0000000703c00000| Untracked 
|1040|0x0000000704000000, 0x0000000704000000, 0x0000000704400000|  0%| F|  |TAMS 0x0000000704000000, 0x0000000704000000| Untracked 
|1041|0x0000000704400000, 0x0000000704400000, 0x0000000704800000|  0%| F|  |TAMS 0x0000000704400000, 0x0000000704400000| Untracked 
|1042|0x0000000704800000, 0x0000000704800000, 0x0000000704c00000|  0%| F|  |TAMS 0x0000000704800000, 0x0000000704800000| Untracked 
|1043|0x0000000704c00000, 0x0000000704c00000, 0x0000000705000000|  0%| F|  |TAMS 0x0000000704c00000, 0x0000000704c00000| Untracked 
|1044|0x0000000705000000, 0x0000000705000000, 0x0000000705400000|  0%| F|  |TAMS 0x0000000705000000, 0x0000000705000000| Untracked 
|1045|0x0000000705400000, 0x0000000705400000, 0x0000000705800000|  0%| F|  |TAMS 0x0000000705400000, 0x0000000705400000| Untracked 
|1046|0x0000000705800000, 0x0000000705800000, 0x0000000705c00000|  0%| F|  |TAMS 0x0000000705800000, 0x0000000705800000| Untracked 
|1047|0x0000000705c00000, 0x0000000705c00000, 0x0000000706000000|  0%| F|  |TAMS 0x0000000705c00000, 0x0000000705c00000| Untracked 
|1048|0x0000000706000000, 0x0000000706000000, 0x0000000706400000|  0%| F|  |TAMS 0x0000000706000000, 0x0000000706000000| Untracked 
|1049|0x0000000706400000, 0x0000000706400000, 0x0000000706800000|  0%| F|  |TAMS 0x0000000706400000, 0x0000000706400000| Untracked 
|1050|0x0000000706800000, 0x0000000706800000, 0x0000000706c00000|  0%| F|  |TAMS 0x0000000706800000, 0x0000000706800000| Untracked 
|1051|0x0000000706c00000, 0x0000000706c00000, 0x0000000707000000|  0%| F|  |TAMS 0x0000000706c00000, 0x0000000706c00000| Untracked 
|1052|0x0000000707000000, 0x0000000707000000, 0x0000000707400000|  0%| F|  |TAMS 0x0000000707000000, 0x0000000707000000| Untracked 
|1053|0x0000000707400000, 0x0000000707400000, 0x0000000707800000|  0%| F|  |TAMS 0x0000000707400000, 0x0000000707400000| Untracked 
|1054|0x0000000707800000, 0x0000000707800000, 0x0000000707c00000|  0%| F|  |TAMS 0x0000000707800000, 0x0000000707800000| Untracked 
|1055|0x0000000707c00000, 0x0000000707c00000, 0x0000000708000000|  0%| F|  |TAMS 0x0000000707c00000, 0x0000000707c00000| Untracked 
|1056|0x0000000708000000, 0x0000000708000000, 0x0000000708400000|  0%| F|  |TAMS 0x0000000708000000, 0x0000000708000000| Untracked 
|1057|0x0000000708400000, 0x0000000708400000, 0x0000000708800000|  0%| F|  |TAMS 0x0000000708400000, 0x0000000708400000| Untracked 
|1058|0x0000000708800000, 0x0000000708800000, 0x0000000708c00000|  0%| F|  |TAMS 0x0000000708800000, 0x0000000708800000| Untracked 
|1059|0x0000000708c00000, 0x0000000708c00000, 0x0000000709000000|  0%| F|  |TAMS 0x0000000708c00000, 0x0000000708c00000| Untracked 
|1060|0x0000000709000000, 0x0000000709000000, 0x0000000709400000|  0%| F|  |TAMS 0x0000000709000000, 0x0000000709000000| Untracked 
|1061|0x0000000709400000, 0x0000000709400000, 0x0000000709800000|  0%| F|  |TAMS 0x0000000709400000, 0x0000000709400000| Untracked 
|1062|0x0000000709800000, 0x0000000709800000, 0x0000000709c00000|  0%| F|  |TAMS 0x0000000709800000, 0x0000000709800000| Untracked 
|1063|0x0000000709c00000, 0x0000000709c00000, 0x000000070a000000|  0%| F|  |TAMS 0x0000000709c00000, 0x0000000709c00000| Untracked 
|1064|0x000000070a000000, 0x000000070a000000, 0x000000070a400000|  0%| F|  |TAMS 0x000000070a000000, 0x000000070a000000| Untracked 
|1065|0x000000070a400000, 0x000000070a400000, 0x000000070a800000|  0%| F|  |TAMS 0x000000070a400000, 0x000000070a400000| Untracked 
|1066|0x000000070a800000, 0x000000070a800000, 0x000000070ac00000|  0%| F|  |TAMS 0x000000070a800000, 0x000000070a800000| Untracked 
|1067|0x000000070ac00000, 0x000000070ac00000, 0x000000070b000000|  0%| F|  |TAMS 0x000000070ac00000, 0x000000070ac00000| Untracked 
|1068|0x000000070b000000, 0x000000070b000000, 0x000000070b400000|  0%| F|  |TAMS 0x000000070b000000, 0x000000070b000000| Untracked 
|1069|0x000000070b400000, 0x000000070b400000, 0x000000070b800000|  0%| F|  |TAMS 0x000000070b400000, 0x000000070b400000| Untracked 
|1070|0x000000070b800000, 0x000000070b800000, 0x000000070bc00000|  0%| F|  |TAMS 0x000000070b800000, 0x000000070b800000| Untracked 
|1071|0x000000070bc00000, 0x000000070bc00000, 0x000000070c000000|  0%| F|  |TAMS 0x000000070bc00000, 0x000000070bc00000| Untracked 
|1072|0x000000070c000000, 0x000000070c000000, 0x000000070c400000|  0%| F|  |TAMS 0x000000070c000000, 0x000000070c000000| Untracked 
|1073|0x000000070c400000, 0x000000070c400000, 0x000000070c800000|  0%| F|  |TAMS 0x000000070c400000, 0x000000070c400000| Untracked 
|1074|0x000000070c800000, 0x000000070c800000, 0x000000070cc00000|  0%| F|  |TAMS 0x000000070c800000, 0x000000070c800000| Untracked 
|1075|0x000000070cc00000, 0x000000070cc00000, 0x000000070d000000|  0%| F|  |TAMS 0x000000070cc00000, 0x000000070cc00000| Untracked 
|1076|0x000000070d000000, 0x000000070d000000, 0x000000070d400000|  0%| F|  |TAMS 0x000000070d000000, 0x000000070d000000| Untracked 
|1077|0x000000070d400000, 0x000000070d400000, 0x000000070d800000|  0%| F|  |TAMS 0x000000070d400000, 0x000000070d400000| Untracked 
|1078|0x000000070d800000, 0x000000070d800000, 0x000000070dc00000|  0%| F|  |TAMS 0x000000070d800000, 0x000000070d800000| Untracked 
|1079|0x000000070dc00000, 0x000000070dc00000, 0x000000070e000000|  0%| F|  |TAMS 0x000000070dc00000, 0x000000070dc00000| Untracked 
|1080|0x000000070e000000, 0x000000070e000000, 0x000000070e400000|  0%| F|  |TAMS 0x000000070e000000, 0x000000070e000000| Untracked 
|1081|0x000000070e400000, 0x000000070e400000, 0x000000070e800000|  0%| F|  |TAMS 0x000000070e400000, 0x000000070e400000| Untracked 
|1082|0x000000070e800000, 0x000000070e800000, 0x000000070ec00000|  0%| F|  |TAMS 0x000000070e800000, 0x000000070e800000| Untracked 
|1083|0x000000070ec00000, 0x000000070ec00000, 0x000000070f000000|  0%| F|  |TAMS 0x000000070ec00000, 0x000000070ec00000| Untracked 
|1084|0x000000070f000000, 0x000000070f000000, 0x000000070f400000|  0%| F|  |TAMS 0x000000070f000000, 0x000000070f000000| Untracked 
|1085|0x000000070f400000, 0x000000070f400000, 0x000000070f800000|  0%| F|  |TAMS 0x000000070f400000, 0x000000070f400000| Untracked 
|1086|0x000000070f800000, 0x000000070f800000, 0x000000070fc00000|  0%| F|  |TAMS 0x000000070f800000, 0x000000070f800000| Untracked 
|1087|0x000000070fc00000, 0x000000070fc00000, 0x0000000710000000|  0%| F|  |TAMS 0x000000070fc00000, 0x000000070fc00000| Untracked 
|1088|0x0000000710000000, 0x0000000710000000, 0x0000000710400000|  0%| F|  |TAMS 0x0000000710000000, 0x0000000710000000| Untracked 
|1089|0x0000000710400000, 0x0000000710400000, 0x0000000710800000|  0%| F|  |TAMS 0x0000000710400000, 0x0000000710400000| Untracked 
|1090|0x0000000710800000, 0x0000000710800000, 0x0000000710c00000|  0%| F|  |TAMS 0x0000000710800000, 0x0000000710800000| Untracked 
|1091|0x0000000710c00000, 0x0000000710c00000, 0x0000000711000000|  0%| F|  |TAMS 0x0000000710c00000, 0x0000000710c00000| Untracked 
|1092|0x0000000711000000, 0x0000000711000000, 0x0000000711400000|  0%| F|  |TAMS 0x0000000711000000, 0x0000000711000000| Untracked 
|1093|0x0000000711400000, 0x0000000711400000, 0x0000000711800000|  0%| F|  |TAMS 0x0000000711400000, 0x0000000711400000| Untracked 
|1094|0x0000000711800000, 0x0000000711800000, 0x0000000711c00000|  0%| F|  |TAMS 0x0000000711800000, 0x0000000711800000| Untracked 
|1095|0x0000000711c00000, 0x0000000711c00000, 0x0000000712000000|  0%| F|  |TAMS 0x0000000711c00000, 0x0000000711c00000| Untracked 
|1096|0x0000000712000000, 0x0000000712000000, 0x0000000712400000|  0%| F|  |TAMS 0x0000000712000000, 0x0000000712000000| Untracked 
|1097|0x0000000712400000, 0x0000000712400000, 0x0000000712800000|  0%| F|  |TAMS 0x0000000712400000, 0x0000000712400000| Untracked 
|1098|0x0000000712800000, 0x0000000712800000, 0x0000000712c00000|  0%| F|  |TAMS 0x0000000712800000, 0x0000000712800000| Untracked 
|1099|0x0000000712c00000, 0x0000000712c00000, 0x0000000713000000|  0%| F|  |TAMS 0x0000000712c00000, 0x0000000712c00000| Untracked 
|1100|0x0000000713000000, 0x0000000713000000, 0x0000000713400000|  0%| F|  |TAMS 0x0000000713000000, 0x0000000713000000| Untracked 
|1101|0x0000000713400000, 0x0000000713400000, 0x0000000713800000|  0%| F|  |TAMS 0x0000000713400000, 0x0000000713400000| Untracked 
|1102|0x0000000713800000, 0x0000000713800000, 0x0000000713c00000|  0%| F|  |TAMS 0x0000000713800000, 0x0000000713800000| Untracked 
|1103|0x0000000713c00000, 0x0000000713c00000, 0x0000000714000000|  0%| F|  |TAMS 0x0000000713c00000, 0x0000000713c00000| Untracked 
|1104|0x0000000714000000, 0x0000000714000000, 0x0000000714400000|  0%| F|  |TAMS 0x0000000714000000, 0x0000000714000000| Untracked 
|1105|0x0000000714400000, 0x0000000714400000, 0x0000000714800000|  0%| F|  |TAMS 0x0000000714400000, 0x0000000714400000| Untracked 
|1106|0x0000000714800000, 0x0000000714800000, 0x0000000714c00000|  0%| F|  |TAMS 0x0000000714800000, 0x0000000714800000| Untracked 
|1107|0x0000000714c00000, 0x0000000714c00000, 0x0000000715000000|  0%| F|  |TAMS 0x0000000714c00000, 0x0000000714c00000| Untracked 
|1108|0x0000000715000000, 0x0000000715000000, 0x0000000715400000|  0%| F|  |TAMS 0x0000000715000000, 0x0000000715000000| Untracked 
|1109|0x0000000715400000, 0x0000000715400000, 0x0000000715800000|  0%| F|  |TAMS 0x0000000715400000, 0x0000000715400000| Untracked 
|1110|0x0000000715800000, 0x0000000715800000, 0x0000000715c00000|  0%| F|  |TAMS 0x0000000715800000, 0x0000000715800000| Untracked 
|1111|0x0000000715c00000, 0x0000000715c00000, 0x0000000716000000|  0%| F|  |TAMS 0x0000000715c00000, 0x0000000715c00000| Untracked 
|1112|0x0000000716000000, 0x0000000716000000, 0x0000000716400000|  0%| F|  |TAMS 0x0000000716000000, 0x0000000716000000| Untracked 
|1113|0x0000000716400000, 0x0000000716400000, 0x0000000716800000|  0%| F|  |TAMS 0x0000000716400000, 0x0000000716400000| Untracked 
|1114|0x0000000716800000, 0x0000000716800000, 0x0000000716c00000|  0%| F|  |TAMS 0x0000000716800000, 0x0000000716800000| Untracked 
|1115|0x0000000716c00000, 0x0000000716c00000, 0x0000000717000000|  0%| F|  |TAMS 0x0000000716c00000, 0x0000000716c00000| Untracked 
|1116|0x0000000717000000, 0x0000000717000000, 0x0000000717400000|  0%| F|  |TAMS 0x0000000717000000, 0x0000000717000000| Untracked 
|1117|0x0000000717400000, 0x0000000717400000, 0x0000000717800000|  0%| F|  |TAMS 0x0000000717400000, 0x0000000717400000| Untracked 
|1118|0x0000000717800000, 0x0000000717800000, 0x0000000717c00000|  0%| F|  |TAMS 0x0000000717800000, 0x0000000717800000| Untracked 
|1119|0x0000000717c00000, 0x0000000717c00000, 0x0000000718000000|  0%| F|  |TAMS 0x0000000717c00000, 0x0000000717c00000| Untracked 
|1120|0x0000000718000000, 0x0000000718000000, 0x0000000718400000|  0%| F|  |TAMS 0x0000000718000000, 0x0000000718000000| Untracked 
|1121|0x0000000718400000, 0x0000000718400000, 0x0000000718800000|  0%| F|  |TAMS 0x0000000718400000, 0x0000000718400000| Untracked 
|1122|0x0000000718800000, 0x0000000718800000, 0x0000000718c00000|  0%| F|  |TAMS 0x0000000718800000, 0x0000000718800000| Untracked 
|1123|0x0000000718c00000, 0x0000000718c00000, 0x0000000719000000|  0%| F|  |TAMS 0x0000000718c00000, 0x0000000718c00000| Untracked 
|1124|0x0000000719000000, 0x0000000719000000, 0x0000000719400000|  0%| F|  |TAMS 0x0000000719000000, 0x0000000719000000| Untracked 
|1125|0x0000000719400000, 0x0000000719400000, 0x0000000719800000|  0%| F|  |TAMS 0x0000000719400000, 0x0000000719400000| Untracked 
|1126|0x0000000719800000, 0x0000000719800000, 0x0000000719c00000|  0%| F|  |TAMS 0x0000000719800000, 0x0000000719800000| Untracked 
|1127|0x0000000719c00000, 0x0000000719c00000, 0x000000071a000000|  0%| F|  |TAMS 0x0000000719c00000, 0x0000000719c00000| Untracked 
|1128|0x000000071a000000, 0x000000071a000000, 0x000000071a400000|  0%| F|  |TAMS 0x000000071a000000, 0x000000071a000000| Untracked 
|1129|0x000000071a400000, 0x000000071a400000, 0x000000071a800000|  0%| F|  |TAMS 0x000000071a400000, 0x000000071a400000| Untracked 
|1130|0x000000071a800000, 0x000000071a800000, 0x000000071ac00000|  0%| F|  |TAMS 0x000000071a800000, 0x000000071a800000| Untracked 
|1131|0x000000071ac00000, 0x000000071ac00000, 0x000000071b000000|  0%| F|  |TAMS 0x000000071ac00000, 0x000000071ac00000| Untracked 
|1132|0x000000071b000000, 0x000000071b000000, 0x000000071b400000|  0%| F|  |TAMS 0x000000071b000000, 0x000000071b000000| Untracked 
|1133|0x000000071b400000, 0x000000071b400000, 0x000000071b800000|  0%| F|  |TAMS 0x000000071b400000, 0x000000071b400000| Untracked 
|1134|0x000000071b800000, 0x000000071b800000, 0x000000071bc00000|  0%| F|  |TAMS 0x000000071b800000, 0x000000071b800000| Untracked 
|1135|0x000000071bc00000, 0x000000071bc00000, 0x000000071c000000|  0%| F|  |TAMS 0x000000071bc00000, 0x000000071bc00000| Untracked 
|1136|0x000000071c000000, 0x000000071c000000, 0x000000071c400000|  0%| F|  |TAMS 0x000000071c000000, 0x000000071c000000| Untracked 
|1137|0x000000071c400000, 0x000000071c400000, 0x000000071c800000|  0%| F|  |TAMS 0x000000071c400000, 0x000000071c400000| Untracked 
|1138|0x000000071c800000, 0x000000071c800000, 0x000000071cc00000|  0%| F|  |TAMS 0x000000071c800000, 0x000000071c800000| Untracked 
|1139|0x000000071cc00000, 0x000000071cc00000, 0x000000071d000000|  0%| F|  |TAMS 0x000000071cc00000, 0x000000071cc00000| Untracked 
|1140|0x000000071d000000, 0x000000071d000000, 0x000000071d400000|  0%| F|  |TAMS 0x000000071d000000, 0x000000071d000000| Untracked 
|1141|0x000000071d400000, 0x000000071d400000, 0x000000071d800000|  0%| F|  |TAMS 0x000000071d400000, 0x000000071d400000| Untracked 
|1142|0x000000071d800000, 0x000000071d800000, 0x000000071dc00000|  0%| F|  |TAMS 0x000000071d800000, 0x000000071d800000| Untracked 
|1143|0x000000071dc00000, 0x000000071dc00000, 0x000000071e000000|  0%| F|  |TAMS 0x000000071dc00000, 0x000000071dc00000| Untracked 
|1144|0x000000071e000000, 0x000000071e000000, 0x000000071e400000|  0%| F|  |TAMS 0x000000071e000000, 0x000000071e000000| Untracked 
|1145|0x000000071e400000, 0x000000071e400000, 0x000000071e800000|  0%| F|  |TAMS 0x000000071e400000, 0x000000071e400000| Untracked 
|1146|0x000000071e800000, 0x000000071e800000, 0x000000071ec00000|  0%| F|  |TAMS 0x000000071e800000, 0x000000071e800000| Untracked 
|1147|0x000000071ec00000, 0x000000071ec00000, 0x000000071f000000|  0%| F|  |TAMS 0x000000071ec00000, 0x000000071ec00000| Untracked 
|1148|0x000000071f000000, 0x000000071f000000, 0x000000071f400000|  0%| F|  |TAMS 0x000000071f000000, 0x000000071f000000| Untracked 
|1149|0x000000071f400000, 0x000000071f400000, 0x000000071f800000|  0%| F|  |TAMS 0x000000071f400000, 0x000000071f400000| Untracked 
|1150|0x000000071f800000, 0x000000071f800000, 0x000000071fc00000|  0%| F|  |TAMS 0x000000071f800000, 0x000000071f800000| Untracked 
|1151|0x000000071fc00000, 0x000000071fc00000, 0x0000000720000000|  0%| F|  |TAMS 0x000000071fc00000, 0x000000071fc00000| Untracked 
|1152|0x0000000720000000, 0x0000000720000000, 0x0000000720400000|  0%| F|  |TAMS 0x0000000720000000, 0x0000000720000000| Untracked 
|1153|0x0000000720400000, 0x0000000720400000, 0x0000000720800000|  0%| F|  |TAMS 0x0000000720400000, 0x0000000720400000| Untracked 
|1154|0x0000000720800000, 0x0000000720800000, 0x0000000720c00000|  0%| F|  |TAMS 0x0000000720800000, 0x0000000720800000| Untracked 
|1155|0x0000000720c00000, 0x0000000720c00000, 0x0000000721000000|  0%| F|  |TAMS 0x0000000720c00000, 0x0000000720c00000| Untracked 
|1156|0x0000000721000000, 0x0000000721000000, 0x0000000721400000|  0%| F|  |TAMS 0x0000000721000000, 0x0000000721000000| Untracked 
|1157|0x0000000721400000, 0x0000000721400000, 0x0000000721800000|  0%| F|  |TAMS 0x0000000721400000, 0x0000000721400000| Untracked 
|1158|0x0000000721800000, 0x0000000721800000, 0x0000000721c00000|  0%| F|  |TAMS 0x0000000721800000, 0x0000000721800000| Untracked 
|1159|0x0000000721c00000, 0x0000000721c00000, 0x0000000722000000|  0%| F|  |TAMS 0x0000000721c00000, 0x0000000721c00000| Untracked 
|1160|0x0000000722000000, 0x0000000722000000, 0x0000000722400000|  0%| F|  |TAMS 0x0000000722000000, 0x0000000722000000| Untracked 
|1161|0x0000000722400000, 0x0000000722400000, 0x0000000722800000|  0%| F|  |TAMS 0x0000000722400000, 0x0000000722400000| Untracked 
|1162|0x0000000722800000, 0x0000000722800000, 0x0000000722c00000|  0%| F|  |TAMS 0x0000000722800000, 0x0000000722800000| Untracked 
|1163|0x0000000722c00000, 0x0000000722c00000, 0x0000000723000000|  0%| F|  |TAMS 0x0000000722c00000, 0x0000000722c00000| Untracked 
|1164|0x0000000723000000, 0x0000000723000000, 0x0000000723400000|  0%| F|  |TAMS 0x0000000723000000, 0x0000000723000000| Untracked 
|1165|0x0000000723400000, 0x0000000723400000, 0x0000000723800000|  0%| F|  |TAMS 0x0000000723400000, 0x0000000723400000| Untracked 
|1166|0x0000000723800000, 0x0000000723800000, 0x0000000723c00000|  0%| F|  |TAMS 0x0000000723800000, 0x0000000723800000| Untracked 
|1167|0x0000000723c00000, 0x0000000723c00000, 0x0000000724000000|  0%| F|  |TAMS 0x0000000723c00000, 0x0000000723c00000| Untracked 
|1168|0x0000000724000000, 0x0000000724000000, 0x0000000724400000|  0%| F|  |TAMS 0x0000000724000000, 0x0000000724000000| Untracked 
|1169|0x0000000724400000, 0x0000000724400000, 0x0000000724800000|  0%| F|  |TAMS 0x0000000724400000, 0x0000000724400000| Untracked 
|1170|0x0000000724800000, 0x0000000724800000, 0x0000000724c00000|  0%| F|  |TAMS 0x0000000724800000, 0x0000000724800000| Untracked 
|1171|0x0000000724c00000, 0x0000000724c00000, 0x0000000725000000|  0%| F|  |TAMS 0x0000000724c00000, 0x0000000724c00000| Untracked 
|1172|0x0000000725000000, 0x0000000725000000, 0x0000000725400000|  0%| F|  |TAMS 0x0000000725000000, 0x0000000725000000| Untracked 
|1173|0x0000000725400000, 0x0000000725400000, 0x0000000725800000|  0%| F|  |TAMS 0x0000000725400000, 0x0000000725400000| Untracked 
|1174|0x0000000725800000, 0x0000000725800000, 0x0000000725c00000|  0%| F|  |TAMS 0x0000000725800000, 0x0000000725800000| Untracked 
|1175|0x0000000725c00000, 0x0000000725c00000, 0x0000000726000000|  0%| F|  |TAMS 0x0000000725c00000, 0x0000000725c00000| Untracked 
|1176|0x0000000726000000, 0x0000000726000000, 0x0000000726400000|  0%| F|  |TAMS 0x0000000726000000, 0x0000000726000000| Untracked 
|1177|0x0000000726400000, 0x0000000726400000, 0x0000000726800000|  0%| F|  |TAMS 0x0000000726400000, 0x0000000726400000| Untracked 
|1178|0x0000000726800000, 0x0000000726800000, 0x0000000726c00000|  0%| F|  |TAMS 0x0000000726800000, 0x0000000726800000| Untracked 
|1179|0x0000000726c00000, 0x0000000726c00000, 0x0000000727000000|  0%| F|  |TAMS 0x0000000726c00000, 0x0000000726c00000| Untracked 
|1180|0x0000000727000000, 0x0000000727000000, 0x0000000727400000|  0%| F|  |TAMS 0x0000000727000000, 0x0000000727000000| Untracked 
|1181|0x0000000727400000, 0x0000000727400000, 0x0000000727800000|  0%| F|  |TAMS 0x0000000727400000, 0x0000000727400000| Untracked 
|1182|0x0000000727800000, 0x0000000727800000, 0x0000000727c00000|  0%| F|  |TAMS 0x0000000727800000, 0x0000000727800000| Untracked 
|1183|0x0000000727c00000, 0x0000000727c00000, 0x0000000728000000|  0%| F|  |TAMS 0x0000000727c00000, 0x0000000727c00000| Untracked 
|1184|0x0000000728000000, 0x0000000728000000, 0x0000000728400000|  0%| F|  |TAMS 0x0000000728000000, 0x0000000728000000| Untracked 
|1185|0x0000000728400000, 0x0000000728400000, 0x0000000728800000|  0%| F|  |TAMS 0x0000000728400000, 0x0000000728400000| Untracked 
|1186|0x0000000728800000, 0x0000000728800000, 0x0000000728c00000|  0%| F|  |TAMS 0x0000000728800000, 0x0000000728800000| Untracked 
|1187|0x0000000728c00000, 0x0000000728c00000, 0x0000000729000000|  0%| F|  |TAMS 0x0000000728c00000, 0x0000000728c00000| Untracked 
|1188|0x0000000729000000, 0x0000000729000000, 0x0000000729400000|  0%| F|  |TAMS 0x0000000729000000, 0x0000000729000000| Untracked 
|1189|0x0000000729400000, 0x0000000729400000, 0x0000000729800000|  0%| F|  |TAMS 0x0000000729400000, 0x0000000729400000| Untracked 
|1190|0x0000000729800000, 0x0000000729800000, 0x0000000729c00000|  0%| F|  |TAMS 0x0000000729800000, 0x0000000729800000| Untracked 
|1191|0x0000000729c00000, 0x0000000729c00000, 0x000000072a000000|  0%| F|  |TAMS 0x0000000729c00000, 0x0000000729c00000| Untracked 
|1192|0x000000072a000000, 0x000000072a000000, 0x000000072a400000|  0%| F|  |TAMS 0x000000072a000000, 0x000000072a000000| Untracked 
|1193|0x000000072a400000, 0x000000072a400000, 0x000000072a800000|  0%| F|  |TAMS 0x000000072a400000, 0x000000072a400000| Untracked 
|1194|0x000000072a800000, 0x000000072a800000, 0x000000072ac00000|  0%| F|  |TAMS 0x000000072a800000, 0x000000072a800000| Untracked 
|1195|0x000000072ac00000, 0x000000072ac00000, 0x000000072b000000|  0%| F|  |TAMS 0x000000072ac00000, 0x000000072ac00000| Untracked 
|1196|0x000000072b000000, 0x000000072b000000, 0x000000072b400000|  0%| F|  |TAMS 0x000000072b000000, 0x000000072b000000| Untracked 
|1197|0x000000072b400000, 0x000000072b400000, 0x000000072b800000|  0%| F|  |TAMS 0x000000072b400000, 0x000000072b400000| Untracked 
|1198|0x000000072b800000, 0x000000072b800000, 0x000000072bc00000|  0%| F|  |TAMS 0x000000072b800000, 0x000000072b800000| Untracked 
|1199|0x000000072bc00000, 0x000000072bc00000, 0x000000072c000000|  0%| F|  |TAMS 0x000000072bc00000, 0x000000072bc00000| Untracked 
|1200|0x000000072c000000, 0x000000072c000000, 0x000000072c400000|  0%| F|  |TAMS 0x000000072c000000, 0x000000072c000000| Untracked 
|1201|0x000000072c400000, 0x000000072c400000, 0x000000072c800000|  0%| F|  |TAMS 0x000000072c400000, 0x000000072c400000| Untracked 
|1202|0x000000072c800000, 0x000000072c800000, 0x000000072cc00000|  0%| F|  |TAMS 0x000000072c800000, 0x000000072c800000| Untracked 
|1203|0x000000072cc00000, 0x000000072cc00000, 0x000000072d000000|  0%| F|  |TAMS 0x000000072cc00000, 0x000000072cc00000| Untracked 
|1204|0x000000072d000000, 0x000000072d000000, 0x000000072d400000|  0%| F|  |TAMS 0x000000072d000000, 0x000000072d000000| Untracked 
|1205|0x000000072d400000, 0x000000072d400000, 0x000000072d800000|  0%| F|  |TAMS 0x000000072d400000, 0x000000072d400000| Untracked 
|1206|0x000000072d800000, 0x000000072d800000, 0x000000072dc00000|  0%| F|  |TAMS 0x000000072d800000, 0x000000072d800000| Untracked 
|1207|0x000000072dc00000, 0x000000072dc00000, 0x000000072e000000|  0%| F|  |TAMS 0x000000072dc00000, 0x000000072dc00000| Untracked 
|1208|0x000000072e000000, 0x000000072e000000, 0x000000072e400000|  0%| F|  |TAMS 0x000000072e000000, 0x000000072e000000| Untracked 
|1209|0x000000072e400000, 0x000000072e400000, 0x000000072e800000|  0%| F|  |TAMS 0x000000072e400000, 0x000000072e400000| Untracked 
|1210|0x000000072e800000, 0x000000072e800000, 0x000000072ec00000|  0%| F|  |TAMS 0x000000072e800000, 0x000000072e800000| Untracked 
|1211|0x000000072ec00000, 0x000000072ec00000, 0x000000072f000000|  0%| F|  |TAMS 0x000000072ec00000, 0x000000072ec00000| Untracked 
|1212|0x000000072f000000, 0x000000072f000000, 0x000000072f400000|  0%| F|  |TAMS 0x000000072f000000, 0x000000072f000000| Untracked 
|1213|0x000000072f400000, 0x000000072f400000, 0x000000072f800000|  0%| F|  |TAMS 0x000000072f400000, 0x000000072f400000| Untracked 
|1214|0x000000072f800000, 0x000000072f800000, 0x000000072fc00000|  0%| F|  |TAMS 0x000000072f800000, 0x000000072f800000| Untracked 
|1215|0x000000072fc00000, 0x000000072fc00000, 0x0000000730000000|  0%| F|  |TAMS 0x000000072fc00000, 0x000000072fc00000| Untracked 
|1216|0x0000000730000000, 0x0000000730000000, 0x0000000730400000|  0%| F|  |TAMS 0x0000000730000000, 0x0000000730000000| Untracked 
|1217|0x0000000730400000, 0x0000000730400000, 0x0000000730800000|  0%| F|  |TAMS 0x0000000730400000, 0x0000000730400000| Untracked 
|1218|0x0000000730800000, 0x0000000730800000, 0x0000000730c00000|  0%| F|  |TAMS 0x0000000730800000, 0x0000000730800000| Untracked 
|1219|0x0000000730c00000, 0x0000000730c00000, 0x0000000731000000|  0%| F|  |TAMS 0x0000000730c00000, 0x0000000730c00000| Untracked 
|1220|0x0000000731000000, 0x0000000731000000, 0x0000000731400000|  0%| F|  |TAMS 0x0000000731000000, 0x0000000731000000| Untracked 
|1221|0x0000000731400000, 0x0000000731400000, 0x0000000731800000|  0%| F|  |TAMS 0x0000000731400000, 0x0000000731400000| Untracked 
|1222|0x0000000731800000, 0x0000000731800000, 0x0000000731c00000|  0%| F|  |TAMS 0x0000000731800000, 0x0000000731800000| Untracked 
|1223|0x0000000731c00000, 0x0000000731c00000, 0x0000000732000000|  0%| F|  |TAMS 0x0000000731c00000, 0x0000000731c00000| Untracked 
|1224|0x0000000732000000, 0x0000000732000000, 0x0000000732400000|  0%| F|  |TAMS 0x0000000732000000, 0x0000000732000000| Untracked 
|1225|0x0000000732400000, 0x0000000732400000, 0x0000000732800000|  0%| F|  |TAMS 0x0000000732400000, 0x0000000732400000| Untracked 
|1226|0x0000000732800000, 0x0000000732800000, 0x0000000732c00000|  0%| F|  |TAMS 0x0000000732800000, 0x0000000732800000| Untracked 
|1227|0x0000000732c00000, 0x0000000732c00000, 0x0000000733000000|  0%| F|  |TAMS 0x0000000732c00000, 0x0000000732c00000| Untracked 
|1228|0x0000000733000000, 0x0000000733000000, 0x0000000733400000|  0%| F|  |TAMS 0x0000000733000000, 0x0000000733000000| Untracked 
|1229|0x0000000733400000, 0x0000000733400000, 0x0000000733800000|  0%| F|  |TAMS 0x0000000733400000, 0x0000000733400000| Untracked 
|1230|0x0000000733800000, 0x0000000733800000, 0x0000000733c00000|  0%| F|  |TAMS 0x0000000733800000, 0x0000000733800000| Untracked 
|1231|0x0000000733c00000, 0x0000000733c00000, 0x0000000734000000|  0%| F|  |TAMS 0x0000000733c00000, 0x0000000733c00000| Untracked 
|1232|0x0000000734000000, 0x0000000734000000, 0x0000000734400000|  0%| F|  |TAMS 0x0000000734000000, 0x0000000734000000| Untracked 
|1233|0x0000000734400000, 0x0000000734400000, 0x0000000734800000|  0%| F|  |TAMS 0x0000000734400000, 0x0000000734400000| Untracked 
|1234|0x0000000734800000, 0x0000000734800000, 0x0000000734c00000|  0%| F|  |TAMS 0x0000000734800000, 0x0000000734800000| Untracked 
|1235|0x0000000734c00000, 0x0000000734c00000, 0x0000000735000000|  0%| F|  |TAMS 0x0000000734c00000, 0x0000000734c00000| Untracked 
|1236|0x0000000735000000, 0x0000000735000000, 0x0000000735400000|  0%| F|  |TAMS 0x0000000735000000, 0x0000000735000000| Untracked 
|1237|0x0000000735400000, 0x0000000735400000, 0x0000000735800000|  0%| F|  |TAMS 0x0000000735400000, 0x0000000735400000| Untracked 
|1238|0x0000000735800000, 0x0000000735800000, 0x0000000735c00000|  0%| F|  |TAMS 0x0000000735800000, 0x0000000735800000| Untracked 
|1239|0x0000000735c00000, 0x0000000735c00000, 0x0000000736000000|  0%| F|  |TAMS 0x0000000735c00000, 0x0000000735c00000| Untracked 
|1240|0x0000000736000000, 0x0000000736000000, 0x0000000736400000|  0%| F|  |TAMS 0x0000000736000000, 0x0000000736000000| Untracked 
|1241|0x0000000736400000, 0x0000000736400000, 0x0000000736800000|  0%| F|  |TAMS 0x0000000736400000, 0x0000000736400000| Untracked 
|1242|0x0000000736800000, 0x0000000736800000, 0x0000000736c00000|  0%| F|  |TAMS 0x0000000736800000, 0x0000000736800000| Untracked 
|1243|0x0000000736c00000, 0x0000000736c00000, 0x0000000737000000|  0%| F|  |TAMS 0x0000000736c00000, 0x0000000736c00000| Untracked 
|1244|0x0000000737000000, 0x0000000737000000, 0x0000000737400000|  0%| F|  |TAMS 0x0000000737000000, 0x0000000737000000| Untracked 
|1245|0x0000000737400000, 0x0000000737400000, 0x0000000737800000|  0%| F|  |TAMS 0x0000000737400000, 0x0000000737400000| Untracked 
|1246|0x0000000737800000, 0x0000000737800000, 0x0000000737c00000|  0%| F|  |TAMS 0x0000000737800000, 0x0000000737800000| Untracked 
|1247|0x0000000737c00000, 0x0000000737c00000, 0x0000000738000000|  0%| F|  |TAMS 0x0000000737c00000, 0x0000000737c00000| Untracked 
|1248|0x0000000738000000, 0x0000000738000000, 0x0000000738400000|  0%| F|  |TAMS 0x0000000738000000, 0x0000000738000000| Untracked 
|1249|0x0000000738400000, 0x0000000738400000, 0x0000000738800000|  0%| F|  |TAMS 0x0000000738400000, 0x0000000738400000| Untracked 
|1250|0x0000000738800000, 0x0000000738800000, 0x0000000738c00000|  0%| F|  |TAMS 0x0000000738800000, 0x0000000738800000| Untracked 
|1251|0x0000000738c00000, 0x0000000738c00000, 0x0000000739000000|  0%| F|  |TAMS 0x0000000738c00000, 0x0000000738c00000| Untracked 
|1252|0x0000000739000000, 0x0000000739000000, 0x0000000739400000|  0%| F|  |TAMS 0x0000000739000000, 0x0000000739000000| Untracked 
|1253|0x0000000739400000, 0x0000000739400000, 0x0000000739800000|  0%| F|  |TAMS 0x0000000739400000, 0x0000000739400000| Untracked 
|1254|0x0000000739800000, 0x0000000739800000, 0x0000000739c00000|  0%| F|  |TAMS 0x0000000739800000, 0x0000000739800000| Untracked 
|1255|0x0000000739c00000, 0x0000000739c00000, 0x000000073a000000|  0%| F|  |TAMS 0x0000000739c00000, 0x0000000739c00000| Untracked 
|1256|0x000000073a000000, 0x000000073a000000, 0x000000073a400000|  0%| F|  |TAMS 0x000000073a000000, 0x000000073a000000| Untracked 
|1257|0x000000073a400000, 0x000000073a400000, 0x000000073a800000|  0%| F|  |TAMS 0x000000073a400000, 0x000000073a400000| Untracked 
|1258|0x000000073a800000, 0x000000073a800000, 0x000000073ac00000|  0%| F|  |TAMS 0x000000073a800000, 0x000000073a800000| Untracked 
|1259|0x000000073ac00000, 0x000000073ac00000, 0x000000073b000000|  0%| F|  |TAMS 0x000000073ac00000, 0x000000073ac00000| Untracked 
|1260|0x000000073b000000, 0x000000073b000000, 0x000000073b400000|  0%| F|  |TAMS 0x000000073b000000, 0x000000073b000000| Untracked 
|1261|0x000000073b400000, 0x000000073b400000, 0x000000073b800000|  0%| F|  |TAMS 0x000000073b400000, 0x000000073b400000| Untracked 
|1262|0x000000073b800000, 0x000000073b800000, 0x000000073bc00000|  0%| F|  |TAMS 0x000000073b800000, 0x000000073b800000| Untracked 
|1263|0x000000073bc00000, 0x000000073bc00000, 0x000000073c000000|  0%| F|  |TAMS 0x000000073bc00000, 0x000000073bc00000| Untracked 
|1264|0x000000073c000000, 0x000000073c000000, 0x000000073c400000|  0%| F|  |TAMS 0x000000073c000000, 0x000000073c000000| Untracked 
|1265|0x000000073c400000, 0x000000073c400000, 0x000000073c800000|  0%| F|  |TAMS 0x000000073c400000, 0x000000073c400000| Untracked 
|1266|0x000000073c800000, 0x000000073c800000, 0x000000073cc00000|  0%| F|  |TAMS 0x000000073c800000, 0x000000073c800000| Untracked 
|1267|0x000000073cc00000, 0x000000073cc00000, 0x000000073d000000|  0%| F|  |TAMS 0x000000073cc00000, 0x000000073cc00000| Untracked 
|1268|0x000000073d000000, 0x000000073d000000, 0x000000073d400000|  0%| F|  |TAMS 0x000000073d000000, 0x000000073d000000| Untracked 
|1269|0x000000073d400000, 0x000000073d400000, 0x000000073d800000|  0%| F|  |TAMS 0x000000073d400000, 0x000000073d400000| Untracked 
|1270|0x000000073d800000, 0x000000073d800000, 0x000000073dc00000|  0%| F|  |TAMS 0x000000073d800000, 0x000000073d800000| Untracked 
|1271|0x000000073dc00000, 0x000000073dc00000, 0x000000073e000000|  0%| F|  |TAMS 0x000000073dc00000, 0x000000073dc00000| Untracked 
|1272|0x000000073e000000, 0x000000073e000000, 0x000000073e400000|  0%| F|  |TAMS 0x000000073e000000, 0x000000073e000000| Untracked 
|1273|0x000000073e400000, 0x000000073e400000, 0x000000073e800000|  0%| F|  |TAMS 0x000000073e400000, 0x000000073e400000| Untracked 
|1274|0x000000073e800000, 0x000000073e800000, 0x000000073ec00000|  0%| F|  |TAMS 0x000000073e800000, 0x000000073e800000| Untracked 
|1275|0x000000073ec00000, 0x000000073ec00000, 0x000000073f000000|  0%| F|  |TAMS 0x000000073ec00000, 0x000000073ec00000| Untracked 
|1276|0x000000073f000000, 0x000000073f000000, 0x000000073f400000|  0%| F|  |TAMS 0x000000073f000000, 0x000000073f000000| Untracked 
|1277|0x000000073f400000, 0x000000073f400000, 0x000000073f800000|  0%| F|  |TAMS 0x000000073f400000, 0x000000073f400000| Untracked 
|1278|0x000000073f800000, 0x000000073f800000, 0x000000073fc00000|  0%| F|  |TAMS 0x000000073f800000, 0x000000073f800000| Untracked 
|1279|0x000000073fc00000, 0x000000073fc00000, 0x0000000740000000|  0%| F|  |TAMS 0x000000073fc00000, 0x000000073fc00000| Untracked 
|1280|0x0000000740000000, 0x0000000740000000, 0x0000000740400000|  0%| F|  |TAMS 0x0000000740000000, 0x0000000740000000| Untracked 
|1281|0x0000000740400000, 0x0000000740400000, 0x0000000740800000|  0%| F|  |TAMS 0x0000000740400000, 0x0000000740400000| Untracked 
|1282|0x0000000740800000, 0x0000000740800000, 0x0000000740c00000|  0%| F|  |TAMS 0x0000000740800000, 0x0000000740800000| Untracked 
|1283|0x0000000740c00000, 0x0000000740c00000, 0x0000000741000000|  0%| F|  |TAMS 0x0000000740c00000, 0x0000000740c00000| Untracked 
|1284|0x0000000741000000, 0x0000000741000000, 0x0000000741400000|  0%| F|  |TAMS 0x0000000741000000, 0x0000000741000000| Untracked 
|1285|0x0000000741400000, 0x0000000741400000, 0x0000000741800000|  0%| F|  |TAMS 0x0000000741400000, 0x0000000741400000| Untracked 
|1286|0x0000000741800000, 0x0000000741800000, 0x0000000741c00000|  0%| F|  |TAMS 0x0000000741800000, 0x0000000741800000| Untracked 
|1287|0x0000000741c00000, 0x0000000741c00000, 0x0000000742000000|  0%| F|  |TAMS 0x0000000741c00000, 0x0000000741c00000| Untracked 
|1288|0x0000000742000000, 0x0000000742000000, 0x0000000742400000|  0%| F|  |TAMS 0x0000000742000000, 0x0000000742000000| Untracked 
|1289|0x0000000742400000, 0x0000000742400000, 0x0000000742800000|  0%| F|  |TAMS 0x0000000742400000, 0x0000000742400000| Untracked 
|1290|0x0000000742800000, 0x0000000742800000, 0x0000000742c00000|  0%| F|  |TAMS 0x0000000742800000, 0x0000000742800000| Untracked 
|1291|0x0000000742c00000, 0x0000000742c00000, 0x0000000743000000|  0%| F|  |TAMS 0x0000000742c00000, 0x0000000742c00000| Untracked 
|1292|0x0000000743000000, 0x0000000743000000, 0x0000000743400000|  0%| F|  |TAMS 0x0000000743000000, 0x0000000743000000| Untracked 
|1293|0x0000000743400000, 0x0000000743400000, 0x0000000743800000|  0%| F|  |TAMS 0x0000000743400000, 0x0000000743400000| Untracked 
|1294|0x0000000743800000, 0x0000000743800000, 0x0000000743c00000|  0%| F|  |TAMS 0x0000000743800000, 0x0000000743800000| Untracked 
|1295|0x0000000743c00000, 0x0000000743c00000, 0x0000000744000000|  0%| F|  |TAMS 0x0000000743c00000, 0x0000000743c00000| Untracked 
|1296|0x0000000744000000, 0x0000000744000000, 0x0000000744400000|  0%| F|  |TAMS 0x0000000744000000, 0x0000000744000000| Untracked 
|1297|0x0000000744400000, 0x0000000744400000, 0x0000000744800000|  0%| F|  |TAMS 0x0000000744400000, 0x0000000744400000| Untracked 
|1298|0x0000000744800000, 0x0000000744800000, 0x0000000744c00000|  0%| F|  |TAMS 0x0000000744800000, 0x0000000744800000| Untracked 
|1299|0x0000000744c00000, 0x0000000744c00000, 0x0000000745000000|  0%| F|  |TAMS 0x0000000744c00000, 0x0000000744c00000| Untracked 
|1300|0x0000000745000000, 0x0000000745000000, 0x0000000745400000|  0%| F|  |TAMS 0x0000000745000000, 0x0000000745000000| Untracked 
|1301|0x0000000745400000, 0x0000000745400000, 0x0000000745800000|  0%| F|  |TAMS 0x0000000745400000, 0x0000000745400000| Untracked 
|1302|0x0000000745800000, 0x0000000745800000, 0x0000000745c00000|  0%| F|  |TAMS 0x0000000745800000, 0x0000000745800000| Untracked 
|1303|0x0000000745c00000, 0x0000000745c00000, 0x0000000746000000|  0%| F|  |TAMS 0x0000000745c00000, 0x0000000745c00000| Untracked 
|1304|0x0000000746000000, 0x0000000746000000, 0x0000000746400000|  0%| F|  |TAMS 0x0000000746000000, 0x0000000746000000| Untracked 
|1305|0x0000000746400000, 0x0000000746400000, 0x0000000746800000|  0%| F|  |TAMS 0x0000000746400000, 0x0000000746400000| Untracked 
|1306|0x0000000746800000, 0x0000000746800000, 0x0000000746c00000|  0%| F|  |TAMS 0x0000000746800000, 0x0000000746800000| Untracked 
|1307|0x0000000746c00000, 0x0000000746c00000, 0x0000000747000000|  0%| F|  |TAMS 0x0000000746c00000, 0x0000000746c00000| Untracked 
|1308|0x0000000747000000, 0x0000000747000000, 0x0000000747400000|  0%| F|  |TAMS 0x0000000747000000, 0x0000000747000000| Untracked 
|1309|0x0000000747400000, 0x0000000747400000, 0x0000000747800000|  0%| F|  |TAMS 0x0000000747400000, 0x0000000747400000| Untracked 
|1310|0x0000000747800000, 0x0000000747800000, 0x0000000747c00000|  0%| F|  |TAMS 0x0000000747800000, 0x0000000747800000| Untracked 
|1311|0x0000000747c00000, 0x0000000747c00000, 0x0000000748000000|  0%| F|  |TAMS 0x0000000747c00000, 0x0000000747c00000| Untracked 
|1312|0x0000000748000000, 0x0000000748000000, 0x0000000748400000|  0%| F|  |TAMS 0x0000000748000000, 0x0000000748000000| Untracked 
|1313|0x0000000748400000, 0x0000000748400000, 0x0000000748800000|  0%| F|  |TAMS 0x0000000748400000, 0x0000000748400000| Untracked 
|1314|0x0000000748800000, 0x0000000748800000, 0x0000000748c00000|  0%| F|  |TAMS 0x0000000748800000, 0x0000000748800000| Untracked 
|1315|0x0000000748c00000, 0x0000000748c00000, 0x0000000749000000|  0%| F|  |TAMS 0x0000000748c00000, 0x0000000748c00000| Untracked 
|1316|0x0000000749000000, 0x0000000749000000, 0x0000000749400000|  0%| F|  |TAMS 0x0000000749000000, 0x0000000749000000| Untracked 
|1317|0x0000000749400000, 0x0000000749400000, 0x0000000749800000|  0%| F|  |TAMS 0x0000000749400000, 0x0000000749400000| Untracked 
|1318|0x0000000749800000, 0x0000000749800000, 0x0000000749c00000|  0%| F|  |TAMS 0x0000000749800000, 0x0000000749800000| Untracked 
|1319|0x0000000749c00000, 0x0000000749c00000, 0x000000074a000000|  0%| F|  |TAMS 0x0000000749c00000, 0x0000000749c00000| Untracked 
|1320|0x000000074a000000, 0x000000074a000000, 0x000000074a400000|  0%| F|  |TAMS 0x000000074a000000, 0x000000074a000000| Untracked 
|1321|0x000000074a400000, 0x000000074a400000, 0x000000074a800000|  0%| F|  |TAMS 0x000000074a400000, 0x000000074a400000| Untracked 
|1322|0x000000074a800000, 0x000000074a800000, 0x000000074ac00000|  0%| F|  |TAMS 0x000000074a800000, 0x000000074a800000| Untracked 
|1323|0x000000074ac00000, 0x000000074ac00000, 0x000000074b000000|  0%| F|  |TAMS 0x000000074ac00000, 0x000000074ac00000| Untracked 
|1324|0x000000074b000000, 0x000000074b000000, 0x000000074b400000|  0%| F|  |TAMS 0x000000074b000000, 0x000000074b000000| Untracked 
|1325|0x000000074b400000, 0x000000074b400000, 0x000000074b800000|  0%| F|  |TAMS 0x000000074b400000, 0x000000074b400000| Untracked 
|1326|0x000000074b800000, 0x000000074b800000, 0x000000074bc00000|  0%| F|  |TAMS 0x000000074b800000, 0x000000074b800000| Untracked 
|1327|0x000000074bc00000, 0x000000074bc00000, 0x000000074c000000|  0%| F|  |TAMS 0x000000074bc00000, 0x000000074bc00000| Untracked 
|1328|0x000000074c000000, 0x000000074c000000, 0x000000074c400000|  0%| F|  |TAMS 0x000000074c000000, 0x000000074c000000| Untracked 
|1329|0x000000074c400000, 0x000000074c400000, 0x000000074c800000|  0%| F|  |TAMS 0x000000074c400000, 0x000000074c400000| Untracked 
|1330|0x000000074c800000, 0x000000074c800000, 0x000000074cc00000|  0%| F|  |TAMS 0x000000074c800000, 0x000000074c800000| Untracked 
|1331|0x000000074cc00000, 0x000000074cc00000, 0x000000074d000000|  0%| F|  |TAMS 0x000000074cc00000, 0x000000074cc00000| Untracked 
|1332|0x000000074d000000, 0x000000074d000000, 0x000000074d400000|  0%| F|  |TAMS 0x000000074d000000, 0x000000074d000000| Untracked 
|1333|0x000000074d400000, 0x000000074d400000, 0x000000074d800000|  0%| F|  |TAMS 0x000000074d400000, 0x000000074d400000| Untracked 
|1334|0x000000074d800000, 0x000000074d800000, 0x000000074dc00000|  0%| F|  |TAMS 0x000000074d800000, 0x000000074d800000| Untracked 
|1335|0x000000074dc00000, 0x000000074dc00000, 0x000000074e000000|  0%| F|  |TAMS 0x000000074dc00000, 0x000000074dc00000| Untracked 
|1336|0x000000074e000000, 0x000000074e000000, 0x000000074e400000|  0%| F|  |TAMS 0x000000074e000000, 0x000000074e000000| Untracked 
|1337|0x000000074e400000, 0x000000074e400000, 0x000000074e800000|  0%| F|  |TAMS 0x000000074e400000, 0x000000074e400000| Untracked 
|1338|0x000000074e800000, 0x000000074e800000, 0x000000074ec00000|  0%| F|  |TAMS 0x000000074e800000, 0x000000074e800000| Untracked 
|1339|0x000000074ec00000, 0x000000074ec00000, 0x000000074f000000|  0%| F|  |TAMS 0x000000074ec00000, 0x000000074ec00000| Untracked 
|1340|0x000000074f000000, 0x000000074f000000, 0x000000074f400000|  0%| F|  |TAMS 0x000000074f000000, 0x000000074f000000| Untracked 
|1341|0x000000074f400000, 0x000000074f400000, 0x000000074f800000|  0%| F|  |TAMS 0x000000074f400000, 0x000000074f400000| Untracked 
|1342|0x000000074f800000, 0x000000074f800000, 0x000000074fc00000|  0%| F|  |TAMS 0x000000074f800000, 0x000000074f800000| Untracked 
|1343|0x000000074fc00000, 0x000000074fc00000, 0x0000000750000000|  0%| F|  |TAMS 0x000000074fc00000, 0x000000074fc00000| Untracked 
|1344|0x0000000750000000, 0x0000000750000000, 0x0000000750400000|  0%| F|  |TAMS 0x0000000750000000, 0x0000000750000000| Untracked 
|1345|0x0000000750400000, 0x0000000750400000, 0x0000000750800000|  0%| F|  |TAMS 0x0000000750400000, 0x0000000750400000| Untracked 
|1346|0x0000000750800000, 0x0000000750800000, 0x0000000750c00000|  0%| F|  |TAMS 0x0000000750800000, 0x0000000750800000| Untracked 
|1347|0x0000000750c00000, 0x0000000750c00000, 0x0000000751000000|  0%| F|  |TAMS 0x0000000750c00000, 0x0000000750c00000| Untracked 
|1348|0x0000000751000000, 0x0000000751000000, 0x0000000751400000|  0%| F|  |TAMS 0x0000000751000000, 0x0000000751000000| Untracked 
|1349|0x0000000751400000, 0x0000000751400000, 0x0000000751800000|  0%| F|  |TAMS 0x0000000751400000, 0x0000000751400000| Untracked 
|1350|0x0000000751800000, 0x0000000751800000, 0x0000000751c00000|  0%| F|  |TAMS 0x0000000751800000, 0x0000000751800000| Untracked 
|1351|0x0000000751c00000, 0x0000000751c00000, 0x0000000752000000|  0%| F|  |TAMS 0x0000000751c00000, 0x0000000751c00000| Untracked 
|1352|0x0000000752000000, 0x0000000752000000, 0x0000000752400000|  0%| F|  |TAMS 0x0000000752000000, 0x0000000752000000| Untracked 
|1353|0x0000000752400000, 0x0000000752400000, 0x0000000752800000|  0%| F|  |TAMS 0x0000000752400000, 0x0000000752400000| Untracked 
|1354|0x0000000752800000, 0x0000000752800000, 0x0000000752c00000|  0%| F|  |TAMS 0x0000000752800000, 0x0000000752800000| Untracked 
|1355|0x0000000752c00000, 0x0000000752c00000, 0x0000000753000000|  0%| F|  |TAMS 0x0000000752c00000, 0x0000000752c00000| Untracked 
|1356|0x0000000753000000, 0x0000000753000000, 0x0000000753400000|  0%| F|  |TAMS 0x0000000753000000, 0x0000000753000000| Untracked 
|1357|0x0000000753400000, 0x0000000753400000, 0x0000000753800000|  0%| F|  |TAMS 0x0000000753400000, 0x0000000753400000| Untracked 
|1358|0x0000000753800000, 0x0000000753800000, 0x0000000753c00000|  0%| F|  |TAMS 0x0000000753800000, 0x0000000753800000| Untracked 
|1359|0x0000000753c00000, 0x0000000753c00000, 0x0000000754000000|  0%| F|  |TAMS 0x0000000753c00000, 0x0000000753c00000| Untracked 
|1360|0x0000000754000000, 0x0000000754000000, 0x0000000754400000|  0%| F|  |TAMS 0x0000000754000000, 0x0000000754000000| Untracked 
|1361|0x0000000754400000, 0x0000000754400000, 0x0000000754800000|  0%| F|  |TAMS 0x0000000754400000, 0x0000000754400000| Untracked 
|1362|0x0000000754800000, 0x0000000754800000, 0x0000000754c00000|  0%| F|  |TAMS 0x0000000754800000, 0x0000000754800000| Untracked 
|1363|0x0000000754c00000, 0x0000000754c00000, 0x0000000755000000|  0%| F|  |TAMS 0x0000000754c00000, 0x0000000754c00000| Untracked 
|1364|0x0000000755000000, 0x0000000755000000, 0x0000000755400000|  0%| F|  |TAMS 0x0000000755000000, 0x0000000755000000| Untracked 
|1365|0x0000000755400000, 0x0000000755400000, 0x0000000755800000|  0%| F|  |TAMS 0x0000000755400000, 0x0000000755400000| Untracked 
|1366|0x0000000755800000, 0x0000000755800000, 0x0000000755c00000|  0%| F|  |TAMS 0x0000000755800000, 0x0000000755800000| Untracked 
|1367|0x0000000755c00000, 0x0000000755c00000, 0x0000000756000000|  0%| F|  |TAMS 0x0000000755c00000, 0x0000000755c00000| Untracked 
|1368|0x0000000756000000, 0x0000000756000000, 0x0000000756400000|  0%| F|  |TAMS 0x0000000756000000, 0x0000000756000000| Untracked 
|1369|0x0000000756400000, 0x0000000756400000, 0x0000000756800000|  0%| F|  |TAMS 0x0000000756400000, 0x0000000756400000| Untracked 
|1370|0x0000000756800000, 0x0000000756800000, 0x0000000756c00000|  0%| F|  |TAMS 0x0000000756800000, 0x0000000756800000| Untracked 
|1371|0x0000000756c00000, 0x0000000756c00000, 0x0000000757000000|  0%| F|  |TAMS 0x0000000756c00000, 0x0000000756c00000| Untracked 
|1372|0x0000000757000000, 0x0000000757000000, 0x0000000757400000|  0%| F|  |TAMS 0x0000000757000000, 0x0000000757000000| Untracked 
|1373|0x0000000757400000, 0x0000000757400000, 0x0000000757800000|  0%| F|  |TAMS 0x0000000757400000, 0x0000000757400000| Untracked 
|1374|0x0000000757800000, 0x0000000757800000, 0x0000000757c00000|  0%| F|  |TAMS 0x0000000757800000, 0x0000000757800000| Untracked 
|1375|0x0000000757c00000, 0x0000000757c00000, 0x0000000758000000|  0%| F|  |TAMS 0x0000000757c00000, 0x0000000757c00000| Untracked 
|1376|0x0000000758000000, 0x0000000758000000, 0x0000000758400000|  0%| F|  |TAMS 0x0000000758000000, 0x0000000758000000| Untracked 
|1377|0x0000000758400000, 0x0000000758400000, 0x0000000758800000|  0%| F|  |TAMS 0x0000000758400000, 0x0000000758400000| Untracked 
|1378|0x0000000758800000, 0x0000000758800000, 0x0000000758c00000|  0%| F|  |TAMS 0x0000000758800000, 0x0000000758800000| Untracked 
|1379|0x0000000758c00000, 0x0000000758c00000, 0x0000000759000000|  0%| F|  |TAMS 0x0000000758c00000, 0x0000000758c00000| Untracked 
|1380|0x0000000759000000, 0x0000000759000000, 0x0000000759400000|  0%| F|  |TAMS 0x0000000759000000, 0x0000000759000000| Untracked 
|1381|0x0000000759400000, 0x0000000759400000, 0x0000000759800000|  0%| F|  |TAMS 0x0000000759400000, 0x0000000759400000| Untracked 
|1382|0x0000000759800000, 0x0000000759800000, 0x0000000759c00000|  0%| F|  |TAMS 0x0000000759800000, 0x0000000759800000| Untracked 
|1383|0x0000000759c00000, 0x0000000759c00000, 0x000000075a000000|  0%| F|  |TAMS 0x0000000759c00000, 0x0000000759c00000| Untracked 
|1384|0x000000075a000000, 0x000000075a000000, 0x000000075a400000|  0%| F|  |TAMS 0x000000075a000000, 0x000000075a000000| Untracked 
|1385|0x000000075a400000, 0x000000075a400000, 0x000000075a800000|  0%| F|  |TAMS 0x000000075a400000, 0x000000075a400000| Untracked 
|1386|0x000000075a800000, 0x000000075a800000, 0x000000075ac00000|  0%| F|  |TAMS 0x000000075a800000, 0x000000075a800000| Untracked 
|1387|0x000000075ac00000, 0x000000075ac00000, 0x000000075b000000|  0%| F|  |TAMS 0x000000075ac00000, 0x000000075ac00000| Untracked 
|1388|0x000000075b000000, 0x000000075b000000, 0x000000075b400000|  0%| F|  |TAMS 0x000000075b000000, 0x000000075b000000| Untracked 
|1389|0x000000075b400000, 0x000000075b400000, 0x000000075b800000|  0%| F|  |TAMS 0x000000075b400000, 0x000000075b400000| Untracked 
|1390|0x000000075b800000, 0x000000075b800000, 0x000000075bc00000|  0%| F|  |TAMS 0x000000075b800000, 0x000000075b800000| Untracked 
|1391|0x000000075bc00000, 0x000000075bc00000, 0x000000075c000000|  0%| F|  |TAMS 0x000000075bc00000, 0x000000075bc00000| Untracked 
|1392|0x000000075c000000, 0x000000075c000000, 0x000000075c400000|  0%| F|  |TAMS 0x000000075c000000, 0x000000075c000000| Untracked 
|1393|0x000000075c400000, 0x000000075c400000, 0x000000075c800000|  0%| F|  |TAMS 0x000000075c400000, 0x000000075c400000| Untracked 
|1394|0x000000075c800000, 0x000000075c800000, 0x000000075cc00000|  0%| F|  |TAMS 0x000000075c800000, 0x000000075c800000| Untracked 
|1395|0x000000075cc00000, 0x000000075cc00000, 0x000000075d000000|  0%| F|  |TAMS 0x000000075cc00000, 0x000000075cc00000| Untracked 
|1396|0x000000075d000000, 0x000000075d000000, 0x000000075d400000|  0%| F|  |TAMS 0x000000075d000000, 0x000000075d000000| Untracked 
|1397|0x000000075d400000, 0x000000075d400000, 0x000000075d800000|  0%| F|  |TAMS 0x000000075d400000, 0x000000075d400000| Untracked 
|1398|0x000000075d800000, 0x000000075d800000, 0x000000075dc00000|  0%| F|  |TAMS 0x000000075d800000, 0x000000075d800000| Untracked 
|1399|0x000000075dc00000, 0x000000075dfb1f00, 0x000000075e000000| 92%| S|CS|TAMS 0x000000075dc00000, 0x000000075dc00000| Complete 
|1400|0x000000075e000000, 0x000000075e400000, 0x000000075e400000|100%| S|CS|TAMS 0x000000075e000000, 0x000000075e000000| Complete 
|1401|0x000000075e400000, 0x000000075e400000, 0x000000075e800000|  0%| F|  |TAMS 0x000000075e400000, 0x000000075e400000| Untracked 
|1402|0x000000075e800000, 0x000000075e800000, 0x000000075ec00000|  0%| F|  |TAMS 0x000000075e800000, 0x000000075e800000| Untracked 
|1403|0x000000075ec00000, 0x000000075ec00000, 0x000000075f000000|  0%| F|  |TAMS 0x000000075ec00000, 0x000000075ec00000| Untracked 
|1404|0x000000075f000000, 0x000000075f400000, 0x000000075f400000|100%| S|CS|TAMS 0x000000075f000000, 0x000000075f000000| Complete 
|1405|0x000000075f400000, 0x000000075f800000, 0x000000075f800000|100%| S|CS|TAMS 0x000000075f400000, 0x000000075f400000| Complete 
|1406|0x000000075f800000, 0x000000075fc00000, 0x000000075fc00000|100%| S|CS|TAMS 0x000000075f800000, 0x000000075f800000| Complete 
|1407|0x000000075fc00000, 0x000000075fc00000, 0x0000000760000000|  0%| F|  |TAMS 0x000000075fc00000, 0x000000075fc00000| Untracked 
|1408|0x0000000760000000, 0x0000000760000000, 0x0000000760400000|  0%| F|  |TAMS 0x0000000760000000, 0x0000000760000000| Untracked 
|1409|0x0000000760400000, 0x0000000760400000, 0x0000000760800000|  0%| F|  |TAMS 0x0000000760400000, 0x0000000760400000| Untracked 
|1410|0x0000000760800000, 0x0000000760800000, 0x0000000760c00000|  0%| F|  |TAMS 0x0000000760800000, 0x0000000760800000| Untracked 
|1411|0x0000000760c00000, 0x0000000760c00000, 0x0000000761000000|  0%| F|  |TAMS 0x0000000760c00000, 0x0000000760c00000| Untracked 
|1412|0x0000000761000000, 0x0000000761000000, 0x0000000761400000|  0%| F|  |TAMS 0x0000000761000000, 0x0000000761000000| Untracked 
|1413|0x0000000761400000, 0x0000000761400000, 0x0000000761800000|  0%| F|  |TAMS 0x0000000761400000, 0x0000000761400000| Untracked 
|1414|0x0000000761800000, 0x0000000761800000, 0x0000000761c00000|  0%| F|  |TAMS 0x0000000761800000, 0x0000000761800000| Untracked 
|1415|0x0000000761c00000, 0x0000000761c00000, 0x0000000762000000|  0%| F|  |TAMS 0x0000000761c00000, 0x0000000761c00000| Untracked 
|1416|0x0000000762000000, 0x0000000762000000, 0x0000000762400000|  0%| F|  |TAMS 0x0000000762000000, 0x0000000762000000| Untracked 
|1417|0x0000000762400000, 0x0000000762400000, 0x0000000762800000|  0%| F|  |TAMS 0x0000000762400000, 0x0000000762400000| Untracked 
|1418|0x0000000762800000, 0x0000000762800000, 0x0000000762c00000|  0%| F|  |TAMS 0x0000000762800000, 0x0000000762800000| Untracked 
|1419|0x0000000762c00000, 0x0000000762c00000, 0x0000000763000000|  0%| F|  |TAMS 0x0000000762c00000, 0x0000000762c00000| Untracked 
|1420|0x0000000763000000, 0x0000000763000000, 0x0000000763400000|  0%| F|  |TAMS 0x0000000763000000, 0x0000000763000000| Untracked 
|1421|0x0000000763400000, 0x0000000763400000, 0x0000000763800000|  0%| F|  |TAMS 0x0000000763400000, 0x0000000763400000| Untracked 
|1422|0x0000000763800000, 0x0000000763800000, 0x0000000763c00000|  0%| F|  |TAMS 0x0000000763800000, 0x0000000763800000| Untracked 
|1423|0x0000000763c00000, 0x0000000763c00000, 0x0000000764000000|  0%| F|  |TAMS 0x0000000763c00000, 0x0000000763c00000| Untracked 
|1424|0x0000000764000000, 0x0000000764000000, 0x0000000764400000|  0%| F|  |TAMS 0x0000000764000000, 0x0000000764000000| Untracked 
|1425|0x0000000764400000, 0x0000000764400000, 0x0000000764800000|  0%| F|  |TAMS 0x0000000764400000, 0x0000000764400000| Untracked 
|1426|0x0000000764800000, 0x0000000764800000, 0x0000000764c00000|  0%| F|  |TAMS 0x0000000764800000, 0x0000000764800000| Untracked 
|1427|0x0000000764c00000, 0x0000000764c00000, 0x0000000765000000|  0%| F|  |TAMS 0x0000000764c00000, 0x0000000764c00000| Untracked 
|1428|0x0000000765000000, 0x0000000765000000, 0x0000000765400000|  0%| F|  |TAMS 0x0000000765000000, 0x0000000765000000| Untracked 
|1429|0x0000000765400000, 0x0000000765400000, 0x0000000765800000|  0%| F|  |TAMS 0x0000000765400000, 0x0000000765400000| Untracked 
|1430|0x0000000765800000, 0x0000000765800000, 0x0000000765c00000|  0%| F|  |TAMS 0x0000000765800000, 0x0000000765800000| Untracked 
|1431|0x0000000765c00000, 0x0000000765c00000, 0x0000000766000000|  0%| F|  |TAMS 0x0000000765c00000, 0x0000000765c00000| Untracked 
|1432|0x0000000766000000, 0x0000000766000000, 0x0000000766400000|  0%| F|  |TAMS 0x0000000766000000, 0x0000000766000000| Untracked 
|1433|0x0000000766400000, 0x0000000766400000, 0x0000000766800000|  0%| F|  |TAMS 0x0000000766400000, 0x0000000766400000| Untracked 
|1434|0x0000000766800000, 0x0000000766800000, 0x0000000766c00000|  0%| F|  |TAMS 0x0000000766800000, 0x0000000766800000| Untracked 
|1435|0x0000000766c00000, 0x0000000766c00000, 0x0000000767000000|  0%| F|  |TAMS 0x0000000766c00000, 0x0000000766c00000| Untracked 
|1436|0x0000000767000000, 0x0000000767000000, 0x0000000767400000|  0%| F|  |TAMS 0x0000000767000000, 0x0000000767000000| Untracked 
|1437|0x0000000767400000, 0x0000000767400000, 0x0000000767800000|  0%| F|  |TAMS 0x0000000767400000, 0x0000000767400000| Untracked 
|1438|0x0000000767800000, 0x0000000767800000, 0x0000000767c00000|  0%| F|  |TAMS 0x0000000767800000, 0x0000000767800000| Untracked 
|1439|0x0000000767c00000, 0x0000000767c00000, 0x0000000768000000|  0%| F|  |TAMS 0x0000000767c00000, 0x0000000767c00000| Untracked 
|1440|0x0000000768000000, 0x0000000768000000, 0x0000000768400000|  0%| F|  |TAMS 0x0000000768000000, 0x0000000768000000| Untracked 
|1441|0x0000000768400000, 0x0000000768400000, 0x0000000768800000|  0%| F|  |TAMS 0x0000000768400000, 0x0000000768400000| Untracked 
|1442|0x0000000768800000, 0x0000000768800000, 0x0000000768c00000|  0%| F|  |TAMS 0x0000000768800000, 0x0000000768800000| Untracked 
|1443|0x0000000768c00000, 0x0000000768c00000, 0x0000000769000000|  0%| F|  |TAMS 0x0000000768c00000, 0x0000000768c00000| Untracked 
|1444|0x0000000769000000, 0x0000000769000000, 0x0000000769400000|  0%| F|  |TAMS 0x0000000769000000, 0x0000000769000000| Untracked 
|1445|0x0000000769400000, 0x0000000769400000, 0x0000000769800000|  0%| F|  |TAMS 0x0000000769400000, 0x0000000769400000| Untracked 
|1446|0x0000000769800000, 0x0000000769800000, 0x0000000769c00000|  0%| F|  |TAMS 0x0000000769800000, 0x0000000769800000| Untracked 
|1447|0x0000000769c00000, 0x0000000769c00000, 0x000000076a000000|  0%| F|  |TAMS 0x0000000769c00000, 0x0000000769c00000| Untracked 
|1448|0x000000076a000000, 0x000000076a000000, 0x000000076a400000|  0%| F|  |TAMS 0x000000076a000000, 0x000000076a000000| Untracked 
|1449|0x000000076a400000, 0x000000076a400000, 0x000000076a800000|  0%| F|  |TAMS 0x000000076a400000, 0x000000076a400000| Untracked 
|1450|0x000000076a800000, 0x000000076a800000, 0x000000076ac00000|  0%| F|  |TAMS 0x000000076a800000, 0x000000076a800000| Untracked 
|1451|0x000000076ac00000, 0x000000076ac00000, 0x000000076b000000|  0%| F|  |TAMS 0x000000076ac00000, 0x000000076ac00000| Untracked 
|1452|0x000000076b000000, 0x000000076b000000, 0x000000076b400000|  0%| F|  |TAMS 0x000000076b000000, 0x000000076b000000| Untracked 
|1453|0x000000076b400000, 0x000000076b400000, 0x000000076b800000|  0%| F|  |TAMS 0x000000076b400000, 0x000000076b400000| Untracked 
|1454|0x000000076b800000, 0x000000076b800000, 0x000000076bc00000|  0%| F|  |TAMS 0x000000076b800000, 0x000000076b800000| Untracked 
|1455|0x000000076bc00000, 0x000000076bc00000, 0x000000076c000000|  0%| F|  |TAMS 0x000000076bc00000, 0x000000076bc00000| Untracked 
|1456|0x000000076c000000, 0x000000076c000000, 0x000000076c400000|  0%| F|  |TAMS 0x000000076c000000, 0x000000076c000000| Untracked 
|1457|0x000000076c400000, 0x000000076c400000, 0x000000076c800000|  0%| F|  |TAMS 0x000000076c400000, 0x000000076c400000| Untracked 
|1458|0x000000076c800000, 0x000000076c800000, 0x000000076cc00000|  0%| F|  |TAMS 0x000000076c800000, 0x000000076c800000| Untracked 
|1459|0x000000076cc00000, 0x000000076cc00000, 0x000000076d000000|  0%| F|  |TAMS 0x000000076cc00000, 0x000000076cc00000| Untracked 
|1460|0x000000076d000000, 0x000000076d000000, 0x000000076d400000|  0%| F|  |TAMS 0x000000076d000000, 0x000000076d000000| Untracked 
|1461|0x000000076d400000, 0x000000076d400000, 0x000000076d800000|  0%| F|  |TAMS 0x000000076d400000, 0x000000076d400000| Untracked 
|1462|0x000000076d800000, 0x000000076d800000, 0x000000076dc00000|  0%| F|  |TAMS 0x000000076d800000, 0x000000076d800000| Untracked 
|1463|0x000000076dc00000, 0x000000076dc00000, 0x000000076e000000|  0%| F|  |TAMS 0x000000076dc00000, 0x000000076dc00000| Untracked 
|1464|0x000000076e000000, 0x000000076e000000, 0x000000076e400000|  0%| F|  |TAMS 0x000000076e000000, 0x000000076e000000| Untracked 
|1465|0x000000076e400000, 0x000000076e400000, 0x000000076e800000|  0%| F|  |TAMS 0x000000076e400000, 0x000000076e400000| Untracked 
|1466|0x000000076e800000, 0x000000076e800000, 0x000000076ec00000|  0%| F|  |TAMS 0x000000076e800000, 0x000000076e800000| Untracked 
|1467|0x000000076ec00000, 0x000000076ec00000, 0x000000076f000000|  0%| F|  |TAMS 0x000000076ec00000, 0x000000076ec00000| Untracked 
|1468|0x000000076f000000, 0x000000076f000000, 0x000000076f400000|  0%| F|  |TAMS 0x000000076f000000, 0x000000076f000000| Untracked 
|1469|0x000000076f400000, 0x000000076f400000, 0x000000076f800000|  0%| F|  |TAMS 0x000000076f400000, 0x000000076f400000| Untracked 
|1470|0x000000076f800000, 0x000000076f800000, 0x000000076fc00000|  0%| F|  |TAMS 0x000000076f800000, 0x000000076f800000| Untracked 
|1471|0x000000076fc00000, 0x000000076fc00000, 0x0000000770000000|  0%| F|  |TAMS 0x000000076fc00000, 0x000000076fc00000| Untracked 
|1472|0x0000000770000000, 0x0000000770000000, 0x0000000770400000|  0%| F|  |TAMS 0x0000000770000000, 0x0000000770000000| Untracked 
|1473|0x0000000770400000, 0x0000000770400000, 0x0000000770800000|  0%| F|  |TAMS 0x0000000770400000, 0x0000000770400000| Untracked 
|1474|0x0000000770800000, 0x0000000770800000, 0x0000000770c00000|  0%| F|  |TAMS 0x0000000770800000, 0x0000000770800000| Untracked 
|1475|0x0000000770c00000, 0x0000000770c00000, 0x0000000771000000|  0%| F|  |TAMS 0x0000000770c00000, 0x0000000770c00000| Untracked 
|1476|0x0000000771000000, 0x0000000771000000, 0x0000000771400000|  0%| F|  |TAMS 0x0000000771000000, 0x0000000771000000| Untracked 

Card table byte_map: [0x000001ef55520000,0x000001ef56520000] _byte_map_base: 0x000001ef52520000

Marking Bits (Prev, Next): (CMBitMap*) 0x000001ef2ec235f0, (CMBitMap*) 0x000001ef2ec23630
 Prev Bits: [0x000001ef57520000, 0x000001ef5f520000)
 Next Bits: [0x000001ef5f520000, 0x000001ef67520000)

Polling page: 0x000001ef2ec60000

Metaspace:

Usage:
  Non-class:    280.13 MB used.
      Class:     40.44 MB used.
       Both:    320.57 MB used.

Virtual space:
  Non-class space:      320.00 MB reserved,     281.19 MB ( 88%) committed,  5 nodes.
      Class space:        1.00 GB reserved,      41.38 MB (  4%) committed,  1 nodes.
             Both:        1.31 GB reserved,     322.56 MB ( 24%) committed. 

Chunk freelists:
   Non-Class:  6.05 MB
       Class:  6.62 MB
        Both:  12.67 MB

MaxMetaspaceSize: 4.00 GB
CompressedClassSpaceSize: 1.00 GB
Initial GC threshold: 21.00 MB
Current GC threshold: 498.12 MB
CDS: off
MetaspaceReclaimPolicy: balanced
 - commit_granule_bytes: 65536.
 - commit_granule_words: 8192.
 - virtual_space_node_default_size: 8388608.
 - enlarge_chunks_in_place: 1.
 - new_chunks_are_fully_committed: 0.
 - uncommit_free_chunks: 1.
 - use_allocation_guard: 0.
 - handle_deallocations: 1.


Internal statistics:

num_allocs_failed_limit: 9.
num_arena_births: 3854.
num_arena_deaths: 416.
num_vsnodes_births: 6.
num_vsnodes_deaths: 0.
num_space_committed: 5152.
num_space_uncommitted: 0.
num_chunks_returned_to_freelist: 496.
num_chunks_taken_from_freelist: 18078.
num_chunk_merges: 170.
num_chunk_splits: 11727.
num_chunks_enlarged: 7438.
num_inconsistent_stats: 0.

CodeHeap 'non-profiled nmethods': size=259264Kb used=60432Kb max_used=60432Kb free=198831Kb
 bounds [0x000001ef43c70000, 0x000001ef47780000, 0x000001ef539a0000]
CodeHeap 'profiled nmethods': size=259264Kb used=123451Kb max_used=123451Kb free=135812Kb
 bounds [0x000001ef339a0000, 0x000001ef3b240000, 0x000001ef436d0000]
CodeHeap 'non-nmethods': size=5760Kb used=2832Kb max_used=2963Kb free=2928Kb
 bounds [0x000001ef436d0000, 0x000001ef439d0000, 0x000001ef43c70000]
 total_blobs=54781 nmethods=53365 adapters=1321
 compilation: enabled
              stopped_count=0, restarted_count=0
 full_count=0

Compilation events (20 events):
Event: 10905.802 Thread 0x000001ef6a21fa80 nmethod 78402 0x000001ef3b219690 code [0x000001ef3b219860, 0x000001ef3b219ac8]
Event: 10905.802 Thread 0x000001ef6a21fa80 78413       2       com.android.tools.r8.internal.R5::a (2053 bytes)
Event: 10905.821 Thread 0x000001ef6a21fa80 nmethod 78413 0x000001ef3b219d10 code [0x000001ef3b21a780, 0x000001ef3b21ecf8]
Event: 10905.821 Thread 0x000001ef6a21fa80 78409   !   2       com.android.tools.r8.ir.optimize.w::a (863 bytes)
Event: 10905.838 Thread 0x000001ef6a21fa80 nmethod 78409 0x000001ef3b222790 code [0x000001ef3b223040, 0x000001ef3b226648]
Event: 10905.838 Thread 0x000001ef6a21fa80 78404       2       org.jetbrains.kotlin.fir.java.declarations.FirJavaConstructorBuilder::setContainingClassSymbol (12 bytes)
Event: 10905.839 Thread 0x000001ef6a21fa80 nmethod 78404 0x000001ef3b229810 code [0x000001ef3b2299e0, 0x000001ef3b229cf8]
Event: 10905.839 Thread 0x000001ef6a21fa80 78405       2       org.jetbrains.kotlin.fir.java.declarations.FirJavaConstructorBuilder::setFromSource (20 bytes)
Event: 10905.839 Thread 0x000001ef6a21fa80 nmethod 78405 0x000001ef3b229f10 code [0x000001ef3b22a0c0, 0x000001ef3b22a228]
Event: 10905.839 Thread 0x000001ef6a21fa80 78406       2       org.jetbrains.kotlin.fir.java.declarations.FirJavaConstructorBuilder::setInner (20 bytes)
Event: 10905.839 Thread 0x000001ef6a21fa80 nmethod 78406 0x000001ef3b22a310 code [0x000001ef3b22a4c0, 0x000001ef3b22a628]
Event: 10905.839 Thread 0x000001ef6a21fa80 78407       2       org.jetbrains.kotlin.fir.java.declarations.FirJavaConstructorBuilder::setPrimary (20 bytes)
Event: 10905.840 Thread 0x000001ef6a21fa80 nmethod 78407 0x000001ef3b22a710 code [0x000001ef3b22a8c0, 0x000001ef3b22aa28]
Event: 10905.840 Thread 0x000001ef6a21fa80 78408       2       org.jetbrains.kotlin.fir.resolve.ScopeUtilsKt::defaultType (17 bytes)
Event: 10905.841 Thread 0x000001ef6a21fa80 nmethod 78408 0x000001ef3b22ab10 code [0x000001ef3b22ad00, 0x000001ef3b22b018]
Event: 10905.855 Thread 0x000001ef6a21fa80 78416       2       com.android.tools.r8.internal.bu::a (1723 bytes)
Event: 10905.873 Thread 0x000001ef6a21fa80 nmethod 78416 0x000001ef3b22b210 code [0x000001ef3b22b9e0, 0x000001ef3b22e9d8]
Event: 10905.873 Thread 0x000001ef6a21fa80 78417 %     3       com.android.tools.r8.internal.Qv0::a @ 87 (387 bytes)
Event: 10905.879 Thread 0x000001ef6a21fa80 nmethod 78417% 0x000001ef3b230910 code [0x000001ef3b230f00, 0x000001ef3b234b98]
Event: 10905.896 Thread 0x000001ef6a21fa80 78418       2       com.android.tools.lint.detector.api.Lint::isEditableTo (30 bytes)

GC Heap History (20 events):
Event: 10877.475 GC heap after
{Heap after GC invocations=184 (full 0):
 garbage-first heap   total 4993024K, used 697753K [0x0000000600000000, 0x0000000800000000)
  region size 4096K, 8 young (32768K), 8 survivors (32768K)
 Metaspace       used 327475K, committed 329408K, reserved 1376256K
  class space    used 41406K, committed 42304K, reserved 1048576K
}
Event: 10881.313 GC heap before
{Heap before GC invocations=184 (full 0):
 garbage-first heap   total 4993024K, used 910745K [0x0000000600000000, 0x0000000800000000)
  region size 4096K, 60 young (245760K), 8 survivors (32768K)
 Metaspace       used 327594K, committed 329536K, reserved 1376256K
  class space    used 41406K, committed 42304K, reserved 1048576K
}
Event: 10885.288 GC heap after
{Heap after GC invocations=185 (full 0):
 garbage-first heap   total 4993024K, used 745472K [0x0000000600000000, 0x0000000800000000)
  region size 4096K, 8 young (32768K), 8 survivors (32768K)
 Metaspace       used 327594K, committed 329536K, reserved 1376256K
  class space    used 41406K, committed 42304K, reserved 1048576K
}
Event: 10888.490 GC heap before
{Heap before GC invocations=185 (full 0):
 garbage-first heap   total 4993024K, used 958464K [0x0000000600000000, 0x0000000800000000)
  region size 4096K, 60 young (245760K), 8 survivors (32768K)
 Metaspace       used 327776K, committed 329728K, reserved 1376256K
  class space    used 41406K, committed 42304K, reserved 1048576K
}
Event: 10890.086 GC heap after
{Heap after GC invocations=186 (full 0):
 garbage-first heap   total 4993024K, used 772140K [0x0000000600000000, 0x0000000800000000)
  region size 4096K, 6 young (24576K), 6 survivors (24576K)
 Metaspace       used 327776K, committed 329728K, reserved 1376256K
  class space    used 41406K, committed 42304K, reserved 1048576K
}
Event: 10894.068 GC heap before
{Heap before GC invocations=186 (full 0):
 garbage-first heap   total 4993024K, used 989228K [0x0000000600000000, 0x0000000800000000)
  region size 4096K, 60 young (245760K), 6 survivors (24576K)
 Metaspace       used 327816K, committed 329792K, reserved 1376256K
  class space    used 41406K, committed 42304K, reserved 1048576K
}
Event: 10894.691 GC heap after
{Heap after GC invocations=187 (full 0):
 garbage-first heap   total 6049792K, used 802816K [0x0000000600000000, 0x0000000800000000)
  region size 4096K, 8 young (32768K), 8 survivors (32768K)
 Metaspace       used 327816K, committed 329792K, reserved 1376256K
  class space    used 41406K, committed 42304K, reserved 1048576K
}
Event: 10896.444 GC heap before
{Heap before GC invocations=187 (full 0):
 garbage-first heap   total 6049792K, used 1069056K [0x0000000600000000, 0x0000000800000000)
  region size 4096K, 73 young (299008K), 8 survivors (32768K)
 Metaspace       used 327845K, committed 329792K, reserved 1376256K
  class space    used 41406K, committed 42304K, reserved 1048576K
}
Event: 10897.798 GC heap after
{Heap after GC invocations=188 (full 0):
 garbage-first heap   total 6049792K, used 827531K [0x0000000600000000, 0x0000000800000000)
  region size 4096K, 7 young (28672K), 7 survivors (28672K)
 Metaspace       used 327845K, committed 329792K, reserved 1376256K
  class space    used 41406K, committed 42304K, reserved 1048576K
}
Event: 10900.254 GC heap before
{Heap before GC invocations=188 (full 0):
 garbage-first heap   total 6049792K, used 1097867K [0x0000000600000000, 0x0000000800000000)
  region size 4096K, 73 young (299008K), 7 survivors (28672K)
 Metaspace       used 328098K, committed 330048K, reserved 1376256K
  class space    used 41406K, committed 42304K, reserved 1048576K
}
Event: 10900.835 GC heap after
{Heap after GC invocations=189 (full 0):
 garbage-first heap   total 6049792K, used 838723K [0x0000000600000000, 0x0000000800000000)
  region size 4096K, 4 young (16384K), 4 survivors (16384K)
 Metaspace       used 328098K, committed 330048K, reserved 1376256K
  class space    used 41406K, committed 42304K, reserved 1048576K
}
Event: 10901.640 GC heap before
{Heap before GC invocations=189 (full 0):
 garbage-first heap   total 6049792K, used 1121347K [0x0000000600000000, 0x0000000800000000)
  region size 4096K, 73 young (299008K), 4 survivors (16384K)
 Metaspace       used 328131K, committed 330112K, reserved 1376256K
  class space    used 41406K, committed 42304K, reserved 1048576K
}
Event: 10901.687 GC heap after
{Heap after GC invocations=190 (full 0):
 garbage-first heap   total 6049792K, used 845091K [0x0000000600000000, 0x0000000800000000)
  region size 4096K, 5 young (20480K), 5 survivors (20480K)
 Metaspace       used 328131K, committed 330112K, reserved 1376256K
  class space    used 41406K, committed 42304K, reserved 1048576K
}
Event: 10902.611 GC heap before
{Heap before GC invocations=190 (full 0):
 garbage-first heap   total 6049792K, used 1123619K [0x0000000600000000, 0x0000000800000000)
  region size 4096K, 73 young (299008K), 5 survivors (20480K)
 Metaspace       used 328154K, committed 330112K, reserved 1376256K
  class space    used 41406K, committed 42304K, reserved 1048576K
}
Event: 10902.643 GC heap after
{Heap after GC invocations=191 (full 0):
 garbage-first heap   total 6049792K, used 844350K [0x0000000600000000, 0x0000000800000000)
  region size 4096K, 5 young (20480K), 5 survivors (20480K)
 Metaspace       used 328154K, committed 330112K, reserved 1376256K
  class space    used 41406K, committed 42304K, reserved 1048576K
}
Event: 10904.195 GC heap before
{Heap before GC invocations=191 (full 0):
 garbage-first heap   total 6049792K, used 1122878K [0x0000000600000000, 0x0000000800000000)
  region size 4096K, 73 young (299008K), 5 survivors (20480K)
 Metaspace       used 328204K, committed 330176K, reserved 1376256K
  class space    used 41411K, committed 42368K, reserved 1048576K
}
Event: 10904.240 GC heap after
{Heap after GC invocations=192 (full 0):
 garbage-first heap   total 6049792K, used 855069K [0x0000000600000000, 0x0000000800000000)
  region size 4096K, 8 young (32768K), 8 survivors (32768K)
 Metaspace       used 328204K, committed 330176K, reserved 1376256K
  class space    used 41411K, committed 42368K, reserved 1048576K
}
Event: 10905.144 GC heap before
{Heap before GC invocations=192 (full 0):
 garbage-first heap   total 6049792K, used 1121309K [0x0000000600000000, 0x0000000800000000)
  region size 4096K, 73 young (299008K), 8 survivors (32768K)
 Metaspace       used 328224K, committed 330240K, reserved 1376256K
  class space    used 41411K, committed 42368K, reserved 1048576K
}
Event: 10905.274 GC heap after
{Heap after GC invocations=193 (full 0):
 garbage-first heap   total 6049792K, used 865166K [0x0000000600000000, 0x0000000800000000)
  region size 4096K, 7 young (28672K), 7 survivors (28672K)
 Metaspace       used 328224K, committed 330240K, reserved 1376256K
  class space    used 41411K, committed 42368K, reserved 1048576K
}
Event: 10905.985 GC heap before
{Heap before GC invocations=193 (full 0):
 garbage-first heap   total 6049792K, used 1135502K [0x0000000600000000, 0x0000000800000000)
  region size 4096K, 73 young (299008K), 7 survivors (28672K)
 Metaspace       used 328265K, committed 330304K, reserved 1376256K
  class space    used 41411K, committed 42368K, reserved 1048576K
}

Dll operation events (3 events):
Event: 0.528 Loaded shared library C:\Program Files\Android\Android Studio\jbr\bin\java.dll
Event: 0.908 Loaded shared library C:\Program Files\Android\Android Studio\jbr\bin\zip.dll
Event: 1.503 Loaded shared library C:\Program Files\Android\Android Studio\jbr\bin\verify.dll

Deoptimization events (20 events):
Event: 10903.858 Thread 0x000001ef7b364480 DEOPT PACKING pc=0x000001ef46d3b114 sp=0x0000009f7c3fd260
Event: 10903.858 Thread 0x000001ef7b364480 DEOPT UNPACKING pc=0x000001ef437269a3 sp=0x0000009f7c3fd1e0 mode 2
Event: 10903.858 Thread 0x000001ef7b364480 Uncommon trap: trap_request=0xffffffc6 fr.pc=0x000001ef473d2d80 relative=0x0000000000001720
Event: 10903.858 Thread 0x000001ef7b364480 Uncommon trap: reason=bimorphic_or_optimized_type_check action=maybe_recompile pc=0x000001ef473d2d80 method=com.sun.org.apache.xerces.internal.dom.AttributeMap.setNamedItem(Lorg/w3c/dom/Node;)Lorg/w3c/dom/Node; @ 43 c2
Event: 10903.858 Thread 0x000001ef7b364480 DEOPT PACKING pc=0x000001ef473d2d80 sp=0x0000009f7c3fd040
Event: 10903.858 Thread 0x000001ef7b364480 DEOPT UNPACKING pc=0x000001ef437269a3 sp=0x0000009f7c3fd030 mode 2
Event: 10903.858 Thread 0x000001ef7b364480 Uncommon trap: trap_request=0xffffffc6 fr.pc=0x000001ef473d2d80 relative=0x0000000000001720
Event: 10903.858 Thread 0x000001ef7b364480 Uncommon trap: reason=bimorphic_or_optimized_type_check action=maybe_recompile pc=0x000001ef473d2d80 method=com.sun.org.apache.xerces.internal.dom.AttributeMap.setNamedItem(Lorg/w3c/dom/Node;)Lorg/w3c/dom/Node; @ 43 c2
Event: 10903.858 Thread 0x000001ef7b364480 DEOPT PACKING pc=0x000001ef473d2d80 sp=0x0000009f7c3fd040
Event: 10903.858 Thread 0x000001ef7b364480 DEOPT UNPACKING pc=0x000001ef437269a3 sp=0x0000009f7c3fd030 mode 2
Event: 10903.858 Thread 0x000001ef7b364480 Uncommon trap: trap_request=0xffffffde fr.pc=0x000001ef46d3b114 relative=0x00000000000000f4
Event: 10903.858 Thread 0x000001ef7b364480 Uncommon trap: reason=class_check action=maybe_recompile pc=0x000001ef46d3b114 method=com.sun.org.apache.xerces.internal.dom.AttrImpl.getValue()Ljava/lang/String; @ 19 c2
Event: 10903.858 Thread 0x000001ef7b364480 DEOPT PACKING pc=0x000001ef46d3b114 sp=0x0000009f7c3fd240
Event: 10903.858 Thread 0x000001ef7b364480 DEOPT UNPACKING pc=0x000001ef437269a3 sp=0x0000009f7c3fd1b8 mode 2
Event: 10904.084 Thread 0x000001ef7b364480 DEOPT PACKING pc=0x000001ef370347a2 sp=0x0000009f7c3fc3b0
Event: 10904.084 Thread 0x000001ef7b364480 DEOPT UNPACKING pc=0x000001ef43727143 sp=0x0000009f7c3fb900 mode 0
Event: 10905.068 Thread 0x000001ef7b364480 Uncommon trap: trap_request=0xffffff45 fr.pc=0x000001ef474d5198 relative=0x0000000000000bb8
Event: 10905.068 Thread 0x000001ef7b364480 Uncommon trap: reason=unstable_if action=reinterpret pc=0x000001ef474d5198 method=com.intellij.util.containers.ContainerUtil.find([Ljava/lang/Object;Lcom/intellij/openapi/util/Condition;)Ljava/lang/Object; @ 29 c2
Event: 10905.068 Thread 0x000001ef7b364480 DEOPT PACKING pc=0x000001ef474d5198 sp=0x0000009f7c3faad0
Event: 10905.068 Thread 0x000001ef7b364480 DEOPT UNPACKING pc=0x000001ef437269a3 sp=0x0000009f7c3faa50 mode 2

Classes unloaded (20 events):
Event: 7986.986 Thread 0x000001ef677a7260 Unloading class 0x000000080073c000 'java/lang/invoke/LambdaForm$MH+0x000000080073c000'
Event: 7986.986 Thread 0x000001ef677a7260 Unloading class 0x0000000800520c00 'java/lang/invoke/LambdaForm$MH+0x0000000800520c00'
Event: 7986.987 Thread 0x000001ef677a7260 Unloading class 0x00000008002d3800 'java/lang/invoke/LambdaForm$MH+0x00000008002d3800'
Event: 7986.987 Thread 0x000001ef677a7260 Unloading class 0x00000008002d3400 'java/lang/invoke/LambdaForm$MH+0x00000008002d3400'
Event: 7986.987 Thread 0x000001ef677a7260 Unloading class 0x00000008002d3000 'java/lang/invoke/LambdaForm$MH+0x00000008002d3000'
Event: 7986.987 Thread 0x000001ef677a7260 Unloading class 0x00000008002d2c00 'java/lang/invoke/LambdaForm$MH+0x00000008002d2c00'
Event: 7986.987 Thread 0x000001ef677a7260 Unloading class 0x00000008002d2800 'java/lang/invoke/LambdaForm$MH+0x00000008002d2800'
Event: 7986.987 Thread 0x000001ef677a7260 Unloading class 0x00000008002d2400 'java/lang/invoke/LambdaForm$MH+0x00000008002d2400'
Event: 7986.987 Thread 0x000001ef677a7260 Unloading class 0x00000008002d2000 'java/lang/invoke/LambdaForm$MH+0x00000008002d2000'
Event: 7986.987 Thread 0x000001ef677a7260 Unloading class 0x00000008002d1c00 'java/lang/invoke/LambdaForm$MH+0x00000008002d1c00'
Event: 7986.987 Thread 0x000001ef677a7260 Unloading class 0x00000008002d1800 'java/lang/invoke/LambdaForm$MH+0x00000008002d1800'
Event: 7986.987 Thread 0x000001ef677a7260 Unloading class 0x00000008002d1400 'java/lang/invoke/LambdaForm$MH+0x00000008002d1400'
Event: 7986.987 Thread 0x000001ef677a7260 Unloading class 0x00000008002d0400 'java/lang/invoke/LambdaForm$MH+0x00000008002d0400'
Event: 7986.987 Thread 0x000001ef677a7260 Unloading class 0x00000008002d0000 'java/lang/invoke/LambdaForm$BMH+0x00000008002d0000'
Event: 7986.987 Thread 0x000001ef677a7260 Unloading class 0x0000000800218800 'java/lang/invoke/LambdaForm$DMH+0x0000000800218800'
Event: 7986.987 Thread 0x000001ef677a7260 Unloading class 0x0000000800218000 'java/lang/invoke/LambdaForm$DMH+0x0000000800218000'
Event: 7986.988 Thread 0x000001ef677a7260 Unloading class 0x0000000800108000 'java/lang/invoke/LambdaForm$DMH+0x0000000800108000'
Event: 7986.988 Thread 0x000001ef677a7260 Unloading class 0x00000008000ee800 'java/lang/invoke/LambdaForm$MH+0x00000008000ee800'
Event: 7986.988 Thread 0x000001ef677a7260 Unloading class 0x00000008000ee400 'java/lang/invoke/LambdaForm$MH+0x00000008000ee400'
Event: 7986.989 Thread 0x000001ef677a7260 Unloading class 0x00000008000ec000 'java/lang/invoke/LambdaForm$MH+0x00000008000ec000'

Classes redefined (0 events):
No events

Internal exceptions (20 events):
Event: 10903.719 Thread 0x000001ef7b6fd8c0 Exception <a 'sun/nio/fs/WindowsException'{0x000000076882b158}> (0x000000076882b158) 
thrown [s\src\hotspot\share\prims\jni.cpp, line 531]
Event: 10903.719 Thread 0x000001ef7b6fd8c0 Exception <a 'sun/nio/fs/WindowsException'{0x000000076882b338}> (0x000000076882b338) 
thrown [s\src\hotspot\share\prims\jni.cpp, line 531]
Event: 10903.719 Thread 0x000001ef7b6fd8c0 Exception <a 'sun/nio/fs/WindowsException'{0x000000076882d528}> (0x000000076882d528) 
thrown [s\src\hotspot\share\prims\jni.cpp, line 531]
Event: 10903.904 Thread 0x000001ef7b364480 Exception <a 'sun/nio/fs/WindowsException'{0x0000000767f72090}> (0x0000000767f72090) 
thrown [s\src\hotspot\share\prims\jni.cpp, line 531]
Event: 10903.905 Thread 0x000001ef7b364480 Exception <a 'sun/nio/fs/WindowsException'{0x0000000767f72df8}> (0x0000000767f72df8) 
thrown [s\src\hotspot\share\prims\jni.cpp, line 531]
Event: 10903.906 Thread 0x000001ef7b364480 Exception <a 'sun/nio/fs/WindowsException'{0x0000000767f73be8}> (0x0000000767f73be8) 
thrown [s\src\hotspot\share\prims\jni.cpp, line 531]
Event: 10903.939 Thread 0x000001ef7b364480 Exception <a 'sun/nio/fs/WindowsException'{0x0000000767f74a08}> (0x0000000767f74a08) 
thrown [s\src\hotspot\share\prims\jni.cpp, line 531]
Event: 10903.940 Thread 0x000001ef7b364480 Exception <a 'sun/nio/fs/WindowsException'{0x0000000767f75250}> (0x0000000767f75250) 
thrown [s\src\hotspot\share\prims\jni.cpp, line 531]
Event: 10903.941 Thread 0x000001ef7b364480 Exception <a 'sun/nio/fs/WindowsException'{0x0000000767f75b40}> (0x0000000767f75b40) 
thrown [s\src\hotspot\share\prims\jni.cpp, line 531]
Event: 10903.941 Thread 0x000001ef7b364480 Exception <a 'sun/nio/fs/WindowsException'{0x0000000767f76478}> (0x0000000767f76478) 
thrown [s\src\hotspot\share\prims\jni.cpp, line 531]
Event: 10903.943 Thread 0x000001ef7b364480 Exception <a 'sun/nio/fs/WindowsException'{0x0000000767f76df8}> (0x0000000767f76df8) 
thrown [s\src\hotspot\share\prims\jni.cpp, line 531]
Event: 10903.946 Thread 0x000001ef7b364480 Exception <a 'sun/nio/fs/WindowsException'{0x0000000767f78bb0}> (0x0000000767f78bb0) 
thrown [s\src\hotspot\share\prims\jni.cpp, line 531]
Event: 10903.946 Thread 0x000001ef7b364480 Exception <a 'sun/nio/fs/WindowsException'{0x0000000767f792f8}> (0x0000000767f792f8) 
thrown [s\src\hotspot\share\prims\jni.cpp, line 531]
Event: 10903.947 Thread 0x000001ef7b364480 Exception <a 'sun/nio/fs/WindowsException'{0x0000000767f79ae0}> (0x0000000767f79ae0) 
thrown [s\src\hotspot\share\prims\jni.cpp, line 531]
Event: 10903.947 Thread 0x000001ef7b364480 Exception <a 'sun/nio/fs/WindowsException'{0x0000000767f7a318}> (0x0000000767f7a318) 
thrown [s\src\hotspot\share\prims\jni.cpp, line 531]
Event: 10903.949 Thread 0x000001ef7b364480 Exception <a 'sun/nio/fs/WindowsException'{0x0000000767f7b510}> (0x0000000767f7b510) 
thrown [s\src\hotspot\share\prims\jni.cpp, line 531]
Event: 10903.949 Thread 0x000001ef7b364480 Exception <a 'sun/nio/fs/WindowsException'{0x0000000766cf79b8}> (0x0000000766cf79b8) 
thrown [s\src\hotspot\share\prims\jni.cpp, line 531]
Event: 10903.949 Thread 0x000001ef7b364480 Exception <a 'sun/nio/fs/WindowsException'{0x0000000766cf81b8}> (0x0000000766cf81b8) 
thrown [s\src\hotspot\share\prims\jni.cpp, line 531]
Event: 10903.950 Thread 0x000001ef7b364480 Exception <a 'sun/nio/fs/WindowsException'{0x0000000766cf8a08}> (0x0000000766cf8a08) 
thrown [s\src\hotspot\share\prims\jni.cpp, line 531]
Event: 10903.951 Thread 0x000001ef7b364480 Exception <a 'sun/nio/fs/WindowsException'{0x0000000766cf9c40}> (0x0000000766cf9c40) 
thrown [s\src\hotspot\share\prims\jni.cpp, line 531]

VM Operations (20 events):
Event: 10892.827 Executing VM operation: Cleanup done
Event: 10893.828 Executing VM operation: Cleanup
Event: 10893.846 Executing VM operation: Cleanup done
Event: 10894.039 Executing VM operation: G1CollectForAllocation
Event: 10894.691 Executing VM operation: G1CollectForAllocation done
Event: 10896.355 Executing VM operation: G1CollectForAllocation
Event: 10897.799 Executing VM operation: G1CollectForAllocation done
Event: 10899.751 Executing VM operation: ICBufferFull
Event: 10899.752 Executing VM operation: ICBufferFull done
Event: 10900.251 Executing VM operation: G1CollectForAllocation
Event: 10900.842 Executing VM operation: G1CollectForAllocation done
Event: 10901.634 Executing VM operation: G1CollectForAllocation
Event: 10901.690 Executing VM operation: G1CollectForAllocation done
Event: 10902.611 Executing VM operation: G1CollectForAllocation
Event: 10902.645 Executing VM operation: G1CollectForAllocation done
Event: 10904.193 Executing VM operation: G1CollectForAllocation
Event: 10904.246 Executing VM operation: G1CollectForAllocation done
Event: 10905.129 Executing VM operation: G1CollectForAllocation
Event: 10905.274 Executing VM operation: G1CollectForAllocation done
Event: 10905.965 Executing VM operation: G1CollectForAllocation

Events (20 events):
Event: 10898.039 loading class java/net/JavaVersion$VERSION_17
Event: 10898.039 loading class java/net/JavaVersion$VERSION_17 done
Event: 10899.337 Thread 0x000001ef0518a710 Thread exited: 0x000001ef0518a710
Event: 10899.608 Thread 0x000001ef72d44030 Thread added: 0x000001ef72d44030
Event: 10899.672 Thread 0x000001ef08837010 Thread added: 0x000001ef08837010
Event: 10899.689 Thread 0x000001ef08837010 Thread exited: 0x000001ef08837010
Event: 10900.836 Thread 0x000001ef0e520db0 Thread added: 0x000001ef0e520db0
Event: 10901.694 Thread 0x000001ef7bcefb30 Thread added: 0x000001ef7bcefb30
Event: 10901.727 Thread 0x000001ef7bcefb30 Thread exited: 0x000001ef7bcefb30
Event: 10901.810 Thread 0x000001ef72d44030 Thread exited: 0x000001ef72d44030
Event: 10902.042 Thread 0x000001ef72a107e0 Thread added: 0x000001ef72a107e0
Event: 10902.162 Thread 0x000001ef7bcefb30 Thread added: 0x000001ef7bcefb30
Event: 10902.163 Thread 0x000001ef7bcefb30 Thread exited: 0x000001ef7bcefb30
Event: 10902.724 Thread 0x000001ef0e5212c0 Thread added: 0x000001ef0e5212c0
Event: 10902.825 Thread 0x000001ef0e5212c0 Thread exited: 0x000001ef0e5212c0
Event: 10903.203 Thread 0x000001ef7bcefb30 Thread added: 0x000001ef7bcefb30
Event: 10903.216 Thread 0x000001ef7bcefb30 Thread exited: 0x000001ef7bcefb30
Event: 10903.472 Thread 0x000001ef72a107e0 Thread exited: 0x000001ef72a107e0
Event: 10903.853 Thread 0x000001ef72d44580 Thread added: 0x000001ef72d44580
Event: 10905.838 Thread 0x000001ef0e520db0 Thread exited: 0x000001ef0e520db0


Dynamic libraries:
0x00007ff7d8740000 - 0x00007ff7d874a000 	C:\Program Files\Android\Android Studio\jbr\bin\java.exe
0x00007ffea5d60000 - 0x00007ffea5fc8000 	C:\WINDOWS\SYSTEM32\ntdll.dll
0x00007ffea44e0000 - 0x00007ffea45a9000 	C:\WINDOWS\System32\KERNEL32.DLL
0x00007ffea3190000 - 0x00007ffea3581000 	C:\WINDOWS\System32\KERNELBASE.dll
0x00007ffea2ee0000 - 0x00007ffea302b000 	C:\WINDOWS\System32\ucrtbase.dll
0x00007ffe8da60000 - 0x00007ffe8da77000 	C:\Program Files\Android\Android Studio\jbr\bin\jli.dll
0x00007ffe8da40000 - 0x00007ffe8da5b000 	C:\Program Files\Android\Android Studio\jbr\bin\VCRUNTIME140.dll
0x00007ffea5920000 - 0x00007ffea5ae6000 	C:\WINDOWS\System32\USER32.dll
0x00007ffea2eb0000 - 0x00007ffea2ed7000 	C:\WINDOWS\System32\win32u.dll
0x00007ffe88ca0000 - 0x00007ffe88f33000 	C:\WINDOWS\WinSxS\amd64_microsoft.windows.common-controls_6595b64144ccf1df_6.0.26100.7824_none_3e0870b2e3345462\COMCTL32.dll
0x00007ffea3b00000 - 0x00007ffea3b2b000 	C:\WINDOWS\System32\GDI32.dll
0x00007ffea41a0000 - 0x00007ffea4249000 	C:\WINDOWS\System32\msvcrt.dll
0x00007ffea3650000 - 0x00007ffea377b000 	C:\WINDOWS\System32\gdi32full.dll
0x00007ffea30e0000 - 0x00007ffea3183000 	C:\WINDOWS\System32\msvcp_win.dll
0x00007ffea58e0000 - 0x00007ffea5911000 	C:\WINDOWS\System32\IMM32.DLL
0x00007ffe9d910000 - 0x00007ffe9d91c000 	C:\Program Files\Android\Android Studio\jbr\bin\vcruntime140_1.dll
0x00007ffe8d960000 - 0x00007ffe8d9ed000 	C:\Program Files\Android\Android Studio\jbr\bin\msvcp140.dll
0x00007ffe22a20000 - 0x00007ffe236a3000 	C:\Program Files\Android\Android Studio\jbr\bin\server\jvm.dll
0x00007ffea5c50000 - 0x00007ffea5d04000 	C:\WINDOWS\System32\ADVAPI32.dll
0x00007ffea4870000 - 0x00007ffea4916000 	C:\WINDOWS\System32\sechost.dll
0x00007ffea5af0000 - 0x00007ffea5c08000 	C:\WINDOWS\System32\RPCRT4.dll
0x00007ffea24c0000 - 0x00007ffea251e000 	C:\WINDOWS\SYSTEM32\POWRPROF.dll
0x00007ffe86730000 - 0x00007ffe8673a000 	C:\WINDOWS\SYSTEM32\WSOCK32.dll
0x00007ffe9bee0000 - 0x00007ffe9beeb000 	C:\WINDOWS\SYSTEM32\VERSION.dll
0x00007ffea4120000 - 0x00007ffea4194000 	C:\WINDOWS\System32\WS2_32.dll
0x00007ffe91600000 - 0x00007ffe91635000 	C:\WINDOWS\SYSTEM32\WINMM.dll
0x00007ffea24a0000 - 0x00007ffea24b4000 	C:\WINDOWS\SYSTEM32\UMPDC.dll
0x00007ffea13a0000 - 0x00007ffea13bb000 	C:\WINDOWS\SYSTEM32\kernel.appcore.dll
0x00007ffe8d950000 - 0x00007ffe8d95a000 	C:\Program Files\Android\Android Studio\jbr\bin\jimage.dll
0x00007ffea02e0000 - 0x00007ffea0522000 	C:\WINDOWS\SYSTEM32\DBGHELP.DLL
0x00007ffea3cc0000 - 0x00007ffea4046000 	C:\WINDOWS\System32\combase.dll
0x00007ffea4790000 - 0x00007ffea4867000 	C:\WINDOWS\System32\OLEAUT32.dll
0x00007ffe83770000 - 0x00007ffe837ab000 	C:\WINDOWS\SYSTEM32\dbgcore.DLL
0x00007ffea3030000 - 0x00007ffea30d5000 	C:\WINDOWS\System32\bcryptPrimitives.dll
0x00007ffe7f860000 - 0x00007ffe7f86e000 	C:\Program Files\Android\Android Studio\jbr\bin\instrument.dll
0x00007ffe8cc90000 - 0x00007ffe8ccb5000 	C:\Program Files\Android\Android Studio\jbr\bin\java.dll
0x00007ffe8cc70000 - 0x00007ffe8cc88000 	C:\Program Files\Android\Android Studio\jbr\bin\zip.dll
0x00007ffea4ce0000 - 0x00007ffea5432000 	C:\WINDOWS\System32\SHELL32.dll
0x00007ffea3990000 - 0x00007ffea3afa000 	C:\WINDOWS\System32\wintypes.dll
0x00007ffea2640000 - 0x00007ffea2ea3000 	C:\WINDOWS\System32\windows.storage.dll
0x00007ffea4390000 - 0x00007ffea4486000 	C:\WINDOWS\System32\SHCORE.dll
0x00007ffea40b0000 - 0x00007ffea4117000 	C:\WINDOWS\System32\shlwapi.dll
0x00007ffea2560000 - 0x00007ffea2589000 	C:\WINDOWS\SYSTEM32\profapi.dll
0x00007ffe8cc50000 - 0x00007ffe8cc69000 	C:\Program Files\Android\Android Studio\jbr\bin\net.dll
0x00007ffe9baf0000 - 0x00007ffe9bc17000 	C:\WINDOWS\SYSTEM32\WINHTTP.dll
0x00007ffea18f0000 - 0x00007ffea195b000 	C:\WINDOWS\system32\mswsock.dll
0x00007ffe78690000 - 0x00007ffe786a6000 	C:\Program Files\Android\Android Studio\jbr\bin\nio.dll
0x00007ffe8cc40000 - 0x00007ffe8cc50000 	C:\Program Files\Android\Android Studio\jbr\bin\verify.dll
0x00007ffe8d9f0000 - 0x00007ffe8da17000 	C:\Users\smoke\.gradle\native\c067742578af261105cb4f569cf0c3c89f3d7b1fecec35dd04571415982c5e48\windows-amd64\native-platform.dll
0x00007ffe412b0000 - 0x00007ffe413f4000 	C:\Users\smoke\.gradle\native\100fb08df4bc3b14c8652ba06237920a3bd2aa13389f12d3474272988ae205f9\windows-amd64\native-platform-file-events.dll
0x00007ffe8da30000 - 0x00007ffe8da39000 	C:\Program Files\Android\Android Studio\jbr\bin\management.dll
0x00007ffe8da20000 - 0x00007ffe8da2b000 	C:\Program Files\Android\Android Studio\jbr\bin\management_ext.dll
0x00007ffea5440000 - 0x00007ffea5448000 	C:\WINDOWS\System32\PSAPI.DLL
0x00007ffea1ce0000 - 0x00007ffea1cfb000 	C:\WINDOWS\SYSTEM32\CRYPTSP.dll
0x00007ffea1300000 - 0x00007ffea1339000 	C:\WINDOWS\system32\rsaenh.dll
0x00007ffea19a0000 - 0x00007ffea19cb000 	C:\WINDOWS\SYSTEM32\USERENV.dll
0x00007ffea2530000 - 0x00007ffea255a000 	C:\WINDOWS\SYSTEM32\bcrypt.dll
0x00007ffea1b40000 - 0x00007ffea1b4c000 	C:\WINDOWS\SYSTEM32\CRYPTBASE.dll
0x00007ffea0da0000 - 0x00007ffea0dd4000 	C:\WINDOWS\SYSTEM32\IPHLPAPI.DLL
0x00007ffea49b0000 - 0x00007ffea49ba000 	C:\WINDOWS\System32\NSI.dll
0x00007ffe9bef0000 - 0x00007ffe9bf0e000 	C:\WINDOWS\SYSTEM32\dhcpcsvc6.DLL
0x00007ffe9bcd0000 - 0x00007ffe9bcf3000 	C:\WINDOWS\SYSTEM32\dhcpcsvc.DLL
0x00007ffea0de0000 - 0x00007ffea0f0c000 	C:\WINDOWS\SYSTEM32\DNSAPI.dll
0x00007ffe8ac20000 - 0x00007ffe8ac29000 	C:\Program Files\Android\Android Studio\jbr\bin\extnet.dll
0x00007ffe9d080000 - 0x00007ffe9d088000 	C:\WINDOWS\system32\wshunix.dll
0x00007ffe7f420000 - 0x00007ffe7f438000 	C:\WINDOWS\system32\napinsp.dll
0x00007ffe7bd80000 - 0x00007ffe7bd92000 	C:\WINDOWS\System32\winrnr.dll
0x00007ffe87610000 - 0x00007ffe87632000 	C:\WINDOWS\system32\nlansp_c.dll
0x00007ffe70ea0000 - 0x00007ffe70eb6000 	C:\WINDOWS\system32\wshbth.dll
0x00007ffe97c80000 - 0x00007ffe97c8b000 	C:\Windows\System32\rasadhlp.dll
0x00007ffe9ad70000 - 0x00007ffe9adf6000 	C:\WINDOWS\System32\fwpuclnt.dll
0x00007ffe44740000 - 0x00007ffe448da000 	C:\Program Files\Android\Android Studio\jbr\bin\awt.dll
0x00007ffe9f410000 - 0x00007ffe9f441000 	C:\WINDOWS\SYSTEM32\dwmapi.dll
0x00007ffe9f070000 - 0x00007ffe9f10e000 	C:\WINDOWS\SYSTEM32\apphelp.dll
0x00007ffe9f210000 - 0x00007ffe9f2bb000 	C:\WINDOWS\system32\uxtheme.dll
0x00007ffea3b30000 - 0x00007ffea3c8f000 	C:\WINDOWS\System32\MSCTF.dll
0x00007ffea4ac0000 - 0x00007ffea4c57000 	C:\WINDOWS\System32\ole32.dll
0x00007ffea14c0000 - 0x00007ffea14f6000 	C:\WINDOWS\SYSTEM32\ntmarta.dll
0x00007ffe86700000 - 0x00007ffe86707000 	C:\Program Files\Android\Android Studio\jbr\bin\rmi.dll

dbghelp: loaded successfully - version: 4.0.5 - missing functions: none
symbol engine: initialized successfully - sym options: 0x614 - pdb path: .;C:\Program Files\Android\Android Studio\jbr\bin;C:\WINDOWS\SYSTEM32;C:\WINDOWS\WinSxS\amd64_microsoft.windows.common-controls_6595b64144ccf1df_6.0.26100.7824_none_3e0870b2e3345462;C:\Program Files\Android\Android Studio\jbr\bin\server;C:\Users\smoke\.gradle\native\c067742578af261105cb4f569cf0c3c89f3d7b1fecec35dd04571415982c5e48\windows-amd64;C:\Users\smoke\.gradle\native\100fb08df4bc3b14c8652ba06237920a3bd2aa13389f12d3474272988ae205f9\windows-amd64

VM Arguments:
jvm_args: --add-opens=java.base/java.lang=ALL-UNNAMED --add-opens=java.base/java.lang.invoke=ALL-UNNAMED --add-opens=java.base/java.util=ALL-UNNAMED --add-opens=java.prefs/java.util.prefs=ALL-UNNAMED --add-exports=jdk.compiler/com.sun.tools.javac.api=ALL-UNNAMED --add-exports=jdk.compiler/com.sun.tools.javac.util=ALL-UNNAMED --add-opens=java.base/java.util=ALL-UNNAMED --add-opens=java.prefs/java.util.prefs=ALL-UNNAMED --add-opens=java.base/java.nio.charset=ALL-UNNAMED --add-opens=java.base/java.net=ALL-UNNAMED --add-opens=java.base/java.util.concurrent.atomic=ALL-UNNAMED --add-opens=java.xml/javax.xml.namespace=ALL-UNNAMED -XX:MaxMetaspaceSize=4G -XX:ReservedCodeCacheSize=512m -XX:+HeapDumpOnOutOfMemoryError -Xmx8G -Dfile.encoding=windows-1252 -Duser.country=US -Duser.language=en -Duser.variant -javaagent:C:\Users\smoke\.gradle\wrapper\dists\gradle-8.11.1-all\2qik7nd48slq1ooc2496ixf4i\gradle-8.11.1\lib\agents\gradle-instrumentation-agent-8.11.1.jar 
java_command: org.gradle.launcher.daemon.bootstrap.GradleDaemon 8.11.1
java_class_path (initial): C:\Users\smoke\.gradle\wrapper\dists\gradle-8.11.1-all\2qik7nd48slq1ooc2496ixf4i\gradle-8.11.1\lib\gradle-daemon-main-8.11.1.jar
Launcher Type: SUN_STANDARD

[Global flags]
     intx CICompilerCount                          = 4                                         {product} {ergonomic}
     uint ConcGCThreads                            = 2                                         {product} {ergonomic}
     uint G1ConcRefinementThreads                  = 8                                         {product} {ergonomic}
   size_t G1HeapRegionSize                         = 4194304                                   {product} {ergonomic}
    uintx GCDrainStackTargetSize                   = 64                                        {product} {ergonomic}
     bool HeapDumpOnOutOfMemoryError               = true                                   {manageable} {command line}
   size_t InitialHeapSize                          = 268435456                                 {product} {ergonomic}
   size_t MarkStackSize                            = 4194304                                   {product} {ergonomic}
   size_t MaxHeapSize                              = 8589934592                                {product} {command line}
   size_t MaxMetaspaceSize                         = 4294967296                                {product} {command line}
   size_t MaxNewSize                               = 5150605312                                {product} {ergonomic}
   size_t MinHeapDeltaBytes                        = 4194304                                   {product} {ergonomic}
   size_t MinHeapSize                              = 8388608                                   {product} {ergonomic}
    uintx NonNMethodCodeHeapSize                   = 5839372                                {pd product} {ergonomic}
    uintx NonProfiledCodeHeapSize                  = 265515770                              {pd product} {ergonomic}
    uintx ProfiledCodeHeapSize                     = 265515770                              {pd product} {ergonomic}
    uintx ReservedCodeCacheSize                    = 536870912                              {pd product} {command line}
     bool SegmentedCodeCache                       = true                                      {product} {ergonomic}
   size_t SoftMaxHeapSize                          = 8589934592                             {manageable} {ergonomic}
   double SweeperThreshold                         = 0.234375                                  {product} {ergonomic}
     bool UseCompressedClassPointers               = true                           {product lp64_product} {ergonomic}
     bool UseCompressedOops                        = true                           {product lp64_product} {ergonomic}
     bool UseG1GC                                  = true                                      {product} {ergonomic}
     bool UseLargePagesIndividualAllocation        = false                                  {pd product} {ergonomic}

Logging:
Log output configuration:
 #0: stdout all=warning uptime,level,tags
 #1: stderr all=off uptime,level,tags

Environment Variables:
JAVA_HOME=C:\Program Files\Android\Android Studio\jbr
CLASSPATH=C:\Users\smoke\Documents\Getsmarter\Myreklam\myreklam\android\\gradle\wrapper\gradle-wrapper.jar
PATH=C:\Program Files\Android\Android Studio\jbr\bin;C:\Users\smoke\bin;C:\Program Files\Git\mingw64\bin;C:\Program Files\Git\usr\local\bin;C:\Program Files\Git\usr\bin;C:\Program Files\Git\usr\bin;C:\Program Files\Git\mingw64\bin;C:\Program Files\Git\usr\bin;C:\Users\smoke\bin;C:\flutter\flutter\bin;C:\Program Files\Eclipse Adoptium\jdk-17.0.17.10-hotspot\bin;C:\wamp64\bin\php\php8.4.13;C:\wamp64\bin\php\php7.4.33;C:\WINDOWS\system32;C:\WINDOWS;C:\Users\smoke\AppData\Local\Android\Sdk\platform-tools;C:\WINDOWS\System32\Wbem;C:\WINDOWS\System32\WindowsPowerShell\v1.0;C:\WINDOWS\System32\OpenSSH;C:\Users\smoke\AppData\Roaming\nvm;C:\Program Files\nodejs;C:\Program Files\nodejs;C:\Program Files\Git\cmd;C:\Program Files\Go\bin;C:\flutter\flutter\bin;C:\ProgramData\ComposerSetup\bin;C:\Program Files\dotnet;C:\Users\smoke\.config\herd\bin;C:\Users\smoke\AppData\Local\Programs\Python\Python314\Scripts;C:\Users\smoke\AppData\Local\Programs\Python\Python314;C:\Users\smoke\AppData\Local\Programs\Python\Launcher;C:\Users\smoke\AppData\Local\Microsoft\WindowsApps;C:\Users\smoke\AppData\Local\Programs\Microsoft VS Code\bin;C:\Program Files\JetBrains\PhpStorm 2025.3.1\bin;C:\Users\smoke\AppData\Roaming\nvm;C:\Program Files\nodejs;C:\Users\smoke\AppData\Roaming\npm;C:\Program Files\JetBrains\CLion 2023.3.4\bin;C:\Users\smoke\go\bin;C:\Users\smoke\.local\bin\claude.exe;C:\Users\smoke\AppData\Local\Programs\Windsurf\bin;C:\Users\smoke\AppData\Roaming\Composer\vendor\bin;C:\Users\smoke\AppData\Local\Programs\Antigravity\bin;C:\Program Files\JetBrains\PyCharm 2025.3.1\bin;C:\Program Files\JetBrains\IntelliJ IDEA 2025.3.1\bin;C:\Program Files\Git\usr\bin\vendor_perl;C:\Program Files\Git\usr\bin\core_perl;C:\flutter\flutter\bin\mingit\cmd
USERNAME=smoke
SHELL=C:\Program Files\Git\usr\bin\bash.exe
DISPLAY=needs-to-be-defined
LANG=en_US.UTF-8
TERM=xterm-256color
TMPDIR=C:\Users\smoke\AppData\Local\Temp
OS=MINGW64_NT-10.0-26200
PROCESSOR_IDENTIFIER=Intel64 Family 6 Model 142 Stepping 12, GenuineIntel
TMP=C:\Users\smoke\AppData\Local\Temp
TEMP=C:\Users\smoke\AppData\Local\Temp



Periodic native trim disabled

JNI global refs:
JNI global refs: 43, weak refs: 58

JNI global refs memory usage: 843, weak refs: 1473

Process memory usage:
Resident Set Size: 2344324K (14% of 16652596K total physical memory with 1866524K free physical memory)

OOME stack traces (most recent first):
Classloader memory used:
Loader org.gradle.internal.classloader.VisitableURLClassLoader$InstrumentingVisitableURLClassLoader: 14150K
Loader java.net.URLClassLoader                                                         : 13220K
Loader org.gradle.internal.classloader.VisitableURLClassLoader                         : 5961K
Loader bootstrap                                                                       : 4410K
Loader org.gradle.initialization.MixInLegacyTypesClassLoader                           : 1739K
Loader jdk.internal.loader.ClassLoaders$AppClassLoader                                 : 932K
Loader jdk.internal.reflect.DelegatingClassLoader                                      : 386K
Loader jdk.internal.loader.ClassLoaders$PlatformClassLoader                            : 125K
Loader jdk.internal.jrtfs.JrtFileSystemProvider$JrtFsLoader                            : 35836B
Loader org.gradle.internal.classloader.VisitableURLClassLoader                         : 27797B
Loader com.intellij.util.lang.UrlClassLoader                                           : 26602B
Loader org.gradle.groovy.scripts.internal.DefaultScriptCompilationHandler$ScriptClassLoader: 12953B
Loader org.codehaus.groovy.runtime.callsite.CallSiteClassLoader                        : 3784B
Loader sun.reflect.misc.MethodUtil                                                     : 373B

Classes loaded by more than one classloader:
Class Program                                                                         : loaded 11 times (x 70B)
Class Build_gradle$1                                                                  : loaded 4 times (x 73B)
Class Build_gradle                                                                    : loaded 4 times (x 128B)
Class com.google.common.collect.ImmutableSet$CachingAsList                            : loaded 3 times (x 145B)
Class com.google.common.collect.Multiset                                              : loaded 3 times (x 68B)
Class com.google.common.base.CharMatcher$JavaUpperCase                                : loaded 3 times (x 109B)
Class com.google.common.collect.RegularImmutableList                                  : loaded 3 times (x 172B)
Class com.google.common.collect.ImmutableRangeSet$Builder                             : loaded 3 times (x 75B)
Class com.google.common.io.CharSource                                                 : loaded 3 times (x 83B)
Class kotlin.collections.SetsKt__SetsKt                                               : loaded 3 times (x 69B)
Class com.google.common.base.CharMatcher$IsEither                                     : loaded 3 times (x 109B)
Class com.google.common.base.CharMatcher$AnyOf                                        : loaded 3 times (x 110B)
Class com.google.common.base.Equivalence$Identity                                     : loaded 3 times (x 80B)
Class kotlin.SynchronizedLazyImpl                                                     : loaded 3 times (x 74B)
Class com.google.common.collect.ImmutableAsList                                       : loaded 3 times (x 169B)
Class com.google.common.collect.Platform                                              : loaded 3 times (x 69B)
Class kotlin.collections.AbstractList$Companion                                       : loaded 3 times (x 69B)
Class com.google.common.collect.Iterators$MergingIterator                             : loaded 3 times (x 79B)
Class org.objectweb.asm.MethodWriter                                                  : loaded 3 times (x 104B)
Class com.google.common.io.ByteSink                                                   : loaded 3 times (x 74B)
Class [Lcom.google.common.collect.MapMakerInternalMap$Segment;                        : loaded 3 times (x 67B)
Class Settings_gradle                                                                 : loaded 3 times (x 126B)
Class kotlin.collections.AbstractList                                                 : loaded 3 times (x 157B)
Class kotlin.collections.AbstractCollection                                           : loaded 3 times (x 115B)
Class kotlin.text.StringsKt___StringsKt                                               : loaded 3 times (x 69B)
Class org.jetbrains.kotlin.build.report.metrics.BuildTime                             : loaded 3 times (x 68B)
Class kotlin.collections.ArraysKt__ArraysJVMKt                                        : loaded 3 times (x 69B)
Class com.google.common.collect.Sets$4                                                : loaded 3 times (x 137B)
Class com.google.common.graph.SuccessorsFunction                                      : loaded 3 times (x 68B)
Class com.google.common.collect.Sets$3                                                : loaded 3 times (x 137B)
Class com.google.common.collect.Sets$2                                                : loaded 3 times (x 137B)
Class com.google.common.io.Closer$SuppressingSuppressor                               : loaded 3 times (x 73B)
Class com.google.common.collect.Sets$1                                                : loaded 3 times (x 137B)
Class com.google.common.io.ByteSource$EmptyByteSource                                 : loaded 3 times (x 83B)
Class com.google.common.collect.MapDifference                                         : loaded 3 times (x 68B)
Class com.google.common.base.CharMatcher$JavaLetter                                   : loaded 3 times (x 109B)
Class com.google.common.base.CharMatcher$FastMatcher                                  : loaded 3 times (x 109B)
Class com.google.common.collect.HashBiMap                                             : loaded 3 times (x 141B)
Class com.google.common.collect.MapMaker                                              : loaded 3 times (x 70B)
Class com.google.common.base.Joiner$2                                                 : loaded 3 times (x 77B)
Class kotlin.LazyKt__LazyKt                                                           : loaded 3 times (x 69B)
Class com.google.common.base.Joiner$1                                                 : loaded 3 times (x 78B)
Class com.google.common.base.CharMatcher$Invisible                                    : loaded 3 times (x 110B)
Class com.google.common.io.ByteStreams                                                : loaded 3 times (x 69B)
Class com.google.common.collect.ImmutableMapEntry                                     : loaded 3 times (x 83B)
Class com.google.common.io.Files$2                                                    : loaded 3 times (x 74B)
Class com.google.common.collect.ImmutableRangeSet$1                                   : loaded 3 times (x 169B)
Class kotlin.sequences.Sequence                                                       : loaded 3 times (x 68B)
Class com.google.common.base.CharMatcher$NamedFastMatcher                             : loaded 3 times (x 110B)
Class com.google.common.collect.MapMakerInternalMap$StrongValueEntry                  : loaded 3 times (x 68B)
Class com.google.common.base.AbstractIterator$State                                   : loaded 3 times (x 77B)
Class com.google.common.collect.MapMakerInternalMap$WeakValueReference                : loaded 3 times (x 68B)
Class [Lorg.objectweb.asm.Type;                                                       : loaded 3 times (x 67B)
Class kotlin.collections.MapsKt___MapsKt                                              : loaded 3 times (x 69B)
Class com.google.common.io.Closer$Suppressor                                          : loaded 3 times (x 68B)
Class kotlin.collections.ArraysKt                                                     : loaded 3 times (x 69B)
Class kotlin.collections.MapsKt__MapsKt                                               : loaded 3 times (x 69B)
Class kotlin.sequences.SequencesKt___SequencesJvmKt                                   : loaded 3 times (x 69B)
Class com.google.common.collect.ImmutableSet                                          : loaded 3 times (x 143B)
Class com.google.common.io.ByteSource                                                 : loaded 3 times (x 82B)
Class org.objectweb.asm.MethodVisitor                                                 : loaded 3 times (x 103B)
Class com.google.common.io.CharSource$EmptyCharSource                                 : loaded 3 times (x 84B)
Class com.google.common.collect.NullnessCasts                                         : loaded 3 times (x 69B)
Class com.google.common.hash.PrimitiveSink                                            : loaded 3 times (x 68B)
Class com.google.common.collect.ImmutableBiMap                                        : loaded 3 times (x 141B)
Class com.google.common.base.Objects                                                  : loaded 3 times (x 69B)
Class kotlin.collections.CollectionsKt__IterablesKt                                   : loaded 3 times (x 69B)
Class com.google.common.collect.ImmutableMapEntry$NonTerminalImmutableMapEntry        : loaded 3 times (x 83B)
Class com.google.common.base.Supplier                                                 : loaded 3 times (x 68B)
Class com.google.common.io.CharSource$CharSequenceCharSource                          : loaded 3 times (x 84B)
Class org.objectweb.asm.Attribute                                                     : loaded 3 times (x 75B)
Class kotlin.collections.ArraysUtilJVM                                                : loaded 3 times (x 69B)
Class [Lcom.google.common.collect.AbstractMapEntry;                                   : loaded 3 times (x 67B)
Class com.google.common.collect.SortedMapDifference                                   : loaded 3 times (x 68B)
Class com.google.common.base.MoreObjects                                              : loaded 3 times (x 69B)
Class com.google.common.collect.ImmutableMapKeySet                                    : loaded 3 times (x 148B)
Class com.google.common.collect.ImmutableRangeSet$AsSet                               : loaded 3 times (x 233B)
Class com.google.common.collect.SingletonImmutableList                                : loaded 3 times (x 167B)
Class com.google.common.collect.ImmutableMap$MapViewOfValuesAsSingletonSets           : loaded 3 times (x 123B)
Class com.google.common.base.CharMatcher$ForPredicate                                 : loaded 3 times (x 110B)
Class com.google.common.collect.MapMakerInternalMap                                   : loaded 3 times (x 159B)
Class org.jetbrains.kotlin.util.capitalizeDecapitalize.CapitalizeDecapitalizeKt       : loaded 3 times (x 69B)
Class com.google.common.collect.ImmutableSet$Builder                                  : loaded 3 times (x 83B)
Class com.google.common.collect.Sets                                                  : loaded 3 times (x 69B)
Class com.google.common.collect.MapMakerInternalMap$InternalEntry                     : loaded 3 times (x 68B)
Class [Lcom.google.common.collect.MapMakerInternalMap$Strength;                       : loaded 3 times (x 67B)
Class com.google.common.base.CharMatcher$Negated                                      : loaded 3 times (x 111B)
Class com.google.common.collect.ImmutableList$Builder                                 : loaded 3 times (x 75B)
Class com.google.common.collect.AbstractMapEntry                                      : loaded 3 times (x 79B)
Class com.google.common.base.NullnessCasts                                            : loaded 3 times (x 69B)
Class com.google.common.io.LineProcessor                                              : loaded 3 times (x 68B)
Class com.google.common.collect.AbstractIterator                                      : loaded 3 times (x 80B)
Class com.google.common.math.IntMath                                                  : loaded 3 times (x 69B)
Class kotlin.collections.MapsKt                                                       : loaded 3 times (x 69B)
Class com.google.common.base.CharMatcher$NegatedFastMatcher                           : loaded 3 times (x 111B)
Class kotlin.collections.MapsKt__MapWithDefaultKt                                     : loaded 3 times (x 69B)
Class org.objectweb.asm.ClassVisitor                                                  : loaded 3 times (x 86B)
Class kotlin.text.StringsKt__IndentKt                                                 : loaded 3 times (x 69B)
Class kotlin.LazyKt__LazyJVMKt                                                        : loaded 3 times (x 69B)
Class [Lcom.google.common.collect.Iterators$EmptyModifiableIterator;                  : loaded 3 times (x 67B)
Class com.google.common.base.CommonPattern                                            : loaded 3 times (x 72B)
Class com.google.common.collect.SingletonImmutableBiMap                               : loaded 3 times (x 141B)
Class kotlin.text.StringsKt__StringNumberConversionsJVMKt                             : loaded 3 times (x 69B)
Class com.google.common.io.ByteArrayDataInput                                         : loaded 3 times (x 68B)
Class kotlin.collections.ArraysKt___ArraysKt                                          : loaded 3 times (x 69B)
Class com.google.common.collect.ImmutableCollection$Builder                           : loaded 3 times (x 74B)
Class com.google.common.collect.Maps$EntryTransformer                                 : loaded 3 times (x 68B)
Class kotlin.collections.MapsKt__MapsJVMKt                                            : loaded 3 times (x 69B)
Class com.google.common.base.CharMatcher$JavaLowerCase                                : loaded 3 times (x 109B)
Class com.google.common.collect.Iterables                                             : loaded 3 times (x 69B)
Class org.jetbrains.kotlin.build.report.metrics.GradleBuildTime                       : loaded 3 times (x 84B)
Class kotlin.text.StringsKt__StringsKt                                                : loaded 3 times (x 69B)
Class com.google.common.base.CharMatcher$Or                                           : loaded 3 times (x 110B)
Class com.google.common.collect.ImmutableMap$1                                        : loaded 3 times (x 79B)
Class com.google.common.base.CharMatcher$JavaIsoControl                               : loaded 3 times (x 110B)
Class com.google.common.collect.ImmutableSet$SetBuilderImpl                           : loaded 3 times (x 74B)
Class com.google.common.collect.Maps$BiMapConverter                                   : loaded 3 times (x 88B)
Class com.google.common.base.Splitter$1                                               : loaded 3 times (x 75B)
Class kotlin.collections.CollectionsKt__IteratorsKt                                   : loaded 3 times (x 69B)
Class kotlin.NotImplementedError                                                      : loaded 3 times (x 80B)
Class kotlin.ranges.RangesKt__RangesKt                                                : loaded 3 times (x 69B)
Class org.objectweb.asm.ClassReader                                                   : loaded 3 times (x 91B)
Class kotlin.collections.CollectionsKt___CollectionsJvmKt                             : loaded 3 times (x 69B)
Class com.google.common.collect.ImmutableEnumSet                                      : loaded 3 times (x 144B)
Class com.google.common.collect.ImmutableList$SubList                                 : loaded 3 times (x 168B)
Class kotlin.collections.ArraysKt___ArraysJvmKt                                       : loaded 3 times (x 69B)
Class kotlin.collections.CollectionsKt                                                : loaded 3 times (x 69B)
Class com.google.common.base.CharMatcher$RangesMatcher                                : loaded 3 times (x 110B)
Class com.google.common.collect.ListMultimap                                          : loaded 3 times (x 68B)
Class kotlin.Unit                                                                     : loaded 3 times (x 69B)
Class com.google.common.collect.ArrayListMultimapGwtSerializationDependencies         : loaded 3 times (x 170B)
Class com.google.common.collect.SortedIterable                                        : loaded 3 times (x 68B)
Class com.google.common.collect.AbstractMapBasedMultimap$KeySet                       : loaded 3 times (x 135B)
Class com.google.common.base.CharMatcher$JavaDigit                                    : loaded 3 times (x 109B)
Class com.google.common.collect.HashBiMap$BiEntry                                     : loaded 3 times (x 81B)
Class com.google.common.base.CharMatcher$Any                                          : loaded 3 times (x 110B)
Class com.google.common.base.CharMatcher$Digit                                        : loaded 3 times (x 110B)
Class com.google.common.collect.AbstractListMultimap                                  : loaded 3 times (x 170B)
Class com.google.common.collect.IndexedImmutableSet$1                                 : loaded 3 times (x 172B)
Class com.google.common.collect.AbstractMultimap                                      : loaded 3 times (x 121B)
Class com.google.common.base.ExtraObjectsMethodsForWeb                                : loaded 3 times (x 69B)
Class com.google.common.collect.IndexedImmutableSet                                   : loaded 3 times (x 148B)
Class com.google.common.io.Files$FileByteSink                                         : loaded 3 times (x 75B)
Class com.google.common.base.CharMatcher$And                                          : loaded 3 times (x 110B)
Class kotlin.enums.EnumEntries                                                        : loaded 3 times (x 68B)
Class kotlin.text.StringsKt__RegexExtensionsJVMKt                                     : loaded 3 times (x 69B)
Class com.google.common.io.ByteSource$ConcatenatedByteSource                          : loaded 3 times (x 83B)
Class com.google.common.base.CharMatcher$Ascii                                        : loaded 3 times (x 110B)
Class com.google.common.base.CharMatcher$1                                            : loaded 3 times (x 111B)
Class com.google.common.collect.Iterators                                             : loaded 3 times (x 69B)
Class kotlin.Function                                                                 : loaded 3 times (x 68B)
Class kotlin.collections.SetsKt                                                       : loaded 3 times (x 69B)
Class com.google.common.base.AbstractIterator$1                                       : loaded 3 times (x 69B)
Class com.google.common.collect.Range                                                 : loaded 3 times (x 85B)
Class com.google.common.base.AbstractIterator                                         : loaded 3 times (x 78B)
Class com.google.common.collect.ImmutableMap$Builder                                  : loaded 3 times (x 80B)
Class [Lcom.google.common.base.AbstractIterator$State;                                : loaded 3 times (x 67B)
Class com.google.common.collect.SingletonImmutableSet                                 : loaded 3 times (x 144B)
Class com.google.common.primitives.Ints$IntConverter                                  : loaded 3 times (x 88B)
Class com.google.common.io.ByteSource$SlicedByteSource                                : loaded 3 times (x 83B)
Class com.google.common.base.Charsets                                                 : loaded 3 times (x 69B)
Class com.google.common.collect.ImmutableBiMap$Builder                                : loaded 3 times (x 80B)
Class kotlin.ranges.RangesKt                                                          : loaded 3 times (x 69B)
Class com.google.common.io.CharSource$StringCharSource                                : loaded 3 times (x 84B)
Class kotlin.UNINITIALIZED_VALUE                                                      : loaded 3 times (x 69B)
Class kotlin.collections.CollectionsKt___CollectionsKt                                : loaded 3 times (x 69B)
Class com.google.common.collect.HashBiMap$Inverse                                     : loaded 3 times (x 140B)
Class kotlin.ranges.RangesKt___RangesKt                                               : loaded 3 times (x 69B)
Class com.google.common.collect.ImmutableBiMapFauxverideShim                          : loaded 3 times (x 118B)
Class com.google.common.collect.ImmutableMapEntrySet                                  : loaded 3 times (x 149B)
Class kotlin.KotlinNullPointerException                                               : loaded 3 times (x 81B)
Class com.google.common.collect.AbstractMapBasedMultimap                              : loaded 3 times (x 137B)
Class com.google.common.collect.PeekingIterator                                       : loaded 3 times (x 68B)
Class com.google.common.collect.RegularImmutableAsList                                : loaded 3 times (x 176B)
Class com.google.common.base.Platform                                                 : loaded 3 times (x 69B)
Class com.google.common.base.CharMatcher$Is                                           : loaded 3 times (x 109B)
Class kotlin.sequences.ConstrainedOnceSequence                                        : loaded 3 times (x 73B)
Class kotlin.jvm.functions.Function2                                                  : loaded 3 times (x 68B)
Class kotlin.jvm.functions.Function1                                                  : loaded 3 times (x 68B)
Class kotlin.jvm.functions.Function0                                                  : loaded 3 times (x 68B)
Class Build_gradle$2                                                                  : loaded 3 times (x 72B)
Class kotlin.io.CloseableKt                                                           : loaded 3 times (x 69B)
Class kotlin.enums.EnumEntriesKt                                                      : loaded 3 times (x 69B)
Class com.google.common.io.ByteArrayDataOutput                                        : loaded 3 times (x 68B)
Class com.google.common.collect.ImmutableEntry                                        : loaded 3 times (x 80B)
Class com.google.common.collect.Lists$StringAsImmutableList                           : loaded 3 times (x 167B)
Class kotlin.enums.EnumEntriesList                                                    : loaded 3 times (x 183B)
Class com.google.common.base.Splitter$SplittingIterator                               : loaded 3 times (x 82B)
Class com.google.common.collect.TransformedIterator                                   : loaded 3 times (x 78B)
Class kotlin.collections.MapsKt___MapsJvmKt                                           : loaded 3 times (x 69B)
Class kotlin.collections.SetsKt__SetsJVMKt                                            : loaded 3 times (x 69B)
Class com.google.common.collect.CollectCollectors                                     : loaded 3 times (x 69B)
Class kotlin.sequences.SequencesKt___SequencesKt                                      : loaded 3 times (x 69B)
Class kotlin.collections.CollectionsKt__CollectionsJVMKt                              : loaded 3 times (x 69B)
Class kotlin.text.StringsKt__AppendableKt                                             : loaded 3 times (x 69B)
Class com.google.common.collect.MapMakerInternalMap$1                                 : loaded 3 times (x 81B)
Class com.google.common.collect.Sets$ImprovedAbstractSet                              : loaded 3 times (x 133B)
Class kotlin.sequences.FilteringSequence$iterator$1                                   : loaded 3 times (x 77B)
Class kotlin.text.StringsKt__StringBuilderKt                                          : loaded 3 times (x 69B)
Class [Lcom.google.common.collect.ImmutableEntry;                                     : loaded 3 times (x 67B)
Class kotlin.NoWhenBranchMatchedException                                             : loaded 3 times (x 80B)
Class com.google.common.collect.ImmutableSet$RegularSetBuilderImpl                    : loaded 3 times (x 75B)
Class com.google.common.collect.ImmutableSet$JdkBackedSetBuilderImpl                  : loaded 3 times (x 74B)
Class kotlin.LazyKt                                                                   : loaded 3 times (x 69B)
Class kotlin.sequences.SequencesKt__SequencesJVMKt                                    : loaded 3 times (x 69B)
Class kotlin.sequences.SequencesKt__SequencesKt                                       : loaded 3 times (x 69B)
Class com.google.common.collect.MapMakerInternalMap$Segment                           : loaded 3 times (x 140B)
Class com.google.common.base.Splitter$1$1                                             : loaded 3 times (x 84B)
Class com.google.common.collect.ImmutableSortedSet                                    : loaded 3 times (x 233B)
Class kotlin.sequences.FilteringSequence                                              : loaded 3 times (x 73B)
Class com.google.common.io.ByteSource$ByteArrayByteSource                             : loaded 3 times (x 83B)
Class com.google.common.collect.MapMakerInternalMap$InternalEntryHelper               : loaded 3 times (x 68B)
Class kotlin.collections.CollectionsKt__IteratorsJVMKt                                : loaded 3 times (x 69B)
Class com.google.common.collect.MapMakerInternalMap$Strength$2                        : loaded 3 times (x 78B)
Class com.google.common.collect.MapMakerInternalMap$Strength$1                        : loaded 3 times (x 78B)
Class [Lcom.google.common.collect.ImmutableMapEntry;                                  : loaded 3 times (x 67B)
Class com.google.common.collect.ImmutableMapEntrySet$RegularEntrySet                  : loaded 3 times (x 149B)
Class com.google.common.base.Splitter$Strategy                                        : loaded 3 times (x 68B)
Class com.google.common.base.CharMatcher                                              : loaded 3 times (x 109B)
Class com.google.common.io.CharSource$AsByteSource                                    : loaded 3 times (x 83B)
Class com.google.common.collect.ImmutableList$1                                       : loaded 3 times (x 95B)
Class com.google.common.io.Files                                                      : loaded 3 times (x 69B)
Class com.google.common.collect.UnmodifiableListIterator                              : loaded 3 times (x 93B)
Class [Lorg.objectweb.asm.Attribute;                                                  : loaded 3 times (x 67B)
Class com.google.common.base.CharMatcher$None                                         : loaded 3 times (x 110B)
Class org.jetbrains.kotlin.build.report.metrics.GradleBuildTime$Companion             : loaded 3 times (x 69B)
Class com.google.common.collect.AbstractIndexedListIterator                           : loaded 3 times (x 94B)
Class com.google.common.collect.RegularImmutableMap                                   : loaded 3 times (x 119B)
Class com.google.common.collect.Maps                                                  : loaded 3 times (x 69B)
Class kotlin.collections.EmptyIterator                                                : loaded 3 times (x 87B)
Class com.google.common.collect.RangeGwtSerializationDependencies                     : loaded 3 times (x 69B)
Class com.google.common.primitives.IntsMethodsForWeb                                  : loaded 3 times (x 69B)
Class kotlin.sequences.SequencesKt                                                    : loaded 3 times (x 69B)
Class com.google.common.collect.CollectPreconditions                                  : loaded 3 times (x 69B)
Class com.google.common.collect.RegularImmutableMap$KeySet                            : loaded 3 times (x 148B)
Class [Lorg.jetbrains.kotlin.build.report.metrics.BuildTime;                          : loaded 3 times (x 67B)
Class com.google.common.collect.Iterators$9                                           : loaded 3 times (x 79B)
Class com.google.common.base.CharMatcher$IsNot                                        : loaded 3 times (x 109B)
Class com.google.common.base.Function                                                 : loaded 3 times (x 68B)
Class com.google.common.base.Preconditions                                            : loaded 3 times (x 69B)
Class com.google.common.base.Equivalence$Equals                                       : loaded 3 times (x 80B)
Class com.google.common.collect.RegularImmutableSortedSet                             : loaded 3 times (x 233B)
Class com.google.common.base.Joiner                                                   : loaded 3 times (x 77B)
Class com.google.common.collect.Iterators$5                                           : loaded 3 times (x 80B)
Class com.google.common.collect.RegularImmutableMap$BucketOverflowException           : loaded 3 times (x 80B)
Class com.google.common.collect.Iterators$4                                           : loaded 3 times (x 80B)
Class com.google.common.collect.Iterators$1                                           : loaded 3 times (x 79B)
Class org.jetbrains.kotlin.build.report.metrics.BuildMetricsReporter                  : loaded 3 times (x 68B)
Class com.google.common.collect.Maps$IteratorBasedAbstractMap                         : loaded 3 times (x 123B)
Class kotlin.text.StringsKt___StringsJvmKt                                            : loaded 3 times (x 69B)
Class com.google.common.base.CharMatcher$Whitespace                                   : loaded 3 times (x 110B)
Class kotlin.jvm.internal.Intrinsics                                                  : loaded 3 times (x 69B)
Class com.google.common.collect.RangeSet                                              : loaded 3 times (x 68B)
Class com.google.common.collect.ImmutableList                                         : loaded 3 times (x 166B)
Class com.google.common.collect.Iterators$EmptyModifiableIterator                     : loaded 3 times (x 84B)
Class com.google.common.collect.Iterators$10                                          : loaded 3 times (x 79B)
Class com.google.common.collect.ObjectArrays                                          : loaded 3 times (x 69B)
Class kotlin.collections.EmptyList                                                    : loaded 3 times (x 134B)
Class kotlin.collections.CollectionsKt__MutableCollectionsJVMKt                       : loaded 3 times (x 69B)
Class com.google.common.collect.ImmutableList$ReverseImmutableList                    : loaded 3 times (x 168B)
Class com.google.common.collect.ImmutableEnumMap                                      : loaded 3 times (x 123B)
Class com.google.common.io.ByteSource$AsCharSource                                    : loaded 3 times (x 84B)
Class com.google.common.collect.RegularImmutableMap$Values                            : loaded 3 times (x 167B)
Class com.google.common.base.PairwiseEquivalence                                      : loaded 3 times (x 81B)
Class kotlin.jvm.internal.markers.KMappedMarker                                       : loaded 3 times (x 68B)
Class com.google.common.collect.ImmutableRangeSet                                     : loaded 3 times (x 113B)
Class com.google.common.collect.ImmutableCollection                                   : loaded 3 times (x 123B)
Class com.google.common.base.CharMatcher$JavaLetterOrDigit                            : loaded 3 times (x 109B)
Class kotlin.text.StringsKt__StringNumberConversionsKt                                : loaded 3 times (x 69B)
Class kotlin.sequences.SequencesKt__SequenceBuilderKt                                 : loaded 3 times (x 69B)
Class com.google.common.base.Splitter                                                 : loaded 3 times (x 70B)
Class com.google.common.collect.RegularImmutableBiMap                                 : loaded 3 times (x 146B)
Class com.google.common.base.FunctionalEquivalence                                    : loaded 3 times (x 81B)
Class com.google.common.collect.Multimap                                              : loaded 3 times (x 68B)
Class com.google.common.base.JdkPattern                                               : loaded 3 times (x 73B)
Class kotlin.collections.CollectionsKt__ReversedViewsKt                               : loaded 3 times (x 69B)
Class org.objectweb.asm.Context                                                       : loaded 3 times (x 70B)
Class com.google.common.collect.Iterators$ArrayItr                                    : loaded 3 times (x 95B)
Class com.google.common.collect.ImmutableRangeSet$ComplementRanges                    : loaded 3 times (x 167B)
Class com.google.common.io.ByteStreams$LimitedInputStream                             : loaded 3 times (x 90B)
Class com.google.common.collect.Hashing                                               : loaded 3 times (x 69B)
Class com.google.common.base.CharMatcher$SingleWidth                                  : loaded 3 times (x 110B)
Class [Lorg.jetbrains.kotlin.build.report.metrics.GradleBuildTime;                    : loaded 3 times (x 67B)
Class com.google.common.collect.MapMakerInternalMap$Strength                          : loaded 3 times (x 78B)
Class kotlin.collections.CollectionsKt__MutableCollectionsKt                          : loaded 3 times (x 69B)
Class com.google.common.collect.Table                                                 : loaded 3 times (x 68B)
Class com.google.common.base.Platform$JdkPatternCompiler                              : loaded 3 times (x 73B)
Class com.google.common.collect.UnmodifiableIterator                                  : loaded 3 times (x 78B)
Class com.google.common.io.Closer                                                     : loaded 3 times (x 76B)
Class com.google.common.base.Strings                                                  : loaded 3 times (x 69B)
Class kotlin.text.StringsKt__StringsJVMKt                                             : loaded 3 times (x 69B)
Class com.google.common.collect.ArrayListMultimap                                     : loaded 3 times (x 170B)
Class kotlin.collections.SetsKt___SetsKt                                              : loaded 3 times (x 69B)
Class kotlin.text.StringsKt__StringBuilderJVMKt                                       : loaded 3 times (x 69B)
Class kotlin.text.StringsKt__RegexExtensionsKt                                        : loaded 3 times (x 69B)
Class org.objectweb.asm.Type                                                          : loaded 3 times (x 70B)
Class com.google.common.io.ByteStreams$1                                              : loaded 3 times (x 83B)
Class com.google.common.math.MathPreconditions                                        : loaded 3 times (x 69B)
Class org.objectweb.asm.Label                                                         : loaded 3 times (x 71B)
Class [Lcom.google.common.collect.HashBiMap$BiEntry;                                  : loaded 3 times (x 67B)
Class com.google.common.math.IntMath$1                                                : loaded 3 times (x 69B)
Class com.google.common.collect.Lists                                                 : loaded 3 times (x 69B)
Class com.google.common.collect.BiMap                                                 : loaded 3 times (x 68B)
Class com.google.common.collect.Sets$SetView                                          : loaded 3 times (x 136B)
Class com.google.common.collect.Maps$KeySet                                           : loaded 3 times (x 135B)
Class com.google.common.base.CharMatcher$InRange                                      : loaded 3 times (x 109B)
Class com.google.common.base.PatternCompiler                                          : loaded 3 times (x 68B)
Class com.google.common.base.CharMatcher$BitSetMatcher                                : loaded 3 times (x 110B)
Class com.google.common.collect.Maps$8                                                : loaded 3 times (x 80B)
Class kotlin.UninitializedPropertyAccessException                                     : loaded 3 times (x 80B)
Class com.google.common.collect.AbstractRangeSet                                      : loaded 3 times (x 112B)
Class com.google.common.collect.RegularImmutableSet                                   : loaded 3 times (x 146B)
Class kotlin.text.StringsKt                                                           : loaded 3 times (x 69B)
Class com.google.common.collect.ImmutableMap$IteratorBasedImmutableMap                : loaded 3 times (x 123B)
Class com.google.common.base.Predicate                                                : loaded 3 times (x 68B)
Class kotlin.collections.ArraysKt__ArraysKt                                           : loaded 3 times (x 69B)
Class com.google.common.primitives.Ints                                               : loaded 3 times (x 69B)
Class com.google.common.base.Equivalence                                              : loaded 3 times (x 80B)
Class com.google.common.io.CharSource$ConcatenatedCharSource                          : loaded 3 times (x 84B)
Class kotlin.collections.CollectionsKt__CollectionsKt                                 : loaded 3 times (x 69B)
Class com.google.common.collect.ImmutableSet$EmptySetBuilderImpl                      : loaded 3 times (x 74B)
Class kotlin.Lazy                                                                     : loaded 3 times (x 68B)
Class com.google.common.collect.ImmutableSortedSetFauxverideShim                      : loaded 3 times (x 145B)
Class com.google.common.base.Converter                                                : loaded 3 times (x 88B)
Class com.google.common.collect.AbstractMapBasedMultimap$Itr                          : loaded 3 times (x 81B)
Class com.google.common.collect.ImmutableMap                                          : loaded 3 times (x 118B)
Class com.google.common.io.Files$FileByteSource                                       : loaded 3 times (x 83B)
Class com.android.ide.common.resources.DataItem                                       : loaded 2 times (x 88B)
Class com.google.common.reflect.Reflection                                            : loaded 2 times (x 69B)
Class org.jetbrains.kotlin.statistics.metrics.NumberOverridePolicy$SUM                : loaded 2 times (x 83B)
Class org.jetbrains.kotlin.statistics.metrics.BooleanAnonymizationPolicy              : loaded 2 times (x 83B)
Class com.google.wireless.android.sdk.stats.DeviceExplorerEvent                       : loaded 2 times (x 198B)
Class com.android.utils.EnvironmentProvider                                           : loaded 2 times (x 68B)
Class com.google.wireless.android.sdk.stats.AppQualityInsightsUsageEventOrBuilder     : loaded 2 times (x 68B)
Class kotlin.jvm.internal.CallableReference                                           : loaded 2 times (x 104B)
Class org.jetbrains.kotlin.gradle.plugin.mpp.compilationImpl.KotlinCreateLifecycleTasksSideEffectKt: loaded 2 times (x 69B)
Class [Lorg.jetbrains.kotlin.statistics.ValueAnonymizer;                              : loaded 2 times (x 67B)
Class kotlin.ranges.IntProgression                                                    : loaded 2 times (x 79B)
Class com.google.protobuf.MessageLiteOrBuilder                                        : loaded 2 times (x 68B)
Class com.google.wireless.android.sdk.stats.HypervisorOrBuilder                       : loaded 2 times (x 68B)
Class org.jetbrains.kotlin.gradle.targets.js.npm.DevNpmDependencyExtension            : loaded 2 times (x 68B)
Class org.codehaus.groovy.runtime.memoize.StampedCommonCache                          : loaded 2 times (x 152B)
Class org.codehaus.groovy.runtime.metaclass.ClosureMetaMethod$AnonymousMetaMethod     : loaded 2 times (x 94B)
Class org.jetbrains.kotlin.gradle.artifacts.KotlinLegacyMetadataArtifactKt$KotlinLegacyMetadataArtifact$1: loaded 2 times (x 72B)
Class org.codehaus.groovy.reflection.CachedClass$1                                    : loaded 2 times (x 80B)
Class com.google.wireless.android.sdk.stats.WearHealthServicesEvent                   : loaded 2 times (x 192B)
Class org.jetbrains.kotlin.gradle.plugin.mpp.AbstractKotlinCompilation                : loaded 2 times (x 189B)
Class org.jetbrains.kotlin.gradle.plugin.statistics.KotlinBuildStatsConfiguration$Companion: loaded 2 times (x 69B)
Class org.codehaus.groovy.runtime.GroovyCategorySupport$CategoryMethod                : loaded 2 times (x 101B)
Class org.codehaus.groovy.ast.stmt.SynchronizedStatement                              : loaded 2 times (x 112B)
Class org.codehaus.groovy.reflection.CachedClass$2                                    : loaded 2 times (x 80B)
Class com.google.wireless.android.sdk.stats.GradleVersionCatalogDetectorEventOrBuilder: loaded 2 times (x 68B)
Class com.google.common.collect.ImmutableMapEntry$NonTerminalImmutableBiMapEntry      : loaded 2 times (x 83B)
Class kotlin.reflect.jvm.internal.KClassImpl$Data$$Lambda$10                          : loaded 2 times (x 74B)
Class it.unimi.dsi.fastutil.objects.Object2IntMap$FastEntrySet                        : loaded 2 times (x 68B)
Class [Lcom.android.prefs.VariableValue;                                              : loaded 2 times (x 67B)
Class org.jetbrains.kotlin.gradle.plugin.mpp.KotlinCompilationsKt$addSourcesToKotlinCompileTask$configureAction$2: loaded 2 times (x 77B)
Class com.google.common.collect.StandardTable$CellIterator                            : loaded 2 times (x 81B)
Class org.codehaus.groovy.reflection.CachedClass$3                                    : loaded 2 times (x 80B)
Class kotlin.reflect.jvm.internal.KClassImpl$Data$$Lambda$11                          : loaded 2 times (x 74B)
Class kotlin.comparisons.ComparisonsKt                                                : loaded 2 times (x 69B)
Class org.jetbrains.kotlin.gradle.targets.KotlinTargetSideEffect                      : loaded 2 times (x 68B)
Class com.google.wireless.android.sdk.stats.ComposeMultiPreviewEvent                  : loaded 2 times (x 198B)
Class com.google.wireless.android.sdk.stats.OSMetricsOrBuilder                        : loaded 2 times (x 68B)
Class org.codehaus.groovy.reflection.CachedClass$4                                    : loaded 2 times (x 80B)
Class kotlin.reflect.jvm.internal.KClassImpl$Data$$Lambda$12                          : loaded 2 times (x 74B)
Class org.codehaus.groovy.ast.expr.MethodCallExpression                               : loaded 2 times (x 151B)
Class org.codehaus.groovy.reflection.CachedClass$5                                    : loaded 2 times (x 80B)
Class kotlin.reflect.jvm.internal.KClassImpl$Data$$Lambda$13                          : loaded 2 times (x 74B)
Class org.jetbrains.kotlin.gradle.dsl.KotlinTopLevelExtensionConfig                   : loaded 2 times (x 68B)
Class com.google.wireless.android.sdk.stats.AndroidTestRetentionEventOrBuilder        : loaded 2 times (x 68B)
Class com.android.tools.analytics.NullUsageTracker                                    : loaded 2 times (x 79B)
Class org.codehaus.groovy.ast.expr.Expression                                         : loaded 2 times (x 125B)
Class org.codehaus.groovy.reflection.CachedClass$6                                    : loaded 2 times (x 80B)
Class kotlin.reflect.jvm.internal.KClassImpl$Data$$Lambda$14                          : loaded 2 times (x 74B)
Class kotlin.io.FilesKt                                                               : loaded 2 times (x 69B)
Class com.google.wireless.android.sdk.stats.DynamicLayoutInspectorEventOrBuilder      : loaded 2 times (x 68B)
Class org.jetbrains.kotlin.gradle.plugin.diagnostics.checkers.ComposePluginSuggestApplyChecker: loaded 2 times (x 72B)
Class org.codehaus.groovy.reflection.CachedClass$7                                    : loaded 2 times (x 80B)
Class kotlin.reflect.jvm.internal.KClassImpl$Data$$Lambda$15                          : loaded 2 times (x 74B)
Class org.jetbrains.kotlin.gradle.plugin.diagnostics.TransformActionUsingKotlinToolingDiagnostics: loaded 2 times (x 68B)
Class org.codehaus.groovy.reflection.CachedClass$8                                    : loaded 2 times (x 80B)
Class kotlin.reflect.jvm.internal.KClassImpl$Data$$Lambda$16                          : loaded 2 times (x 74B)
Class org.jetbrains.kotlin.build.report.metrics.BuildPerformanceMetrics               : loaded 2 times (x 70B)
Class [Lorg.jetbrains.kotlin.gradle.dsl.JvmTarget;                                    : loaded 2 times (x 67B)
Class com.android.utils.DateProvider                                                  : loaded 2 times (x 68B)
Class [Lorg.codehaus.groovy.ast.GenericsType;                                         : loaded 2 times (x 67B)
Class groovy.lang.MissingMethodException                                              : loaded 2 times (x 90B)
Class kotlin.reflect.jvm.internal.KClassImpl$Data$$Lambda$17                          : loaded 2 times (x 74B)
Class org.jetbrains.kotlin.gradle.internal.properties.PropertiesBuildService$localProperties$2: loaded 2 times (x 77B)
Class [Lorg.codehaus.groovy.util.ComplexKeyHashMap$Entry;                             : loaded 2 times (x 67B)
Class org.jetbrains.kotlin.gradle.targets.metadata.KotlinMetadataTargetConfiguratorKt$metadataCompilationsCreated$2: loaded 2 times (x 76B)
Class com.google.protobuf.CodedOutputStream$ArrayEncoder                              : loaded 2 times (x 108B)
Class com.google.wireless.android.sdk.stats.WhatsNewAssistantUpdateEventOrBuilder     : loaded 2 times (x 68B)
Class kotlin.text.MatchNamedGroupCollection                                           : loaded 2 times (x 68B)
Class kotlin.coroutines.jvm.internal.RestrictedSuspendLambda                          : loaded 2 times (x 89B)
Class com.google.wireless.android.sdk.stats.BuildAttributionUiEvent                   : loaded 2 times (x 213B)
Class com.google.common.hash.HashFunction                                             : loaded 2 times (x 68B)
Class com.google.gson.stream.JsonReader$1                                             : loaded 2 times (x 70B)
Class org.codehaus.groovy.runtime.DefaultGroovyStaticMethods                          : loaded 2 times (x 69B)
Class org.codehaus.groovy.runtime.RangeInfo                                           : loaded 2 times (x 69B)
Class com.google.common.cache.LocalCache$EntryFactory$1                               : loaded 2 times (x 81B)
Class org.codehaus.groovy.runtime.metaclass.MethodSelectionException                  : loaded 2 times (x 85B)
Class org.jetbrains.kotlin.gradle.plugin.KotlinPluginWrapperKt$kotlinPluginVersionFromResources$1$1: loaded 2 times (x 69B)
Class com.google.common.cache.LocalCache$EntryFactory$2                               : loaded 2 times (x 81B)
Class com.google.wireless.android.sdk.stats.FirebaseErrorDetailsOrBuilder             : loaded 2 times (x 68B)
Class com.google.common.collect.ImmutableSet$SerializedForm                           : loaded 2 times (x 71B)
Class com.google.common.cache.LocalCache$EntryFactory$3                               : loaded 2 times (x 81B)
Class com.google.wireless.android.sdk.stats.TestScenarioEvent                         : loaded 2 times (x 201B)
Class kotlin.reflect.jvm.internal.KMutableProperty1Impl$$Lambda$0                     : loaded 2 times (x 74B)
Class [Lcom.google.common.collect.Maps$EntryFunction;                                 : loaded 2 times (x 67B)
Class org.jetbrains.kotlin.gradle.plugin.ProjectLocalConfigurations                   : loaded 2 times (x 69B)
Class com.google.common.cache.LocalCache$EntryFactory$4                               : loaded 2 times (x 81B)
Class org.jetbrains.kotlin.gradle.plugin.KotlinSourceSet$Companion                    : loaded 2 times (x 69B)
Class com.google.common.cache.LocalCache$EntryFactory$5                               : loaded 2 times (x 81B)
Class org.codehaus.groovy.reflection.ClassInfo$1                                      : loaded 2 times (x 74B)
Class com.google.common.cache.LocalCache$EntryFactory$6                               : loaded 2 times (x 81B)
Class com.google.common.reflect.TypeResolver$TypeVariableKey                          : loaded 2 times (x 70B)
Class org.jetbrains.kotlin.gradle.tasks.DefaultKotlinJavaToolchain$getToolsJarFromJvm$1: loaded 2 times (x 73B)
Class com.google.common.cache.LocalCache$EntryFactory$7                               : loaded 2 times (x 81B)
Class com.google.wireless.android.sdk.stats.IntellijProjectSizeStatsOrBuilder         : loaded 2 times (x 68B)
Class org.jetbrains.kotlin.gradle.plugin.PropertiesProvider$PropertyNames             : loaded 2 times (x 69B)
Class com.google.common.cache.LocalCache$EntryFactory$8                               : loaded 2 times (x 81B)
Class com.google.protobuf.CodedOutputStream$AbstractBufferedEncoder                   : loaded 2 times (x 108B)
Class kotlin.reflect.KDeclarationContainer                                            : loaded 2 times (x 68B)
Class kotlin.collections.ArrayDeque$Companion                                         : loaded 2 times (x 69B)
Class org.jetbrains.kotlin.gradle.plugin.mpp.compilationImpl.factory.KotlinCompilationImplFactory$KotlinCompilationOutputFactory: loaded 2 times (x 68B)
Class org.jetbrains.kotlin.gradle.artifacts.KotlinTargetArtifact$Companion            : loaded 2 times (x 69B)
Class com.google.wireless.android.sdk.stats.ParallelAndroidTestReportUiEventOrBuilder : loaded 2 times (x 68B)
Class groovy.lang.MetaClassImpl$MethodIndexAction                                     : loaded 2 times (x 73B)
Class kotlin.collections.builders.MapBuilder$EntryRef                                 : loaded 2 times (x 79B)
Class org.jetbrains.kotlin.utils.CollectionsKt                                        : loaded 2 times (x 69B)
Class org.jetbrains.kotlin.gradle.tasks.KotlinCompile                                 : loaded 2 times (x 496B)
Class org.jetbrains.kotlin.gradle.dsl.KotlinSingleJavaTargetExtension                 : loaded 2 times (x 122B)
Class org.jetbrains.kotlin.gradle.plugin.statistics.BuildFusService                   : loaded 2 times (x 82B)
Class com.google.wireless.android.sdk.stats.WhatsNewAssistantEvent                    : loaded 2 times (x 192B)
Class org.codehaus.groovy.util.AbstractConcurrentMapBase$Segment                      : loaded 2 times (x 81B)
Class org.jetbrains.kotlin.gradle.plugin.mpp.compilationImpl.KotlinCompilationImpl    : loaded 2 times (x 138B)
Class com.google.common.cache.LocalCache$StrongValueReference                         : loaded 2 times (x 88B)
Class com.google.wireless.android.sdk.stats.FastPreviewEvent                          : loaded 2 times (x 196B)
Class com.google.common.collect.RegularImmutableBiMap$Inverse$InverseEntrySet         : loaded 2 times (x 149B)
Class org.gradle.internal.classloader.FilteringClassLoader                            : loaded 2 times (x 103B)
Class com.google.protobuf.Extension$ExtensionType                                     : loaded 2 times (x 77B)
Class com.android.manifmerger.ManifestMerger2$MergeFailureException                   : loaded 2 times (x 80B)
Class com.google.wireless.android.sdk.stats.AppLinksAssistantEventOrBuilder           : loaded 2 times (x 68B)
Class com.google.common.collect.AbstractMapBasedMultimap$WrappedCollection            : loaded 2 times (x 122B)
Class org.jetbrains.kotlin.gradle.plugin.mpp.KotlinTargetSoftwareComponentImplKt$KotlinTargetSoftwareComponent$1: loaded 2 times (x 93B)
Class com.google.wireless.android.sdk.stats.WearTileAnimationToolingEventOrBuilder    : loaded 2 times (x 68B)
Class org.jetbrains.kotlin.gradle.report.GradleBuildMetricsReporter                   : loaded 2 times (x 96B)
Class org.jetbrains.kotlin.gradle.plugin.mpp.KotlinTargetComponentWithPublication     : loaded 2 times (x 68B)
Class com.google.wireless.android.sdk.stats.SmlGeolocationEventOrBuilder              : loaded 2 times (x 68B)
Class org.codehaus.groovy.ast.stmt.BlockStatement                                     : loaded 2 times (x 113B)
Class kotlin.collections.AbstractMutableList                                          : loaded 2 times (x 166B)
Class com.google.common.reflect.TypeResolver$TypeTable                                : loaded 2 times (x 71B)
Class jdk.internal.jimage.ImageReader$Resource                                        : loaded 2 times (x 82B)
Class groovy.lang.GroovyClassLoader                                                   : loaded 2 times (x 140B)
Class org.jetbrains.kotlin.gradle.plugin.StatisticsBuildFlowManager                   : loaded 2 times (x 70B)
Class com.google.common.reflect.Invokable$MethodInvokable                             : loaded 2 times (x 103B)
Class kotlin.jvm.internal.Lambda                                                      : loaded 2 times (x 73B)
Class org.jetbrains.kotlin.gradle.plugin.internal.BuildIdService                      : loaded 2 times (x 74B)
Class org.apache.groovy.io.StringBuilderWriter                                        : loaded 2 times (x 98B)
Class it.unimi.dsi.fastutil.ints.IntArrays$ForkJoinQuickSortIndirect                  : loaded 2 times (x 88B)
Class org.jetbrains.kotlin.gradle.internal.properties.PropertiesBuildService$GradleProperty: loaded 2 times (x 68B)
Class org.jetbrains.kotlin.gradle.utils.GradleUtilsKt$registerClassLoaderScopedBuildService$1: loaded 2 times (x 72B)
Class jdk.internal.jrtfs.SystemImage                                                  : loaded 2 times (x 72B)
Class org.codehaus.groovy.util.SingleKeyHashMap                                       : loaded 2 times (x 82B)
Class org.codehaus.groovy.ast.expr.ClassExpression                                    : loaded 2 times (x 125B)
Class com.android.utils.Pair                                                          : loaded 2 times (x 70B)
Class [Lorg.jetbrains.kotlin.gradle.report.BuildReportMode;                           : loaded 2 times (x 67B)
Class com.google.wireless.android.sdk.stats.UpgradeAndroidStudioDialogStats           : loaded 2 times (x 192B)
Class com.android.repository.io.FileOpUtils                                           : loaded 2 times (x 69B)
Class kotlin.reflect.KCallable                                                        : loaded 2 times (x 68B)
Class org.jetbrains.kotlin.incremental.ClasspathChanges                               : loaded 2 times (x 69B)
Class org.jetbrains.kotlin.gradle.plugin.KotlinTarget$DefaultImpls                    : loaded 2 times (x 69B)
Class [Lcom.google.common.cache.LocalCache$Strength;                                  : loaded 2 times (x 67B)
Class org.gradle.internal.classpath.DefaultClassPath$ImmutableUniqueList$Builder      : loaded 2 times (x 73B)
Class org.jetbrains.kotlin.gradle.dsl.DefaultToolchainSupport$wireToolchainToTasks$1$1: loaded 2 times (x 73B)
Class com.google.common.collect.ExplicitOrdering                                      : loaded 2 times (x 113B)
Class org.jetbrains.kotlin.gradle.tasks.configuration.AbstractKotlinCompileConfig$2$2$1: loaded 2 times (x 73B)
Class org.jetbrains.kotlin.gradle.model.builder.KotlinModelBuilder                    : loaded 2 times (x 74B)
Class [Lorg.jetbrains.kotlin.gradle.plugin.KotlinCompilation;                         : loaded 2 times (x 67B)
Class org.jetbrains.kotlin.gradle.plugin.mpp.resources.resolve.KotlinTargetResourcesResolutionStrategy: loaded 2 times (x 77B)
Class org.jetbrains.kotlin.gradle.targets.js.npm.NpmDependencyWithExternalsExtension  : loaded 2 times (x 68B)
Class com.google.wireless.android.sdk.stats.LintSession                               : loaded 2 times (x 218B)
Class com.google.gson.JsonSyntaxException                                             : loaded 2 times (x 80B)
Class com.google.common.collect.SortedSetMultimap                                     : loaded 2 times (x 68B)
Class org.jetbrains.kotlin.gradle.plugin.KotlinGradleBuildServices$Parameters         : loaded 2 times (x 68B)
Class com.google.protobuf.Descriptors$Descriptor                                      : loaded 2 times (x 74B)
Class org.codehaus.groovy.reflection.GroovyClassValue                                 : loaded 2 times (x 68B)
Class org.jetbrains.kotlin.gradle.plugin.statistics.NonSynchronizedMetricsContainer   : loaded 2 times (x 75B)
Class org.codehaus.groovy.runtime.metaclass.MixinInstanceMetaMethod                   : loaded 2 times (x 94B)
Class com.android.prefs.VariableValue                                                 : loaded 2 times (x 82B)
Class org.jetbrains.kotlin.gradle.plugin.PropertiesProvider$Companion                 : loaded 2 times (x 69B)
Class com.android.utils.FileUtils                                                     : loaded 2 times (x 69B)
Class com.google.wireless.android.sdk.stats.DesignEditorHelpPanelEvent                : loaded 2 times (x 196B)
Class com.google.wireless.android.sdk.stats.GradleBuildProfileOrBuilder               : loaded 2 times (x 68B)
Class org.codehaus.groovy.runtime.dgmimpl.arrays.LongArrayGetAtMetaMethod             : loaded 2 times (x 95B)
Class com.google.common.collect.Sets$3$1                                              : loaded 2 times (x 80B)
Class org.codehaus.groovy.util.ComplexKeyHashMap                                      : loaded 2 times (x 77B)
Class org.codehaus.groovy.ast.NodeMetaDataHandler                                     : loaded 2 times (x 68B)
Class kotlin.reflect.jvm.internal.KPropertyImpl$$Lambda$0                             : loaded 2 times (x 74B)
Class org.jetbrains.kotlin.gradle.plugin.KotlinGradleBuildServices$Companion          : loaded 2 times (x 69B)
Class org.jetbrains.kotlin.gradle.utils.ReportUtilsKt                                 : loaded 2 times (x 69B)
Class org.jetbrains.kotlin.gradle.logging.GradleLoggingUtilsKt                        : loaded 2 times (x 69B)
Class [Lcom.google.common.cache.CacheBuilder$NullListener;                            : loaded 2 times (x 67B)
Class com.google.protobuf.Internal$FloatList                                          : loaded 2 times (x 68B)
Class org.codehaus.groovy.syntax.Token                                                : loaded 2 times (x 109B)
Class kotlin.reflect.jvm.internal.KPropertyImpl$$Lambda$1                             : loaded 2 times (x 74B)
Class org.jetbrains.kotlin.gradle.dsl.DefaultToolchainSupport_Decorated               : loaded 2 times (x 122B)
Class com.google.common.io.CharStreams$NullWriter                                     : loaded 2 times (x 97B)
Class com.google.common.collect.ElementTypesAreNonnullByDefault                       : loaded 2 times (x 68B)
Class [Lkotlin.annotation.AnnotationRetention;                                        : loaded 2 times (x 67B)
Class org.jetbrains.kotlin.gradle.tasks.AbstractKotlinCompile$friendPathsSet$1        : loaded 2 times (x 73B)
Class kotlin.Result$Failure                                                           : loaded 2 times (x 70B)
Class com.google.common.collect.HashMultimap                                          : loaded 2 times (x 172B)
Class org.jetbrains.kotlin.gradle.plugin.diagnostics.KotlinToolingDiagnosticsCollectorKt: loaded 2 times (x 69B)
Class org.jetbrains.kotlin.gradle.plugin.diagnostics.ToolingDiagnostic$Severity       : loaded 2 times (x 77B)
Class kotlin.Result$Companion                                                         : loaded 2 times (x 69B)
Class com.google.common.collect.ImmutableMultimap$EntryCollection                     : loaded 2 times (x 125B)
Class org.codehaus.groovy.reflection.CachedClass                                      : loaded 2 times (x 93B)
Class org.codehaus.groovy.reflection.GeneratedMetaMethod                              : loaded 2 times (x 94B)
Class org.jetbrains.kotlin.statistics.metrics.IMetricContainer                        : loaded 2 times (x 68B)
Class com.google.gson.internal.bind.JsonTreeWriter                                    : loaded 2 times (x 96B)
Class com.google.protobuf.Android                                                     : loaded 2 times (x 69B)
Class kotlin.reflect.jvm.internal.KPackageImpl$$Lambda$0                              : loaded 2 times (x 74B)
Class kotlin.jvm.internal.markers.KMutableIterator                                    : loaded 2 times (x 68B)
Class org.jetbrains.kotlin.statistics.metrics.BooleanOverridePolicy$OVERRIDE          : loaded 2 times (x 83B)
Class com.android.ide.common.resources.configuration.HighDynamicRangeQualifier        : loaded 2 times (x 89B)
Class kotlin.collections.builders.ListBuilderKt                                       : loaded 2 times (x 69B)
Class com.google.wireless.android.sdk.stats.MultiViewEventOrBuilder                   : loaded 2 times (x 68B)
Class com.google.common.util.concurrent.AbstractFuture$Failure                        : loaded 2 times (x 70B)
Class org.jetbrains.kotlin.gradle.plugin.mpp.compilationImpl.factory.KotlinCompilationImplFactory$create$1: loaded 2 times (x 73B)
Class org.jetbrains.kotlin.statistics.metrics.StringOverridePolicy$OVERRIDE           : loaded 2 times (x 83B)
Class jdk.internal.jrtfs.JrtDirectoryStream$1                                         : loaded 2 times (x 81B)
Class com.google.wireless.android.sdk.stats.NavSafeArgsEvent                          : loaded 2 times (x 196B)
Class com.google.wireless.android.sdk.stats.VirtualizationEvent                       : loaded 2 times (x 194B)
Class com.google.protobuf.WireFormat                                                  : loaded 2 times (x 69B)
Class com.google.protobuf.UnknownFieldSet                                             : loaded 2 times (x 85B)
Class kotlin.collections.IntIterator                                                  : loaded 2 times (x 80B)
Class org.jetbrains.kotlin.gradle.internal.StdlibDependencyManagementKt$configureStdlibVersionAlignment$1$1: loaded 2 times (x 73B)
Class kotlin.reflect.jvm.internal.impl.name.ClassId                                   : loaded 2 times (x 70B)
Class org.objectweb.asm.AnnotationWriter                                              : loaded 2 times (x 77B)
Class org.codehaus.groovy.util.ReferenceType                                          : loaded 2 times (x 78B)
Class kotlin.jvm.internal.markers.KMutableIterable                                    : loaded 2 times (x 68B)
Class com.google.wireless.android.sdk.stats.IntelliJNewUISwitchOrBuilder              : loaded 2 times (x 68B)
Class org.apache.commons.io.output.ThresholdingOutputStream                           : loaded 2 times (x 93B)
Class org.jetbrains.kotlin.gradle.plugin.diagnostics.checkers.OverriddenKotlinNativeHomeChecker$StdlibExistenceCheckerValueSource$Params$Inject: loaded 2 times (x 104B)
Class org.jetbrains.kotlin.gradle.plugin.DefaultKotlinBasePlugin$addKotlinCompilerConfiguration$2$1$1: loaded 2 times (x 73B)
Class org.jetbrains.kotlin.gradle.plugin.diagnostics.checkers.InternalGradlePropertiesUsageChecker: loaded 2 times (x 72B)
Class org.jetbrains.kotlin.statistics.metrics.StringOverridePolicy                    : loaded 2 times (x 83B)
Class org.gradle.internal.classloader.ClassLoaderVisitor                              : loaded 2 times (x 74B)
Class org.codehaus.groovy.runtime.metaclass.MetaMethodIndex                           : loaded 2 times (x 91B)
Class [Lorg.jetbrains.kotlin.tooling.core.HasMutableExtras;                           : loaded 2 times (x 67B)
Class org.jetbrains.kotlin.gradle.dsl.PlatformSourceSetConventionsChecker$nativeTargetPresets$1$1: loaded 2 times (x 77B)
Class jdk.internal.jrtfs.SystemImage$2                                                : loaded 2 times (x 74B)
Class org.jetbrains.kotlin.gradle.plugin.BuildEventsListenerRegistryHolder_Decorated  : loaded 2 times (x 117B)
Class org.jetbrains.kotlin.gradle.plugin.VariantImplementationFactoriesConfigurator$Inject: loaded 2 times (x 94B)
Class org.jetbrains.kotlin.daemon.common.MultiModuleICSettings                        : loaded 2 times (x 70B)
Class org.jetbrains.kotlin.gradle.plugin.statistics.DefaultKotlinBuildStatsBeanService: loaded 2 times (x 90B)
Class kotlin.jvm.internal.TypeIntrinsics                                              : loaded 2 times (x 69B)
Class org.jetbrains.kotlin.gradle.plugin.diagnostics.CheckKotlinGradlePluginConfigurationErrors: loaded 2 times (x 315B)
Class org.jetbrains.kotlin.gradle.plugin.KotlinPluginLifecycleKt$await$1              : loaded 2 times (x 86B)
Class org.jetbrains.kotlin.gradle.artifacts.KotlinJvmJarArtifactKt                    : loaded 2 times (x 69B)
Class com.google.common.cache.CacheBuilder$NullListener                               : loaded 2 times (x 80B)
Class org.jetbrains.kotlin.gradle.tasks.DefaultKotlinJavaToolchain$javaVersion$1      : loaded 2 times (x 72B)
Class com.android.tools.lint.model.DefaultLintModelDependency                         : loaded 2 times (x 84B)
Class org.jetbrains.kotlin.gradle.tasks.DefaultKotlinJavaToolchain                    : loaded 2 times (x 75B)
Class com.google.wireless.android.sdk.stats.SmlCompletionEventOrBuilder               : loaded 2 times (x 68B)
Class kotlin.reflect.jvm.internal.KPropertyImpl$Companion                             : loaded 2 times (x 69B)
Class com.google.wireless.android.sdk.stats.GradleJdkInvalidEvent                     : loaded 2 times (x 192B)
Class com.google.wireless.android.sdk.stats.PSDEvent                                  : loaded 2 times (x 207B)
Class org.codehaus.groovy.reflection.ClassInfo                                        : loaded 2 times (x 90B)
Class org.jetbrains.kotlin.gradle.plugin.KotlinPluginLifecycleImpl$executeCurrentStageAndScheduleNext$3: loaded 2 times (x 73B)
Class org.jetbrains.kotlin.tooling.core.Extras$Type$Companion                         : loaded 2 times (x 69B)
Class org.jetbrains.kotlin.gradle.plugin.KotlinPluginLifecycleImpl$start$3            : loaded 2 times (x 77B)
Class com.android.tools.analytics.Anonymizer                                          : loaded 2 times (x 69B)
Class groovy.lang.ExpandoMetaClassCreationHandle                                      : loaded 2 times (x 74B)
Class org.codehaus.groovy.reflection.stdclasses.ArrayCachedClass                      : loaded 2 times (x 93B)
Class org.jetbrains.kotlin.gradle.internal.properties.NativePropertiesLoader$downloadFromMaven$1: loaded 2 times (x 73B)
Class org.jetbrains.kotlin.gradle.plugin.statistics.KotlinBuildStatsLoggerService$initSessionLogger$1: loaded 2 times (x 77B)
Class com.google.common.collect.ImmutableMultimap                                     : loaded 2 times (x 145B)
Class com.google.wireless.android.sdk.stats.DaemonCodeAnalyzerFinishedEvent           : loaded 2 times (x 208B)
Class com.google.gson.TypeAdapter$1                                                   : loaded 2 times (x 72B)
Class com.android.ide.common.repository.AgpVersion$Companion                          : loaded 2 times (x 69B)
Class org.jetbrains.kotlin.gradle.plugin.KotlinPluginLifecycle$ProjectConfigurationResult: loaded 2 times (x 69B)
Class org.jetbrains.kotlin.gradle.plugin.internal.CompatibilityConventionRegistrarKt  : loaded 2 times (x 69B)
Class [Lkotlin.reflect.KProperty;                                                     : loaded 2 times (x 67B)
Class org.jetbrains.kotlin.gradle.utils.CompletableFuture                             : loaded 2 times (x 68B)
Class com.android.tools.lint.model.DefaultLintModelArtifact                           : loaded 2 times (x 80B)
Class org.apache.commons.io.filefilter.IOFileFilter                                   : loaded 2 times (x 68B)
Class com.android.ide.common.resources.configuration.ScreenSizeQualifier              : loaded 2 times (x 90B)
Class groovy.lang.SpreadMap                                                           : loaded 2 times (x 133B)
Class kotlin.reflect.jvm.internal.KTypeParameterOwnerImpl                             : loaded 2 times (x 68B)
Class org.jetbrains.kotlin.gradle.internal.ClassLoadersCachingBuildService            : loaded 2 times (x 74B)
Class org.jetbrains.kotlin.cli.jvm.compiler.KotlinCoreEnvironment                     : loaded 2 times (x 70B)
Class org.jetbrains.kotlin.gradle.internal.Kapt3KotlinGradleSubpluginKt               : loaded 2 times (x 69B)
Class org.jetbrains.kotlin.cli.common.CompilerSystemProperties                        : loaded 2 times (x 78B)
Class [Lorg.jetbrains.kotlin.konan.target.Family;                                     : loaded 2 times (x 67B)
Class com.google.wireless.android.sdk.stats.EditorCompletionStatsOrBuilder            : loaded 2 times (x 68B)
Class org.codehaus.groovy.ast.expr.MethodCall                                         : loaded 2 times (x 68B)
Class org.codehaus.groovy.runtime.metaclass.MethodMetaProperty                        : loaded 2 times (x 76B)
Class kotlin.jvm.internal.Ref$IntRef                                                  : loaded 2 times (x 69B)
Class org.jetbrains.kotlin.gradle.tasks.AbstractKotlinCompile$compilerRunner$1        : loaded 2 times (x 73B)
Class org.jetbrains.kotlin.gradle.plugin.mpp.compilationImpl.KotlinCompilationSourceSetInclusion: loaded 2 times (x 70B)
Class org.jetbrains.kotlin.gradle.targets.native.ConfigureFrameworkExportSideEffectKt : loaded 2 times (x 69B)
Class jdk.internal.jrtfs.SystemImage$1                                                : loaded 2 times (x 76B)
Class com.android.ide.common.resources.configuration.Configurable                     : loaded 2 times (x 68B)
Class com.google.common.hash.AbstractHashFunction                                     : loaded 2 times (x 93B)
Class com.google.wireless.android.sdk.stats.StopEvent                                 : loaded 2 times (x 204B)
Class org.jetbrains.kotlin.gradle.tasks.configuration.BaseKotlinCompileConfig$1$classpathConfiguration$1: loaded 2 times (x 73B)
Class org.jetbrains.kotlin.gradle.plugin.KotlinPluginLifecycle$IllegalLifecycleException: loaded 2 times (x 80B)
Class com.google.wireless.android.sdk.stats.HeapReportEvent                           : loaded 2 times (x 196B)
Class org.jetbrains.kotlin.gradle.plugin.diagnostics.ToolingDiagnostic                : loaded 2 times (x 70B)
Class org.jetbrains.kotlin.gradle.plugin.sources.DefaultKotlinSourceSetFactory        : loaded 2 times (x 78B)
Class org.jetbrains.kotlin.gradle.plugin.KotlinCompilationInfo                        : loaded 2 times (x 86B)
Class org.jetbrains.kotlin.tooling.core.Extras$Entry                                  : loaded 2 times (x 70B)
Class org.jetbrains.kotlin.gradle.internal.ClassLoadersCachingBuildService$Companion  : loaded 2 times (x 69B)
Class org.jetbrains.kotlin.konan.target.HostManager$Companion                         : loaded 2 times (x 69B)
Class [Lorg.codehaus.groovy.util.AbstractConcurrentMapBase$Segment;                   : loaded 2 times (x 67B)
Class it.unimi.dsi.fastutil.ints.IntBidirectionalIterator                             : loaded 2 times (x 68B)
Class org.jetbrains.kotlin.buildtools.api.SourcesChanges                              : loaded 2 times (x 68B)
Class org.gradle.internal.service.DefaultServiceLocator                               : loaded 2 times (x 81B)
Class org.jetbrains.kotlin.gradle.report.UsesBuildMetricsService                      : loaded 2 times (x 68B)
Class com.google.common.cache.LocalCache$AbstractReferenceEntry                       : loaded 2 times (x 105B)
Class it.unimi.dsi.fastutil.objects.Object2IntOpenHashMap                             : loaded 2 times (x 245B)
Class org.gradle.internal.service.UnknownServiceException                             : loaded 2 times (x 81B)
Class it.unimi.dsi.fastutil.objects.ReferenceCollection                               : loaded 2 times (x 68B)
Class org.jetbrains.kotlin.gradle.plugin.mpp.InternalKotlinTargetKt                   : loaded 2 times (x 69B)
Class org.jetbrains.kotlin.gradle.plugin.mpp.compilationImpl.DefaultKotlinCompilationConfigurationsContainer: loaded 2 times (x 83B)
Class org.jetbrains.kotlin.statistics.metrics.NumberAnonymizationPolicy$SAFE          : loaded 2 times (x 83B)
Class org.jetbrains.kotlin.gradle.tasks.DefaultKotlinJavaToolchain_Decorated          : loaded 2 times (x 124B)
Class org.jetbrains.kotlin.gradle.tasks.CInteropProcess                               : loaded 2 times (x 345B)
Class org.jetbrains.kotlin.gradle.plugin.mpp.KotlinWithJavaTarget                     : loaded 2 times (x 164B)
Class org.jetbrains.kotlin.gradle.plugin.diagnostics.checkers.WasmSourceSetsNotFoundChecker$wasmSourceSetRegex$2: loaded 2 times (x 76B)
Class org.codehaus.groovy.runtime.InvokerInvocationException                          : loaded 2 times (x 85B)
Class com.android.tools.lint.model.LintModelExternalLibrary                           : loaded 2 times (x 68B)
Class com.android.prefs.QueryResult                                                   : loaded 2 times (x 82B)
Class org.jetbrains.kotlin.gradle.internal.properties.NativePropertiesLoader$isUseXcodeMessageStyleEnabled$1: loaded 2 times (x 73B)
Class com.google.common.util.concurrent.AbstractFuture$SynchronizedHelper             : loaded 2 times (x 76B)
Class org.jetbrains.kotlin.gradle.targets.native.internal.AddKotlinPlatformIntegersSupportLibraryKt$AddKotlinPlatformIntegersSupportLibrary$1: loaded 2 times (x 93B)
Class org.jetbrains.kotlin.gradle.dsl.ExplicitApiMode                                 : loaded 2 times (x 77B)
Class com.android.ide.common.resources.ResourceItem                                   : loaded 2 times (x 68B)
Class com.google.common.collect.Collections2$FilteredCollection                       : loaded 2 times (x 117B)
Class org.jetbrains.kotlin.build.report.metrics.DoNothingBuildMetricsReporter         : loaded 2 times (x 84B)
Class com.android.tools.analytics.UsageTracker                                        : loaded 2 times (x 69B)
Class org.codehaus.groovy.runtime.dgmimpl.arrays.CharacterArrayPutAtMetaMethod        : loaded 2 times (x 95B)
Class kotlin.reflect.jvm.internal.impl.builtins.jvm.JavaToKotlinClassMap$PlatformMutabilityMapping: loaded 2 times (x 70B)
Class org.jetbrains.kotlin.gradle.tasks.DefaultKotlinJavaToolchain$getToolsJarFromJvm$1$1: loaded 2 times (x 77B)
Class [Lkotlin.DeprecationLevel;                                                      : loaded 2 times (x 67B)
Class [Lcom.android.resources.ScreenRound;                                            : loaded 2 times (x 67B)
Class org.codehaus.groovy.util.Reference                                              : loaded 2 times (x 68B)
Class [Lorg.jetbrains.kotlin.konan.target.KonanTarget;                                : loaded 2 times (x 67B)
Class org.jetbrains.kotlin.gradle.utils.ConfigurationsKt                              : loaded 2 times (x 69B)
Class org.codehaus.groovy.util.ComplexKeyHashMap$EntryIterator                        : loaded 2 times (x 68B)
Class com.google.wireless.android.sdk.stats.LiveLiteralsEvent                         : loaded 2 times (x 200B)
Class groovy.lang.MetaClassImpl$1                                                     : loaded 2 times (x 73B)
Class kotlin.sequences.DropTakeSequence                                               : loaded 2 times (x 68B)
Class com.google.wireless.android.sdk.stats.CreateDiagnosticReportActionOrBuilder     : loaded 2 times (x 68B)
Class groovy.lang.MetaClassImpl$2                                                     : loaded 2 times (x 94B)
Class org.codehaus.groovy.util.ComplexKeyHashMap$Entry                                : loaded 2 times (x 72B)
Class [Lcom.android.ide.common.resources.configuration.ResourceQualifier;             : loaded 2 times (x 67B)
Class groovy.lang.MetaClassImpl$3                                                     : loaded 2 times (x 76B)
Class org.codehaus.groovy.reflection.stdclasses.FloatCachedClass                      : loaded 2 times (x 93B)
Class [Lcom.android.utils.StdLogger$Level;                                            : loaded 2 times (x 67B)
Class org.jetbrains.kotlin.konan.target.KonanTarget$MINGW_X64                         : loaded 2 times (x 76B)
Class org.codehaus.groovy.ast.expr.ConstructorCallExpression                          : loaded 2 times (x 139B)
Class groovy.lang.MetaClassImpl$4                                                     : loaded 2 times (x 75B)
Class org.codehaus.groovy.vmplugin.v9.ClassFinder$1                                   : loaded 2 times (x 82B)
Class groovy.lang.MetaClassImpl$5                                                     : loaded 2 times (x 76B)
Class kotlin.collections.AbstractMutableSet                                           : loaded 2 times (x 140B)
Class org.jetbrains.kotlin.gradle.targets.NativeForwardImplementationToApiElementsSideEffectKt$special$$inlined$KotlinTargetSideEffect$1: loaded 2 times (x 72B)
Class [Lorg.jetbrains.kotlin.statistics.metrics.BooleanMetrics;                       : loaded 2 times (x 67B)
Class com.google.wireless.android.sdk.stats.MachineDetails                            : loaded 2 times (x 202B)
Class groovy.lang.MetaClassImpl$6                                                     : loaded 2 times (x 75B)
Class com.google.common.collect.HashMultimapGwtSerializationDependencies              : loaded 2 times (x 172B)
Class org.jetbrains.kotlin.incremental.IncrementalCompilationFeatures                 : loaded 2 times (x 69B)
Class org.codehaus.groovy.ast.expr.ClosureExpression                                  : loaded 2 times (x 131B)
Class groovy.lang.MetaClassImpl$7                                                     : loaded 2 times (x 75B)
Class kotlin.reflect.jvm.internal.impl.name.Name                                      : loaded 2 times (x 73B)
Class org.jetbrains.kotlin.compilerRunner.CompilerSystemPropertiesService$Parameters_Decorated: loaded 2 times (x 132B)
Class org.jetbrains.kotlin.gradle.internal.tasks.TaskWithLocalState                   : loaded 2 times (x 68B)
Class groovy.lang.MetaClassImpl$8                                                     : loaded 2 times (x 75B)
Class org.gradle.internal.installation.GradleInstallation$1                           : loaded 2 times (x 73B)
Class kotlin.collections.CollectionsKt___CollectionsKt$asSequence$$inlined$Sequence$1 : loaded 2 times (x 73B)
Class org.jetbrains.kotlin.gradle.plugin.mpp.HierarchyAttributeContainer$1            : loaded 2 times (x 76B)
Class org.jetbrains.kotlin.gradle.plugin.diagnostics.checkers.AndroidSourceSetLayoutV1SourceSetsNotFoundChecker$androidSourceSetRegex$2: loaded 2 times (x 76B)
Class groovy.lang.MetaClassImpl$9                                                     : loaded 2 times (x 75B)
Class com.google.common.cache.LocalCache$Values                                       : loaded 2 times (x 116B)
Class org.jetbrains.kotlin.gradle.internal.KotlinDependenciesManagementKt$configureDefaultVersionsResolutionStrategy$1$1: loaded 2 times (x 73B)
Class org.jetbrains.kotlin.gradle.internal.Kapt3GradleSubplugin                       : loaded 2 times (x 81B)
Class com.google.common.cache.CacheLoader$InvalidCacheLoadException                   : loaded 2 times (x 80B)
Class org.jetbrains.kotlin.gradle.plugin.KotlinPluginLifecycleCoroutineContextElement$Key: loaded 2 times (x 69B)
Class org.gradle.internal.classloader.DefaultClassLoaderFactory                       : loaded 2 times (x 80B)
Class jdk.internal.jimage.ImageReader$SharedImageReader                               : loaded 2 times (x 93B)
Class com.google.wireless.android.sdk.stats.BuildOutputWindowStats                    : loaded 2 times (x 196B)
Class com.google.wireless.android.sdk.stats.DeviceMirroringAbnormalAgentTermination   : loaded 2 times (x 194B)
Class com.google.common.hash.AbstractByteHasher                                       : loaded 2 times (x 145B)
Class org.jetbrains.kotlin.gradle.plugin.diagnostics.checkers.OverriddenKotlinNativeHomeChecker$StdlibExistenceCheckerValueSource: loaded 2 times (x 76B)
Class com.google.wireless.android.sdk.stats.ComposeDeployEvent                        : loaded 2 times (x 192B)
Class com.google.wireless.android.sdk.stats.PromptLibraryEventOrBuilder               : loaded 2 times (x 68B)
Class com.android.tools.analytics.AnalyticsSettingsKt                                 : loaded 2 times (x 69B)
Class kotlin.reflect.KClass                                                           : loaded 2 times (x 68B)
Class org.jetbrains.kotlin.gradle.plugin.mpp.compilationImpl.CreateCInteropTasksSideEffectKt$special$$inlined$KotlinCompilationSideEffect$1: loaded 2 times (x 72B)
Class org.jetbrains.kotlin.gradle.dsl.KotlinTargetContainerWithJsPresetFunctions      : loaded 2 times (x 68B)
Class org.jetbrains.kotlin.gradle.internal.properties.PropertiesBuildService$Params$Inject: loaded 2 times (x 104B)
Class com.google.common.base.Stopwatch                                                : loaded 2 times (x 70B)
Class org.jetbrains.kotlin.konan.target.KonanTarget$LINUX_ARM32_HFP                   : loaded 2 times (x 76B)
Class com.google.common.collect.AbstractTable                                         : loaded 2 times (x 118B)
Class org.gradle.api.internal.DefaultClassPathProvider                                : loaded 2 times (x 74B)
Class org.codehaus.groovy.runtime.GroovyCategorySupport                               : loaded 2 times (x 69B)
Class kotlin.reflect.jvm.internal.impl.name.FqNamesUtilKt                             : loaded 2 times (x 69B)
Class [Lcom.android.resources.ResourceType;                                           : loaded 2 times (x 67B)
Class com.google.common.reflect.Types                                                 : loaded 2 times (x 69B)
Class com.google.wireless.android.sdk.stats.LldbSessionStartDetails                   : loaded 2 times (x 208B)
Class groovy.lang.IntRange                                                            : loaded 2 times (x 207B)
Class com.google.common.collect.Interners$InternerImpl                                : loaded 2 times (x 73B)
Class com.google.common.cache.LocalCache$Segment                                      : loaded 2 times (x 152B)
Class org.jetbrains.kotlin.gradle.plugin.mpp.compilationImpl.factory.KotlinCompilationImplFactory$KotlinCompilationDependencyConfigurationsFactory: loaded 2 times (x 68B)
Class com.google.wireless.android.sdk.stats.StartupPerformanceFirstUiShownEvent       : loaded 2 times (x 194B)
Class com.google.protobuf.GeneratedMessageV3                                          : loaded 2 times (x 175B)
Class org.codehaus.groovy.util.ReferenceType$WeakRef                                  : loaded 2 times (x 84B)
Class org.jetbrains.kotlin.statistics.metrics.StatisticsValuesConsumer$DefaultImpls   : loaded 2 times (x 69B)
Class com.google.common.cache.LocalCache$LoadingValueReference                        : loaded 2 times (x 94B)
Class org.codehaus.groovy.util.FastArray                                              : loaded 2 times (x 83B)
Class org.apache.commons.io.output.ByteArrayOutputStream                              : loaded 2 times (x 100B)
Class org.jetbrains.kotlin.gradle.utils.StringUtilsKt$lowerCamelCaseName$1            : loaded 2 times (x 123B)
Class com.google.wireless.android.sdk.stats.RunStartDataOrBuilder                     : loaded 2 times (x 68B)
Class org.codehaus.groovy.util.ManagedConcurrentMap                                   : loaded 2 times (x 81B)
Class kotlin.sequences.SequencesKt___SequencesKt$asIterable$$inlined$Iterable$1       : loaded 2 times (x 77B)
Class Native_plugin_loader_gradle$NativePluginLoader                                  : loaded 2 times (x 70B)
Class org.jetbrains.kotlin.build.report.metrics.BuildTimes                            : loaded 2 times (x 70B)
Class kotlin.ResultKt                                                                 : loaded 2 times (x 69B)
Class org.jetbrains.kotlin.build.report.metrics.BuildAttributes$Companion             : loaded 2 times (x 69B)
Class com.google.wireless.android.sdk.stats.NavEditorEvent                            : loaded 2 times (x 212B)
Class com.google.wireless.android.sdk.stats.JvmDetailsOrBuilder                       : loaded 2 times (x 68B)
Class org.jetbrains.kotlin.compilerRunner.UsesCompilerSystemPropertiesService         : loaded 2 times (x 68B)
Class org.jetbrains.kotlin.gradle.plugin.mpp.AbstractKotlinTarget                     : loaded 2 times (x 154B)
Class com.google.protobuf.CodedInputStream$UnsafeDirectNioDecoder                     : loaded 2 times (x 118B)
Class [Lorg.codehaus.groovy.reflection.CachedConstructor;                             : loaded 2 times (x 67B)
Class kotlin.jvm.internal.markers.KMutableMap                                         : loaded 2 times (x 68B)
Class com.android.prefs.AndroidPathLocator                                            : loaded 2 times (x 71B)
Class org.jetbrains.kotlin.gradle.plugin.mpp.compilationImpl.KotlinCreateCompilationArchiveTaskKt: loaded 2 times (x 69B)
Class [Lkotlin.LazyThreadSafetyMode;                                                  : loaded 2 times (x 67B)
Class com.google.common.collect.NullsFirstOrdering                                    : loaded 2 times (x 113B)
Class org.jetbrains.kotlin.gradle.plugin.mpp.InternalKotlinTargetComponentKt          : loaded 2 times (x 69B)
Class org.codehaus.groovy.control.ResolveVisitor$LowerCaseClass                       : loaded 2 times (x 241B)
Class com.google.wireless.android.sdk.stats.ManifestMergerStatsOrBuilder              : loaded 2 times (x 68B)
Class com.google.common.collect.MapMakerInternalMap$AbstractStrongKeyEntry            : loaded 2 times (x 78B)
Class org.jetbrains.kotlin.gradle.tasks.UsesKotlinJavaToolchain$DefaultImpls          : loaded 2 times (x 69B)
Class [Lcom.google.common.cache.Weigher;                                              : loaded 2 times (x 67B)
Class kotlin.reflect.jvm.internal.KotlinReflectionInternalError                       : loaded 2 times (x 80B)
Class org.jetbrains.kotlin.gradle.plugin.diagnostics.UsesKotlinToolingDiagnosticsKt   : loaded 2 times (x 69B)
Class org.jetbrains.kotlin.gradle.plugin.diagnostics.checkers.InternalGradlePropertiesUsageChecker$runChecks$1: loaded 2 times (x 86B)
Class org.jetbrains.kotlin.gradle.targets.native.toolchain.KotlinNativeBundleBuildService$Parameters: loaded 2 times (x 68B)
Class com.google.wireless.android.sdk.stats.TSdkUAEventOrBuilder                      : loaded 2 times (x 68B)
Class org.jetbrains.kotlin.gradle.utils.ConfigurationsKt$sam$org_gradle_api_Action$0  : loaded 2 times (x 73B)
Class org.jetbrains.kotlin.statistics.metrics.StringAnonymizationPolicy               : loaded 2 times (x 76B)
Class [Lorg.codehaus.groovy.util.LockableObject;                                      : loaded 2 times (x 67B)
Class [Lcom.google.common.reflect.Types$ClassOwnership;                               : loaded 2 times (x 67B)
Class org.jetbrains.kotlin.gradle.targets.native.KotilnNativeConfigureBinariesSideEffectKt$special$$inlined$KotlinTargetSideEffect$1: loaded 2 times (x 72B)
Class org.codehaus.groovy.ast.stmt.ExpressionStatement                                : loaded 2 times (x 110B)
Class groovy.lang.ListWithDefault                                                     : loaded 2 times (x 135B)
Class com.google.wireless.android.sdk.stats.KotlinGradlePerformance                   : loaded 2 times (x 224B)
Class [Lorg.codehaus.groovy.ast.AnnotatedNode;                                        : loaded 2 times (x 67B)
Class groovy.io.FileType                                                              : loaded 2 times (x 77B)
Class org.jetbrains.kotlin.utils.exceptions.KotlinExceptionWithAttachments            : loaded 2 times (x 68B)
Class com.google.common.collect.NaturalOrdering                                       : loaded 2 times (x 113B)
Class org.jetbrains.kotlin.gradle.dsl.PlatformSourceSetConventionsChecker$CheckedPlatformInfo: loaded 2 times (x 70B)
Class com.android.ide.common.repository.AgpVersion$PreviewKind$Companion              : loaded 2 times (x 69B)
Class com.android.prefs.VariableType                                                  : loaded 2 times (x 77B)
Class com.android.utils.NullLogger                                                    : loaded 2 times (x 83B)
Class org.jetbrains.kotlin.gradle.plugin.KotlinPluginLifecycleKt                      : loaded 2 times (x 69B)
Class com.google.wireless.android.sdk.stats.Hypervisor                                : loaded 2 times (x 192B)
Class com.google.protobuf.GeneratedMessage$GeneratedExtension                         : loaded 2 times (x 85B)
Class groovyjarjarasm.asm.ClassVisitor                                                : loaded 2 times (x 86B)
Class org.codehaus.groovy.ast.stmt.BreakStatement                                     : loaded 2 times (x 109B)
Class com.google.common.base.Optional                                                 : loaded 2 times (x 78B)
Class com.google.common.collect.ByFunctionOrdering                                    : loaded 2 times (x 113B)
Class org.jetbrains.kotlin.gradle.plugin.PropertiesProvider$kotlinCompilerArgumentsLogLevel$1: loaded 2 times (x 72B)
Class [Lorg.jetbrains.kotlin.build.report.metrics.BuildAttribute;                     : loaded 2 times (x 67B)
Class com.google.gson.internal.bind.JsonTreeReader                                    : loaded 2 times (x 96B)
Class org.codehaus.groovy.runtime.dgmimpl.NumberNumberMinus                           : loaded 2 times (x 112B)
Class com.android.utils.PositionXmlParser                                             : loaded 2 times (x 69B)
Class org.jetbrains.kotlin.gradle.plugin.internal.CompatibilityConventionRegistrar$Factory: loaded 2 times (x 68B)
Class org.jetbrains.kotlin.gradle.plugin.statistics.old.Pre232IdeaKotlinBuildStatsMXBean: loaded 2 times (x 68B)
Class org.codehaus.groovy.runtime.m12n.ExtensionModuleScanner$ExtensionModuleListener : loaded 2 times (x 68B)
Class com.android.tools.lint.model.LintModelLintOptions                               : loaded 2 times (x 68B)
Class org.jetbrains.kotlin.gradle.plugin.KotlinPluginLifecycle$ProjectConfigurationResult$Success: loaded 2 times (x 69B)
Class org.jetbrains.kotlin.gradle.internal.properties.PropertiesBuildService$MemoizedCallable: loaded 2 times (x 73B)
Class org.codehaus.groovy.control.ConfigurationException                              : loaded 2 times (x 86B)
Class org.jetbrains.kotlin.gradle.utils.StoredLazyProperty$getValue$1                 : loaded 2 times (x 77B)
Class org.jetbrains.kotlin.gradle.plugin.statistics.UsesBuildFusService               : loaded 2 times (x 68B)
Class com.android.ide.common.rendering.api.AttrResourceValue                          : loaded 2 times (x 68B)
Class com.android.tools.analytics.JournalingUsageTracker                              : loaded 2 times (x 80B)
Class org.objectweb.asm.AnnotationVisitor                                             : loaded 2 times (x 76B)
Class org.objectweb.asm.RecordComponentWriter                                         : loaded 2 times (x 76B)
Class kotlin.sequences.SequenceScope                                                  : loaded 2 times (x 71B)
Class org.jetbrains.kotlin.gradle.tasks.configuration.BaseKotlinCompileConfig$2$1     : loaded 2 times (x 73B)
Class [Lorg.jetbrains.kotlin.statistics.metrics.NumberAnonymizationPolicy;            : loaded 2 times (x 67B)
Class org.jetbrains.kotlin.gradle.tasks.configuration.AbstractKotlinCompileConfig$1   : loaded 2 times (x 77B)
Class org.jetbrains.kotlin.gradle.plugin.KotlinCompilation$Companion                  : loaded 2 times (x 69B)
Class com.google.common.cache.LocalCache$1                                            : loaded 2 times (x 87B)
Class com.google.wireless.android.sdk.stats.EditorCompletionStats                     : loaded 2 times (x 196B)
Class com.google.protobuf.UnknownFieldSet$Parser                                      : loaded 2 times (x 148B)
Class org.jetbrains.kotlin.gradle.plugin.mpp.ApplyUserDefinedAttributesKt$UserDefinedAttributesSetupAction$1$1: loaded 2 times (x 77B)
Class org.jetbrains.kotlin.gradle.tasks.configuration.AbstractKotlinCompileConfig$2   : loaded 2 times (x 77B)
Class com.google.common.cache.LocalCache$2                                            : loaded 2 times (x 140B)
Class org.jetbrains.kotlin.statistics.fileloggers.MetricsContainer$Companion          : loaded 2 times (x 69B)
Class org.codehaus.groovy.runtime.wrappers.GroovyObjectWrapper                        : loaded 2 times (x 86B)
Class org.jetbrains.kotlin.compilerRunner.CompilerSystemPropertiesService$Parameters  : loaded 2 times (x 68B)
Class org.jetbrains.kotlin.konan.target.Architecture                                  : loaded 2 times (x 77B)
Class com.google.wireless.android.sdk.stats.AppInspectionEvent                        : loaded 2 times (x 211B)
Class com.google.wireless.android.sdk.stats.DebuggerEvent                             : loaded 2 times (x 199B)
Class Native_plugin_loader_gradle                                                     : loaded 2 times (x 128B)
Class org.jetbrains.kotlin.gradle.plugin.KotlinPluginLifecycleKt$launchInStage$1      : loaded 2 times (x 93B)
Class org.codehaus.groovy.runtime.dgmimpl.arrays.ArrayGetAtMetaMethod                 : loaded 2 times (x 95B)
Class org.jetbrains.kotlin.buildtools.api.jvm.ClassSnapshotGranularity                : loaded 2 times (x 77B)
Class org.jetbrains.kotlin.gradle.targets.js.npm.SemVer$Companion                     : loaded 2 times (x 69B)
Class com.google.protobuf.ExtensionRegistryFactory                                    : loaded 2 times (x 69B)
Class org.codehaus.groovy.util.SingleKeyHashMap$Entry                                 : loaded 2 times (x 73B)
Class com.android.io.CancellableFileIo                                                : loaded 2 times (x 69B)
Class org.jetbrains.kotlin.gradle.internal.properties.PropertiesBuildService$NullableStringGradleProperty: loaded 2 times (x 74B)
Class com.google.wireless.android.sdk.stats.MachineDetailsOrBuilder                   : loaded 2 times (x 68B)
Class groovy.lang.MetaClassImpl                                                       : loaded 2 times (x 191B)
Class kotlin.jvm.internal.PropertyReference2Impl                                      : loaded 2 times (x 125B)
Class org.jetbrains.kotlin.konan.target.KonanTarget$MACOS_X64                         : loaded 2 times (x 76B)
Class org.jetbrains.kotlin.gradle.plugin.mpp.KotlinUsages                             : loaded 2 times (x 69B)
Class org.jetbrains.kotlin.gradle.internal.ClassLoadersCachingBuildService$Companion$registerIfAbsent$1$1$1: loaded 2 times (x 73B)
Class com.google.wireless.android.sdk.stats.StudioLabsEvent                           : loaded 2 times (x 192B)
Class org.jetbrains.kotlin.gradle.plugin.mpp.compilationImpl.KotlinCompilationSourceSetInclusion$Companion: loaded 2 times (x 69B)
Class org.jetbrains.kotlin.gradle.plugin.KotlinMultiplatformPluginWrapper             : loaded 2 times (x 84B)
Class org.jetbrains.kotlin.gradle.plugin.mpp.KotlinUsages$KotlinJavaRuntimeJarsCompatibility: loaded 2 times (x 74B)
Class com.android.tools.analytics.JournalingUsageTracker$scheduleJournalTimeout$1     : loaded 2 times (x 73B)
Class com.google.wireless.android.sdk.stats.StudioUpdateFlowEventOrBuilder            : loaded 2 times (x 68B)
Class org.jetbrains.kotlin.gradle.targets.js.dsl.KotlinJsSubTargetContainerDsl        : loaded 2 times (x 68B)
Class org.jetbrains.kotlin.gradle.dsl.KotlinJvmCompilerOptionsDefault                 : loaded 2 times (x 104B)
Class org.gradle.internal.classloader.VisitableURLClassLoader$Spec                    : loaded 2 times (x 72B)
Class com.google.common.collect.RowSortedTable                                        : loaded 2 times (x 68B)
Class com.google.wireless.android.sdk.stats.ComposePreviewCanvasEventOrBuilder        : loaded 2 times (x 68B)
Class com.android.tools.analytics.JournalingUsageTracker$State                        : loaded 2 times (x 77B)
Class org.jetbrains.kotlin.gradle.dsl.KotlinJvmCompile$DefaultImpls                   : loaded 2 times (x 69B)
Class com.google.wireless.android.sdk.stats.LayoutInspectorEvent                      : loaded 2 times (x 198B)
Class org.jetbrains.kotlin.statistics.metrics.IMetricContainerFactory                 : loaded 2 times (x 68B)
Class org.gradle.api.GradleException                                                  : loaded 2 times (x 80B)
Class com.google.wireless.android.sdk.stats.FileTypeOrBuilder                         : loaded 2 times (x 68B)
Class org.jetbrains.kotlin.gradle.plugin.mpp.KotlinCompilationsKt$addSourcesToKotlinCompileTask$1: loaded 2 times (x 73B)
Class org.jetbrains.kotlin.statistics.metrics.BooleanAnonymizationPolicy$SAFE         : loaded 2 times (x 83B)
Class com.google.wireless.android.sdk.stats.KotlinGradlePerformanceOrBuilder          : loaded 2 times (x 68B)
Class com.google.protobuf.MessageLite                                                 : loaded 2 times (x 68B)
Class org.gradle.api.internal.classpath.ModuleRegistry                                : loaded 2 times (x 68B)
Class com.google.common.hash.HashCode$LongHashCode                                    : loaded 2 times (x 78B)
Class com.android.tools.lint.model.LintModelSerialization                             : loaded 2 times (x 74B)
Class com.google.common.collect.ForwardingObject                                      : loaded 2 times (x 70B)
Class org.jetbrains.kotlin.gradle.plugin.cocoapods.KotlinCocoapodsPlugin$Companion    : loaded 2 times (x 69B)
Class com.google.wireless.android.sdk.stats.JavaProcessStats                          : loaded 2 times (x 204B)
Class org.jetbrains.kotlin.gradle.plugin.statistics.BuildFusService$Companion$registerIfAbsent$1$1: loaded 2 times (x 77B)
Class com.google.wireless.android.sdk.stats.SmlCompletionRequestErrorEvent            : loaded 2 times (x 196B)
Class kotlin.KotlinNothingValueException                                              : loaded 2 times (x 80B)
Class com.google.wireless.android.sdk.stats.TSdkUAEvent                               : loaded 2 times (x 201B)
Class org.jetbrains.kotlin.cli.common.messages.MessageCollector                       : loaded 2 times (x 68B)
Class com.google.common.collect.CompoundOrdering                                      : loaded 2 times (x 113B)
Class org.jetbrains.kotlin.gradle.plugin.diagnostics.checkers.WasmJsEnvironmentChecker: loaded 2 times (x 74B)
Class org.jetbrains.kotlin.statistics.metrics.NumericalMetrics$Companion              : loaded 2 times (x 69B)
Class groovy.transform.Internal                                                       : loaded 2 times (x 68B)
Class com.android.tools.lint.model.DefaultLintModelDependencies                       : loaded 2 times (x 77B)
Class groovyjarjarasm.asm.Label                                                       : loaded 2 times (x 71B)
Class com.google.common.reflect.TypeToken$1                                           : loaded 2 times (x 106B)
Class org.jetbrains.kotlin.gradle.plugin.mpp.MppSourcesJarKt$sourcesJarTask$1         : loaded 2 times (x 93B)
Class com.google.common.cache.CacheBuilder                                            : loaded 2 times (x 70B)
Class com.google.wireless.android.sdk.stats.LayoutInspectorEventOrBuilder             : loaded 2 times (x 68B)
Class org.jetbrains.kotlin.gradle.plugin.DefaultKotlinBasePlugin                      : loaded 2 times (x 80B)
Class com.google.common.reflect.TypeToken$2                                           : loaded 2 times (x 106B)
Class org.objectweb.asm.ByteVector                                                    : loaded 2 times (x 77B)
Class com.google.wireless.android.sdk.stats.MotionLayoutEditorEvent                   : loaded 2 times (x 192B)
Class com.google.protobuf.Message$Builder                                             : loaded 2 times (x 68B)
Class kotlin.collections.ArrayAsCollection                                            : loaded 2 times (x 103B)
Class org.jetbrains.kotlin.gradle.plugin.PropertiesProvider                           : loaded 2 times (x 70B)
Class com.google.wireless.android.sdk.stats.GradleJdkConfigurationEvent               : loaded 2 times (x 192B)
Class [Lgroovy.lang.MetaMethod;                                                       : loaded 2 times (x 67B)
Class org.jetbrains.kotlin.gradle.plugin.mpp.DefaultKotlinUsageContext$PublishOnlyIf  : loaded 2 times (x 68B)
Class org.jetbrains.kotlin.gradle.targets.js.npm.NpmDependencyExtensionKt$AddNpmDependencyExtensionProjectSetupAction$1$WhenMappings: loaded 2 times (x 69B)
Class org.jetbrains.kotlin.gradle.plugin.diagnostics.checkers.UnusedSourceSetsChecker : loaded 2 times (x 72B)
Class org.codehaus.groovy.util.ManagedReference$1                                     : loaded 2 times (x 74B)
Class kotlin.jvm.internal.markers.KMutableCollection                                  : loaded 2 times (x 68B)
Class org.jetbrains.kotlin.gradle.utils.FileUtilsKt                                   : loaded 2 times (x 69B)
Class kotlin.reflect.jvm.internal.KClassImpl$$Lambda$0                                : loaded 2 times (x 74B)
Class org.jetbrains.kotlin.gradle.tasks.configuration.KaptGenerateStubsConfig$Companion$wireJavaAndKotlinOutputs$1: loaded 2 times (x 77B)
Class org.jetbrains.kotlin.gradle.report.BuildReportType$Companion                    : loaded 2 times (x 69B)
Class com.google.protobuf.ByteString$LeafByteString                                   : loaded 2 times (x 101B)
Class com.android.ide.common.rendering.api.StyleItemResourceValue                     : loaded 2 times (x 68B)
Class com.android.resources.NavigationState                                           : loaded 2 times (x 84B)
Class org.codehaus.groovy.ast.Variable                                                : loaded 2 times (x 68B)
Class org.jetbrains.kotlin.gradle.internal.properties.PropertiesBuildService$property$2: loaded 2 times (x 77B)
Class org.jetbrains.kotlin.gradle.plugin.diagnostics.TransformActionUsingKotlinToolingDiagnostics$Parameters: loaded 2 times (x 68B)
Class org.jetbrains.kotlin.gradle.plugin.ProjectLocalConfigurations$setupAttributesMatchingStrategy$1$1: loaded 2 times (x 72B)
Class com.android.resources.Navigation                                                : loaded 2 times (x 84B)
Class com.android.utils.PositionXmlParser$Position                                    : loaded 2 times (x 76B)
Class org.jetbrains.kotlin.gradle.plugin.diagnostics.KotlinToolingDiagnosticsCollector: loaded 2 times (x 74B)
Class org.jetbrains.kotlin.tooling.core.MutableExtrasImpl                             : loaded 2 times (x 163B)
Class org.jetbrains.kotlin.gradle.plugin.mpp.compilationImpl.DefaultKotlinCompilationFriendPathsResolver: loaded 2 times (x 73B)
Class groovy.lang.Reference                                                           : loaded 2 times (x 84B)
Class org.jetbrains.kotlin.gradle.plugin.mpp.InternalKotlinTarget$DefaultImpls        : loaded 2 times (x 69B)
Class com.google.wireless.android.sdk.stats.GradleBuildProfile                        : loaded 2 times (x 245B)
Class com.google.wireless.android.sdk.stats.AndroidStudioEvent$1                      : loaded 2 times (x 74B)
Class com.google.wireless.android.sdk.stats.DesignEditorHelpPanelEventOrBuilder       : loaded 2 times (x 68B)
Class groovyjarjarasm.asm.Symbol                                                      : loaded 2 times (x 71B)
Class org.jetbrains.kotlin.gradle.internal.properties.PropertiesBuildService$property$1: loaded 2 times (x 77B)
Class org.jetbrains.kotlin.gradle.tasks.KotlinCompile$ScriptFilterSpec                : loaded 2 times (x 73B)
Class org.jetbrains.kotlin.gradle.targets.js.npm.DefaultPeerNpmDependencyExtension    : loaded 2 times (x 139B)
Class org.jetbrains.kotlin.gradle.dsl.KotlinGradlePluginPublicDsl                     : loaded 2 times (x 68B)
Class com.google.common.base.Ticker                                                   : loaded 2 times (x 70B)
Class com.google.wireless.android.sdk.stats.AndroidStudioEvent$TemplatesUsage         : loaded 2 times (x 203B)
Class com.google.wireless.android.sdk.stats.AndroidStudioEvent$2                      : loaded 2 times (x 149B)
Class com.google.wireless.android.sdk.stats.WindowsDefenderStatus                     : loaded 2 times (x 194B)
Class org.codehaus.groovy.vmplugin.VMPlugin                                           : loaded 2 times (x 68B)
Class org.jetbrains.kotlin.gradle.plugin.KotlinJsCompilerTypeHolder                   : loaded 2 times (x 68B)
Class org.gradle.api.internal.ClassPathProvider                                       : loaded 2 times (x 68B)
Class com.google.wireless.android.sdk.stats.UpgradeAssistantComponentEventOrBuilder   : loaded 2 times (x 68B)
Class groovy.lang.MetaArrayLengthProperty                                             : loaded 2 times (x 75B)
Class com.google.common.collect.SetMultimap                                           : loaded 2 times (x 68B)
Class com.google.common.base.Ascii                                                    : loaded 2 times (x 69B)
Class org.codehaus.groovy.ast.ConstructorNode                                         : loaded 2 times (x 156B)
Class org.codehaus.groovy.ast.FieldNode                                               : loaded 2 times (x 160B)
Class com.android.utils.ILogger                                                       : loaded 2 times (x 68B)
Class com.google.common.collect.Tables$1                                              : loaded 2 times (x 82B)
Class com.google.wireless.android.sdk.stats.StudioCrashOrBuilder                      : loaded 2 times (x 68B)
Class org.jetbrains.kotlin.gradle.plugin.KotlinPluginLifecycle$Stage                  : loaded 2 times (x 77B)
Class org.jetbrains.kotlin.tooling.core.MutableExtrasImpl$Companion                   : loaded 2 times (x 69B)
Class org.jetbrains.kotlin.gradle.utils.StoredProperty                                : loaded 2 times (x 68B)
Class org.codehaus.groovy.reflection.stdclasses.LongCachedClass                       : loaded 2 times (x 93B)
Class kotlin.KotlinVersion$Companion                                                  : loaded 2 times (x 69B)
Class com.google.wireless.android.sdk.stats.AndroidTestRetentionEvent                 : loaded 2 times (x 194B)
Class org.jetbrains.kotlin.gradle.plugin.diagnostics.checkers.OverriddenKotlinNativeHomeChecker$StdlibExistenceCheckerValueSource$Params_Decorated: loaded 2 times (x 132B)
Class [Lorg.codehaus.groovy.ast.MixinNode;                                            : loaded 2 times (x 67B)
Class org.codehaus.groovy.runtime.NumberAwareComparator                               : loaded 2 times (x 88B)
Class org.jetbrains.kotlin.gradle.plugin.mpp.compilationImpl.KotlinCompilationTaskNamesContainer: loaded 2 times (x 70B)
Class org.objectweb.asm.ModuleWriter                                                  : loaded 2 times (x 80B)
Class org.gradle.internal.classloader.ClasspathUtil$1                                 : loaded 2 times (x 74B)
Class com.android.ide.common.blame.SourcePosition                                     : loaded 2 times (x 69B)
Class org.jetbrains.kotlin.konan.target.KonanTarget$IOS_SIMULATOR_ARM64               : loaded 2 times (x 76B)
Class com.android.resources.NightMode                                                 : loaded 2 times (x 84B)
Class com.android.ide.common.rendering.api.ResourceNamespace$AaptNamespace            : loaded 2 times (x 78B)
Class org.codehaus.groovy.ast.MixinNode                                               : loaded 2 times (x 241B)
Class groovyjarjarasm.asm.ClassWriter                                                 : loaded 2 times (x 104B)
Class org.jetbrains.kotlin.gradle.tasks.CacheableTasksKt                              : loaded 2 times (x 69B)
Class org.jetbrains.kotlin.gradle.plugin.mpp.compilationImpl.factory.KotlinCompilationImplFactory$ProcessResourcesTaskNameFactory: loaded 2 times (x 68B)
Class org.jetbrains.kotlin.gradle.plugin.KotlinPluginLifecycle                        : loaded 2 times (x 68B)
Class org.jetbrains.kotlin.gradle.plugin.diagnostics.KotlinToolingDiagnostics$WasmWasiEnvironmentNotChosenExplicitly: loaded 2 times (x 71B)
Class org.codehaus.groovy.runtime.dgmimpl.arrays.ByteArrayGetAtMetaMethod             : loaded 2 times (x 95B)
Class groovy.lang.GString                                                             : loaded 2 times (x 119B)
Class kotlin.reflect.jvm.internal.KProperty2Impl                                      : loaded 2 times (x 126B)
Class kotlin.jvm.internal.markers.KMutableList                                        : loaded 2 times (x 68B)
Class org.jetbrains.kotlin.gradle.plugin.mpp.compilationImpl.KotlinCompilationCompilerOptionsFromTargetConfigurator: loaded 2 times (x 72B)
Class org.codehaus.groovy.util.TripleKeyHashMap                                       : loaded 2 times (x 80B)
Class groovy.util.BufferedIterator                                                    : loaded 2 times (x 68B)
Class org.jetbrains.kotlin.gradle.plugin.sources.KotlinSourceSetFactory               : loaded 2 times (x 78B)
Class com.google.wireless.android.sdk.stats.LiveEditEvent                             : loaded 2 times (x 206B)
Class groovy.lang.MetaClassRegistryChangeEvent                                        : loaded 2 times (x 77B)
Class org.codehaus.groovy.runtime.dgmimpl.arrays.DoubleArrayPutAtMetaMethod           : loaded 2 times (x 95B)
Class com.google.wireless.android.sdk.stats.StartupPerformanceCodeLoadedAndVisibleInEditorOrBuilder: loaded 2 times (x 68B)
Class com.google.protobuf.AbstractParser                                              : loaded 2 times (x 148B)
Class org.jetbrains.kotlin.gradle.plugin.KotlinJvmPlugin$Companion                    : loaded 2 times (x 69B)
Class org.jetbrains.kotlin.konan.target.KonanTarget$TVOS_SIMULATOR_ARM64              : loaded 2 times (x 76B)
Class com.google.protobuf.LazyStringList                                              : loaded 2 times (x 68B)
Class org.codehaus.groovy.runtime.metaclass.ClosureStaticMetaMethod                   : loaded 2 times (x 100B)
Class org.jetbrains.kotlin.gradle.tasks.KotlinCompile$ClasspathSnapshotProperties_Decorated: loaded 2 times (x 135B)
Class org.jetbrains.kotlin.gradle.plugin.DefaultKotlinBasePlugin$apply$1              : loaded 2 times (x 73B)
Class com.google.wireless.android.sdk.stats.RunEventOrBuilder                         : loaded 2 times (x 68B)
Class com.google.wireless.android.sdk.stats.ApkDebugProjectOrBuilder                  : loaded 2 times (x 68B)
Class org.codehaus.groovy.reflection.GroovyClassValueFactory                          : loaded 2 times (x 69B)
Class kotlin.sequences.TransformingSequence                                           : loaded 2 times (x 73B)
Class com.google.wireless.android.sdk.stats.ImportSampleEvent                         : loaded 2 times (x 194B)
Class com.google.protobuf.Utf8$UnpairedSurrogateException                             : loaded 2 times (x 80B)
Class it.unimi.dsi.fastutil.ints.IntArrays$Segment                                    : loaded 2 times (x 69B)
Class org.jetbrains.kotlin.gradle.plugin.sources.KotlinSourceSetFactory$Companion     : loaded 2 times (x 69B)
Class org.jetbrains.kotlin.gradle.plugin.internal.CustomPropertiesFileValueSource$Parameters$Inject: loaded 2 times (x 104B)
Class com.google.wireless.android.sdk.stats.TypingLatencyStats                        : loaded 2 times (x 198B)
Class com.google.wireless.android.sdk.stats.AvdLaunchEvent                            : loaded 2 times (x 194B)
Class com.google.common.hash.AbstractHasher                                           : loaded 2 times (x 140B)
Class org.jetbrains.kotlin.gradle.plugin.diagnostics.checkers.WasmWasiEnvironmentChecker$1: loaded 2 times (x 76B)
Class org.jetbrains.kotlin.gradle.report.BuildMetricsService                          : loaded 2 times (x 84B)
Class org.codehaus.groovy.ast.stmt.ReturnStatement                                    : loaded 2 times (x 111B)
Class org.codehaus.groovy.ast.expr.ListExpression                                     : loaded 2 times (x 130B)
Class org.jetbrains.kotlin.gradle.plugin.statistics.ExecutedTaskMetrics               : loaded 2 times (x 69B)
Class org.jetbrains.kotlin.gradle.plugin.diagnostics.checkers.WasmWasiEnvironmentChecker$2: loaded 2 times (x 76B)
Class com.google.wireless.android.sdk.stats.ConnectionAssistantEvent                  : loaded 2 times (x 196B)
Class com.google.wireless.android.sdk.stats.SigningWizardEventOrBuilder               : loaded 2 times (x 68B)
Class com.google.protobuf.Extension                                                   : loaded 2 times (x 83B)
Class org.codehaus.groovy.reflection.v7.GroovyClassValueJava7                         : loaded 2 times (x 82B)
Class org.jetbrains.kotlin.gradle.utils.WhenPluginEnabledKt                           : loaded 2 times (x 69B)
Class groovy.lang.Binding                                                             : loaded 2 times (x 87B)
Class groovy.lang.StringWriterIOException                                             : loaded 2 times (x 81B)
Class org.codehaus.groovy.reflection.CachedMethod                                     : loaded 2 times (x 110B)
Class groovy.lang.GroovyCallable                                                      : loaded 2 times (x 68B)
Class org.jetbrains.kotlin.gradle.tasks.GradleCompileTaskProvider                     : loaded 2 times (x 70B)
Class org.jetbrains.kotlin.gradle.plugin.mpp.compilationImpl.KotlinCompilationSourceSetInclusion$Companion$includedSourceSets$2: loaded 2 times (x 76B)
Class org.jetbrains.kotlin.gradle.plugin.DefaultKotlinBasePlugin$setupAttributeMatchingStrategy$1$1: loaded 2 times (x 77B)
Class com.google.wireless.android.sdk.stats.ApkAnalyzerStats                          : loaded 2 times (x 194B)
Class org.codehaus.groovy.ast.expr.MethodPointerExpression                            : loaded 2 times (x 129B)
Class org.jetbrains.kotlin.gradle.plugin.diagnostics.CheckKotlinGradlePluginConfigurationErrors$Companion: loaded 2 times (x 69B)
Class org.jetbrains.kotlin.gradle.plugin.DefaultKotlinBasePlugin$setupAttributeMatchingStrategy$1$2: loaded 2 times (x 77B)
Class org.jetbrains.kotlin.gradle.plugin.statistics.KotlinBuildStatsLoggerService     : loaded 2 times (x 70B)
Class com.google.protobuf.UninitializedMessageException                               : loaded 2 times (x 82B)
Class groovyjarjarasm.asm.MethodWriter                                                : loaded 2 times (x 104B)
Class com.google.common.cache.AbstractCache$StatsCounter                              : loaded 2 times (x 68B)
Class com.google.wireless.android.sdk.stats.UpgradeAssistantComponentEvent            : loaded 2 times (x 212B)
Class com.google.common.collect.Maps$EntryFunction$1                                  : loaded 2 times (x 89B)
Class org.jetbrains.kotlin.gradle.tasks.configuration.BaseKotlinCompileConfig$1$1     : loaded 2 times (x 72B)
Class com.google.common.collect.Maps$EntryFunction$2                                  : loaded 2 times (x 89B)
Class org.jetbrains.kotlin.gradle.targets.KotlinTargetSideEffect$Companion            : loaded 2 times (x 69B)
Class org.objectweb.asm.FieldVisitor                                                  : loaded 2 times (x 75B)
Class org.codehaus.groovy.runtime.typehandling.DefaultTypeTransformation              : loaded 2 times (x 69B)
Class org.jetbrains.kotlin.gradle.tasks.configuration.BaseKotlinCompileConfig$1$3     : loaded 2 times (x 73B)
Class org.jetbrains.kotlin.gradle.tasks.KotlinCompilationTask                         : loaded 2 times (x 68B)
Class org.jetbrains.kotlin.statistics.metrics.NumberOverridePolicy$AVERAGE            : loaded 2 times (x 83B)
Class [Lcom.android.resources.LayoutDirection;                                        : loaded 2 times (x 67B)
Class com.google.protobuf.CodedOutputStream$ByteOutputEncoder                         : loaded 2 times (x 108B)
Class org.jetbrains.kotlin.gradle.plugin.diagnostics.checkers.DeprecatedKotlinNativeTargetsChecker$runChecks$1: loaded 2 times (x 86B)
Class com.android.tools.analytics.HostData$classLoadingBean$2                         : loaded 2 times (x 76B)
Class com.android.tools.lint.model.DefaultLintModelDependencyGraph                    : loaded 2 times (x 76B)
Class com.google.wireless.android.sdk.stats.InteractivePreviewEventOrBuilder          : loaded 2 times (x 68B)
Class com.google.protobuf.CodedInputStream$StreamDecoder                              : loaded 2 times (x 118B)
Class org.codehaus.groovy.ast.stmt.ContinueStatement                                  : loaded 2 times (x 109B)
Class it.unimi.dsi.fastutil.objects.ObjectCollection                                  : loaded 2 times (x 68B)
Class org.objectweb.asm.Symbol                                                        : loaded 2 times (x 71B)
Class com.android.resources.ScreenOrientation                                         : loaded 2 times (x 84B)
Class org.jetbrains.kotlin.gradle.tasks.GradleCompileTaskProviderKt                   : loaded 2 times (x 69B)
Class org.jetbrains.kotlin.gradle.tasks.KotlinJvmCompile                              : loaded 2 times (x 68B)
Class org.codehaus.groovy.runtime.dgmimpl.NumberNumberMultiply                        : loaded 2 times (x 112B)
Class it.unimi.dsi.fastutil.HashCommon                                                : loaded 2 times (x 69B)
Class [Lorg.jetbrains.kotlin.statistics.metrics.StringOverridePolicy;                 : loaded 2 times (x 67B)
Class [Lcom.android.resources.WideGamutColor;                                         : loaded 2 times (x 67B)
Class com.google.wireless.android.sdk.stats.StudioCoreGeminiActionsEvent              : loaded 2 times (x 202B)
Class org.codehaus.groovy.runtime.memoize.EvictableCache$Action                       : loaded 2 times (x 68B)
Class com.google.wireless.android.sdk.stats.DeviceConnectedNotificationEventOrBuilder : loaded 2 times (x 68B)
Class Build_gradle$1$1                                                                : loaded 2 times (x 76B)
Class kotlin.reflect.jvm.internal.CachesKt$$Lambda$0                                  : loaded 2 times (x 73B)
Class com.google.common.reflect.TypeToken                                             : loaded 2 times (x 71B)
Class com.google.common.collect.Ordering                                              : loaded 2 times (x 112B)
Class org.jetbrains.kotlin.gradle.plugin.diagnostics.checkers.CInteropInputChecker$runChecks$1: loaded 2 times (x 86B)
Class org.jetbrains.kotlin.gradle.plugin.diagnostics.KotlinToolingDiagnostics$JsLikeEnvironmentNotChosenExplicitly: loaded 2 times (x 71B)
Class kotlin.reflect.jvm.internal.ReflectProperties$Val$1                             : loaded 2 times (x 69B)
Class kotlin.reflect.jvm.internal.CachesKt$$Lambda$1                                  : loaded 2 times (x 73B)
Class org.jetbrains.kotlin.gradle.plugin.diagnostics.checkers.CInteropInputChecker$runChecks$2: loaded 2 times (x 73B)
Class com.google.common.cache.LocalCache$Strength$1                                   : loaded 2 times (x 79B)
Class com.google.wireless.android.sdk.stats.SplittingTabsUsageEvent                   : loaded 2 times (x 198B)
Class com.google.wireless.android.sdk.stats.UiDeviceSettingsEventOrBuilder            : loaded 2 times (x 68B)
Class kotlin.reflect.jvm.internal.CachesKt$$Lambda$2                                  : loaded 2 times (x 73B)
Class [Lcom.google.common.base.Predicate;                                             : loaded 2 times (x 67B)
Class com.google.common.collect.EmptyImmutableListMultimap                            : loaded 2 times (x 174B)
Class org.jetbrains.kotlin.gradle.targets.native.toolchain.KotlinNativeBundleBuildService: loaded 2 times (x 75B)
Class com.google.common.cache.LocalCache$Strength$2                                   : loaded 2 times (x 79B)
Class com.google.wireless.android.sdk.stats.TypingLatencyStatsOrBuilder               : loaded 2 times (x 68B)
Class com.google.wireless.android.sdk.stats.AvdLaunchEventOrBuilder                   : loaded 2 times (x 68B)
Class kotlin.reflect.jvm.internal.CachesKt$$Lambda$3                                  : loaded 2 times (x 73B)
Class org.jetbrains.kotlin.gradle.plugin.hierarchy.KotlinSourceSetTreeClassifierKt    : loaded 2 times (x 69B)
Class org.jetbrains.kotlin.statistics.metrics.NumericalMetrics                        : loaded 2 times (x 78B)
Class com.google.common.cache.LocalCache$Strength$3                                   : loaded 2 times (x 79B)
Class org.gradle.internal.classloader.ClassLoaderFactory                              : loaded 2 times (x 68B)
Class com.google.wireless.android.sdk.stats.CreateDiagnosticReportAction              : loaded 2 times (x 192B)
Class kotlin.reflect.jvm.internal.CachesKt$$Lambda$4                                  : loaded 2 times (x 73B)
Class com.google.protobuf.Internal                                                    : loaded 2 times (x 69B)
Class org.codehaus.groovy.runtime.dgmimpl.arrays.FloatArrayGetAtMetaMethod            : loaded 2 times (x 95B)
Class org.jetbrains.kotlin.gradle.plugin.KotlinCompilationOutput                      : loaded 2 times (x 68B)
Class it.unimi.dsi.fastutil.ints.AbstractIntCollection                                : loaded 2 times (x 183B)
Class [Lkotlin.reflect.jvm.internal.impl.name.FqName;                                 : loaded 2 times (x 67B)
Class org.jetbrains.kotlin.gradle.utils.ProviderApiUtilsKt$mapOrNull$1                : loaded 2 times (x 73B)
Class com.google.protobuf.Utf8$Processor                                              : loaded 2 times (x 75B)
Class org.codehaus.groovy.ast.ClassHelper                                             : loaded 2 times (x 69B)
Class groovy.lang.MetaProperty                                                        : loaded 2 times (x 75B)
Class kotlin.io.LinesSequence$iterator$1                                              : loaded 2 times (x 77B)
Class org.jetbrains.kotlin.gradle.plugin.mpp.compilationImpl.KotlinCreateCompilationArchiveTaskKt$KotlinCreateCompilationArchivesTask$1: loaded 2 times (x 72B)
Class groovy.lang.MissingFieldException                                               : loaded 2 times (x 87B)
Class org.jetbrains.kotlin.buildtools.api.KotlinLogger                                : loaded 2 times (x 68B)
Class com.google.common.base.Absent                                                   : loaded 2 times (x 78B)
Class com.google.common.util.concurrent.AbstractFuture$Waiter                         : loaded 2 times (x 70B)
Class com.google.wireless.android.sdk.stats.AutoImportEvent                           : loaded 2 times (x 194B)
Class com.android.tools.lint.model.LintModelSerialization$LintModelSerializationAdapter: loaded 2 times (x 68B)
Class kotlin.jvm.internal.FunctionReference                                           : loaded 2 times (x 120B)
Class org.jetbrains.kotlin.gradle.utils.Future                                        : loaded 2 times (x 68B)
Class com.android.ide.common.gradle.Version                                           : loaded 2 times (x 73B)
Class org.jetbrains.kotlin.gradle.plugin.mpp.compilationImpl.KotlinCompilationSourceSetInclusion$include$1: loaded 2 times (x 77B)
Class com.google.common.util.concurrent.Uninterruptibles                              : loaded 2 times (x 69B)
Class com.google.wireless.android.sdk.stats.NonTransitiveRClassMigrationEventOrBuilder: loaded 2 times (x 68B)
Class kotlin.coroutines.EmptyCoroutineContext                                         : loaded 2 times (x 75B)
Class jdk.internal.jimage.ImageHeader                                                 : loaded 2 times (x 69B)
Class com.google.wireless.android.sdk.stats.GradlePluginUpgradeDialogStats            : loaded 2 times (x 205B)
Class com.google.wireless.android.sdk.stats.StudioPatchUpdaterEventOrBuilder          : loaded 2 times (x 68B)
Class com.google.wireless.android.play.playlog.proto.ClientAnalytics                  : loaded 2 times (x 69B)
Class org.codehaus.groovy.util.ManagedConcurrentMap$Segment                           : loaded 2 times (x 83B)
Class org.codehaus.groovy.reflection.CachedClass$CachedMethodComparatorWithString     : loaded 2 times (x 88B)
Class kotlin.reflect.jvm.internal.impl.name.StandardClassIdsKt                        : loaded 2 times (x 69B)
Class com.android.tools.lint.model.LintModelMavenName                                 : loaded 2 times (x 68B)
Class org.jetbrains.kotlin.tooling.core.Extras                                        : loaded 2 times (x 68B)
Class org.gradle.api.internal.classpath.ManifestUtil                                  : loaded 2 times (x 69B)
Class org.gradle.api.specs.Spec                                                       : loaded 2 times (x 68B)
Class com.google.wireless.android.play.playlog.proto.ClientAnalytics$LogEvent$1       : loaded 2 times (x 149B)
Class com.google.wireless.android.sdk.stats.MlModelBindingEventOrBuilder              : loaded 2 times (x 68B)
Class org.codehaus.groovy.ast.stmt.DoWhileStatement                                   : loaded 2 times (x 116B)
Class [Lorg.jetbrains.kotlin.gradle.plugin.KotlinSourceSet;                           : loaded 2 times (x 67B)
Class org.jetbrains.kotlin.utils.KotlinExceptionWithAttachments                       : loaded 2 times (x 92B)
Class [Lorg.jetbrains.kotlin.gradle.targets.js.npm.NpmDependency$Scope;               : loaded 2 times (x 67B)
Class org.jetbrains.kotlin.gradle.targets.CreateDefaultCompilationsSideEffectKt$CreateDefaultCompilationsSideEffect$1: loaded 2 times (x 72B)
Class org.jetbrains.kotlin.gradle.tasks.configuration.BaseKotlinCompileConfig$registerBuildToolsApiTransformations$2: loaded 2 times (x 73B)
Class org.jetbrains.kotlin.gradle.plugin.VariantImplementationFactories$Inject        : loaded 2 times (x 104B)
Class com.google.common.cache.CacheLoader$UnsupportedLoadingOperationException        : loaded 2 times (x 80B)
Class com.google.gson.JsonIOException                                                 : loaded 2 times (x 80B)
Class org.codehaus.groovy.runtime.metaclass.DefaultMetaClassInfo$ConstantMetaClassVersioning: loaded 2 times (x 70B)
Class org.jetbrains.kotlin.gradle.dsl.DefaultToolchainSupport$wireToolchainToTasks$1  : loaded 2 times (x 73B)
Class com.google.protobuf.CodedOutputStream$OutOfSpaceException                       : loaded 2 times (x 80B)
Class com.google.wireless.android.sdk.stats.LogcatUsageEventOrBuilder                 : loaded 2 times (x 68B)
Class org.jetbrains.kotlin.gradle.internal.properties.PropertiesBuildService$IntGradleProperty: loaded 2 times (x 74B)
Class com.google.wireless.android.sdk.stats.StartupPerformanceFirstUiShownEventOrBuilder: loaded 2 times (x 68B)
Class kotlin.jvm.internal.ReflectionFactory                                           : loaded 2 times (x 89B)
Class groovy.grape.GrapeEngine                                                        : loaded 2 times (x 68B)
Class kotlin.reflect.jvm.internal.impl.name.SpecialNames                              : loaded 2 times (x 69B)
Class org.jetbrains.kotlin.gradle.plugin.mpp.KotlinUsages$KotlinUsagesDisambiguation  : loaded 2 times (x 74B)
Class org.jetbrains.kotlin.gradle.utils.ProviderApiUtilsKt                            : loaded 2 times (x 69B)
Class com.google.common.util.concurrent.ListenableFuture                              : loaded 2 times (x 68B)
Class groovyjarjarasm.asm.RecordComponentWriter                                       : loaded 2 times (x 76B)
Class org.codehaus.groovy.runtime.m12n.ExtensionModuleScanner                         : loaded 2 times (x 72B)
Class org.codehaus.groovy.runtime.MetaClassHelper                                     : loaded 2 times (x 69B)
Class com.google.common.collect.MapMaker$Dummy                                        : loaded 2 times (x 77B)
Class org.jetbrains.kotlin.gradle.tooling.BuildKotlinToolingMetadataTaskKt$RegisterBuildKotlinToolingMetadataTask$1: loaded 2 times (x 72B)
Class com.google.wireless.android.sdk.stats.ManifestMergerStats                       : loaded 2 times (x 200B)
Class org.codehaus.groovy.classgen.asm.BytecodeHelper                                 : loaded 2 times (x 69B)
Class kotlin.jvm.internal.Ref$ObjectRef                                               : loaded 2 times (x 70B)
Class org.jetbrains.kotlin.tooling.core.ExtrasLazyProperty                            : loaded 2 times (x 68B)
Class it.unimi.dsi.fastutil.objects.AbstractObject2IntMap                             : loaded 2 times (x 237B)
Class com.google.protobuf.AbstractMessageLite$Builder                                 : loaded 2 times (x 124B)
Class it.unimi.dsi.fastutil.objects.Object2IntMap                                     : loaded 2 times (x 68B)
Class com.android.ide.common.resources.configuration.SmallestScreenWidthQualifier     : loaded 2 times (x 86B)
Class org.jetbrains.kotlin.gradle.tasks.configuration.BaseKotlinCompileConfig$registerBuildToolsApiTransformations$1: loaded 2 times (x 73B)
Class kotlin.jvm.internal.ArrayIterator                                               : loaded 2 times (x 77B)
Class groovy.lang.ClosureInvokingMethod                                               : loaded 2 times (x 68B)
Class org.jetbrains.kotlin.gradle.plugin.KotlinCompilationInfo$TCS                    : loaded 2 times (x 87B)
Class org.jetbrains.kotlin.gradle.plugin.KotlinGradlePluginExtensionPointInternalKt   : loaded 2 times (x 69B)
Class com.google.wireless.android.sdk.stats.FirebaseManagementEventOrBuilder          : loaded 2 times (x 68B)
Class com.google.wireless.android.sdk.stats.LldbPerformanceStatsOrBuilder             : loaded 2 times (x 68B)
Class [Lorg.jetbrains.kotlin.gradle.plugin.mpp.compilationImpl.factory.KotlinCompilationImplFactory$PostConfigure;: loaded 2 times (x 67B)
Class org.jetbrains.kotlin.gradle.targets.native.internal.SetupKotlinNativePlatformDependenciesAndStdlibKt: loaded 2 times (x 69B)
Class org.jetbrains.kotlin.gradle.plugin.mpp.KotlinTargetSoftwareComponentImplKt$KotlinTargetSoftwareComponent$1$1$1: loaded 2 times (x 73B)
Class org.jetbrains.kotlin.konan.target.KonanTarget$TVOS_X64                          : loaded 2 times (x 76B)
Class org.jetbrains.kotlin.gradle.artifacts.KotlinMetadataArtifactKt                  : loaded 2 times (x 69B)
Class kotlin.collections.builders.ListBuilder$Companion                               : loaded 2 times (x 69B)
Class kotlin.coroutines.jvm.internal.ContinuationImpl                                 : loaded 2 times (x 85B)
Class com.google.common.collect.BaseImmutableMultimap                                 : loaded 2 times (x 121B)
Class org.jetbrains.kotlin.gradle.plugin.diagnostics.CheckKotlinGradlePluginConfigurationErrorsKt$locateOrRegisterCheckKotlinGradlePluginErrorsTask$taskProvider$1$1: loaded 2 times (x 73B)
Class org.jetbrains.kotlin.gradle.utils.KotlinExtensionUtilsKt                        : loaded 2 times (x 69B)
Class org.jetbrains.kotlin.konan.target.UtilsKt$evaluatePresetName$1                  : loaded 2 times (x 76B)
Class org.jetbrains.kotlin.compilerRunner.CompilerSystemPropertiesService             : loaded 2 times (x 78B)
Class com.google.wireless.android.sdk.stats.AndroidStudioEvent$EventKind$1            : loaded 2 times (x 74B)
Class org.jetbrains.kotlin.gradle.plugin.BuildFinishedListenerService                 : loaded 2 times (x 78B)
Class org.jetbrains.kotlin.gradle.plugin.diagnostics.CheckKotlinGradlePluginConfigurationErrorsKt$locateOrRegisterCheckKotlinGradlePluginErrorsTask$taskProvider$1$2: loaded 2 times (x 72B)
Class org.jetbrains.kotlin.gradle.plugin.mpp.compilationImpl.factory.KotlinCompilationDependencyConfigurationsFactoriesKt: loaded 2 times (x 69B)
Class org.jetbrains.kotlin.gradle.internal.properties.NativePropertiesLoader$forceDisableRunningInProcess$1: loaded 2 times (x 73B)
Class kotlin.collections.AbstractList$SubList                                         : loaded 2 times (x 158B)
Class kotlin.ranges.OpenEndRange                                                      : loaded 2 times (x 68B)
Class org.jetbrains.kotlin.gradle.utils.SingleAction                                  : loaded 2 times (x 71B)
Class com.google.common.collect.Iterators$6                                           : loaded 2 times (x 79B)
Class com.google.common.util.concurrent.AbstractFuture$UnsafeAtomicHelper             : loaded 2 times (x 76B)
Class kotlin.io.path.PathsKt__PathRecursiveFunctionsKt                                : loaded 2 times (x 69B)
Class org.codehaus.groovy.ast.expr.ArgumentListExpression                             : loaded 2 times (x 136B)
Class com.android.ide.common.rendering.api.ResourceNamespace$ToolsNamespace           : loaded 2 times (x 78B)
Class org.jetbrains.kotlin.gradle.tasks.KotlinCompilerPluginData                      : loaded 2 times (x 70B)
Class org.jetbrains.kotlin.gradle.plugin.statistics.KotlinBuildStatsServicesRegistry  : loaded 2 times (x 76B)
Class com.google.protobuf.Parser                                                      : loaded 2 times (x 68B)
Class org.jetbrains.kotlin.gradle.internal.KotlinTestDependencyManagementKt           : loaded 2 times (x 69B)
Class org.jetbrains.kotlin.statistics.metrics.OverrideMetricContainer                 : loaded 2 times (x 78B)
Class org.jetbrains.kotlin.gradle.plugin.diagnostics.UsesKotlinToolingDiagnosticsParameters: loaded 2 times (x 68B)
Class com.android.ide.common.rendering.api.StyleResourceValue                         : loaded 2 times (x 68B)
Class kotlin.sequences.SequenceBuilderIterator                                        : loaded 2 times (x 83B)
Class [Lcom.android.ide.common.gradle.Separator;                                      : loaded 2 times (x 67B)
Class org.jetbrains.kotlin.gradle.plugin.internal.DefaultCompatibilityConventionRegistrar: loaded 2 times (x 72B)
Class org.codehaus.groovy.ast.PackageNode                                             : loaded 2 times (x 121B)
Class kotlin.reflect.full.IllegalPropertyDelegateAccessException                      : loaded 2 times (x 80B)
Class [Lkotlin.reflect.KClassifier;                                                   : loaded 2 times (x 67B)
Class com.google.protobuf.GeneratedMessageV3$1                                        : loaded 2 times (x 76B)
Class kotlin.coroutines.CoroutineContext                                              : loaded 2 times (x 68B)
Class com.google.wireless.android.sdk.stats.AppLinksAssistantEvent                    : loaded 2 times (x 225B)
Class org.jetbrains.kotlin.gradle.plugin.mpp.KotlinUsageContext$MavenScope            : loaded 2 times (x 77B)
Class org.jetbrains.kotlin.gradle.tasks.KotlinCompile$disableMultiModuleIC$2$1        : loaded 2 times (x 73B)
Class org.jetbrains.kotlin.gradle.tasks.KotlinCompile$defaultKotlinJavaToolchain$1    : loaded 2 times (x 77B)
Class org.jetbrains.kotlin.gradle.plugin.BuildFinishFlowAction$Parameters_Decorated   : loaded 2 times (x 135B)
Class [Lcom.google.wireless.android.sdk.stats.AndroidStudioEvent$EventKind;           : loaded 2 times (x 67B)
Class com.google.wireless.android.sdk.stats.NavSafeArgsEventOrBuilder                 : loaded 2 times (x 68B)
Class com.google.wireless.android.sdk.stats.VirtualizationEventOrBuilder              : loaded 2 times (x 68B)
Class [Lkotlin.reflect.KClass;                                                        : loaded 2 times (x 67B)
Class org.jetbrains.kotlin.gradle.utils.ConfigurationsKt$createResolvable$1           : loaded 2 times (x 76B)
Class org.jetbrains.kotlin.gradle.plugin.statistics.KotlinBuildStatsServicesRegistry$Companion: loaded 2 times (x 69B)
Class com.google.wireless.android.sdk.stats.ComposePreviewCanvasEvent                 : loaded 2 times (x 194B)
Class com.google.wireless.android.sdk.stats.SmlTransformEventOrBuilder                : loaded 2 times (x 68B)
Class kotlin.jvm.internal.Reflection                                                  : loaded 2 times (x 69B)
Class org.jetbrains.kotlin.gradle.plugin.KotlinProjectSetupAction$Companion           : loaded 2 times (x 69B)
Class org.codehaus.groovy.reflection.stdclasses.CachedSAMClass                        : loaded 2 times (x 93B)
Class org.jetbrains.kotlin.cli.common.messages.MessageCollector$Companion$NONE$1      : loaded 2 times (x 74B)
Class org.jetbrains.kotlin.gradle.logging.GradleKotlinLogger                          : loaded 2 times (x 78B)
Class org.jetbrains.kotlin.gradle.plugin.mpp.compilationImpl.DefaultKotlinCompilationSourceSetsContainer$source$1: loaded 2 times (x 77B)
Class org.jetbrains.kotlin.gradle.plugin.sources.FragmentConsistencyChecks$optInAnnotationsCheck$1: loaded 2 times (x 77B)
Class org.jetbrains.kotlin.gradle.plugin.KotlinCompilation                            : loaded 2 times (x 68B)
Class org.gradle.internal.IoActions                                                   : loaded 2 times (x 69B)
Class org.jetbrains.kotlin.gradle.plugin.sources.FragmentConsistencyChecks$optInAnnotationsCheck$2: loaded 2 times (x 76B)
Class org.jetbrains.kotlin.gradle.plugin.diagnostics.checkers.KotlinTargetAlreadyDeclaredChecker: loaded 2 times (x 72B)
Class com.google.common.collect.MapMakerInternalMap$StrongKeyDummyValueEntry$Helper   : loaded 2 times (x 77B)
Class org.jetbrains.kotlin.gradle.dsl.KotlinCompile                                   : loaded 2 times (x 68B)
Class org.jetbrains.kotlin.gradle.artifacts.KotlinNativeHostSpecificMetadataArtifactKt: loaded 2 times (x 69B)
Class com.google.protobuf.ByteString$ByteIterator                                     : loaded 2 times (x 68B)
Class org.codehaus.groovy.ast.expr.TernaryExpression                                  : loaded 2 times (x 128B)
Class com.google.common.collect.AllEqualOrdering                                      : loaded 2 times (x 112B)
Class com.google.wireless.android.sdk.stats.StartupEvent                              : loaded 2 times (x 194B)
Class com.google.wireless.android.sdk.stats.HeapReportEventOrBuilder                  : loaded 2 times (x 68B)
Class com.google.protobuf.UnsafeUtil$JvmMemoryAccessor                                : loaded 2 times (x 89B)
Class org.codehaus.groovy.ast.tools.GeneralUtils                                      : loaded 2 times (x 69B)
Class kotlin.text.MatchResult$Destructured                                            : loaded 2 times (x 70B)
Class kotlin.text.MatchResult$DefaultImpls                                            : loaded 2 times (x 69B)
Class org.jetbrains.kotlin.gradle.targets.native.toolchain.KotlinNativeBundleBuildService$Companion$registerIfAbsent$2$1$1: loaded 2 times (x 73B)
Class org.jetbrains.kotlin.gradle.plugin.VariantImplementationFactories$Companion$getProvider$1: loaded 2 times (x 73B)
Class com.google.wireless.android.sdk.stats.StudioRunEventOrBuilder                   : loaded 2 times (x 68B)
Class com.android.tools.lint.model.PathVariables$Companion                            : loaded 2 times (x 69B)
Class com.google.common.collect.ComparatorOrdering                                    : loaded 2 times (x 113B)
Class com.google.wireless.android.sdk.stats.LintTooltipLinkEvent                      : loaded 2 times (x 197B)
Class org.jetbrains.kotlin.gradle.plugin.mpp.apple.swiftexport.internal.SwiftExportInitKt: loaded 2 times (x 69B)
Class com.google.wireless.android.sdk.stats.AndroidStudioEvent                        : loaded 2 times (x 831B)
Class com.android.resources.ResourceFolderType                                        : loaded 2 times (x 77B)
Class org.jetbrains.kotlin.gradle.plugin.mpp.DecoratedKotlinCompilation               : loaded 2 times (x 189B)
Class com.google.wireless.android.sdk.stats.SmlConfigurationEventOrBuilder            : loaded 2 times (x 68B)
Class org.jetbrains.kotlin.gradle.targets.js.ir.KotlinJsIrTarget                      : loaded 2 times (x 258B)
Class org.jetbrains.kotlin.statistics.metrics.BooleanOverridePolicy$OR                : loaded 2 times (x 83B)
Class kotlin.collections.ArrayDeque                                                   : loaded 2 times (x 167B)
Class org.jetbrains.kotlin.gradle.plugin.mpp.compilationImpl.DefaultKotlinCompilationSourceSetsContainer$allKotlinSourceSetsImpl$1$1: loaded 2 times (x 78B)
Class org.jetbrains.kotlin.gradle.plugin.diagnostics.checkers.DeprecatedKotlinNativeTargetsChecker: loaded 2 times (x 72B)
Class org.jetbrains.kotlin.gradle.artifacts.KotlinTargetArtifact                      : loaded 2 times (x 68B)
Class com.google.wireless.android.sdk.stats.AdbUsageEvent                             : loaded 2 times (x 198B)
Class groovy.lang.GroovyInterceptable                                                 : loaded 2 times (x 68B)
Class kotlin.reflect.jvm.internal.impl.builtins.functions.FunctionTypeKind$KFunction  : loaded 2 times (x 70B)
Class com.android.sdklib.IAndroidTarget                                               : loaded 2 times (x 68B)
Class org.jetbrains.kotlin.gradle.internal.transforms.BuildToolsApiClasspathEntrySnapshotTransform$Parameters_Decorated: loaded 2 times (x 153B)
Class com.google.common.cache.ReferenceEntry                                          : loaded 2 times (x 68B)
Class org.jetbrains.kotlin.statistics.fileloggers.MetricsContainer$MetricDescriptor   : loaded 2 times (x 73B)
Class com.google.wireless.android.sdk.stats.LiveEditEventOrBuilder                    : loaded 2 times (x 68B)
Class org.jetbrains.kotlin.gradle.plugin.diagnostics.checkers.JsLikeEnvironmentChecker$runChecks$1: loaded 2 times (x 86B)
Class org.jetbrains.kotlin.gradle.plugin.statistics.BuildFusService$Companion$registerIfAbsentImpl$2: loaded 2 times (x 73B)
Class kotlin.reflect.jvm.internal.impl.name.FqName                                    : loaded 2 times (x 70B)
Class [Lorg.jetbrains.kotlin.statistics.metrics.BooleanOverridePolicy;                : loaded 2 times (x 67B)
Class [Lcom.android.resources.UiMode;                                                 : loaded 2 times (x 67B)
Class kotlin.jvm.internal.PropertyReference1Impl                                      : loaded 2 times (x 125B)
Class jdk.internal.jimage.ImageBufferCache$2                                          : loaded 2 times (x 89B)
Class [Lcom.google.common.base.Function;                                              : loaded 2 times (x 67B)
Class com.google.common.collect.LexicographicalOrdering                               : loaded 2 times (x 113B)
Class kotlin.sequences.TakeWhileSequence$iterator$1                                   : loaded 2 times (x 77B)
Class com.google.common.collect.ImmutableSortedMap$Builder                            : loaded 2 times (x 88B)
Class org.jetbrains.kotlin.gradle.plugin.cocoapods.KotlinCocoapodsPlugin              : loaded 2 times (x 74B)
Class com.google.wireless.android.sdk.stats.SigningWizardEvent                        : loaded 2 times (x 200B)
Class org.codehaus.groovy.reflection.GroovyClassValue$ComputeValue                    : loaded 2 times (x 68B)
Class kotlin.io.TextStreamsKt                                                         : loaded 2 times (x 69B)
Class org.codehaus.groovy.reflection.stdclasses.BigDecimalCachedClass                 : loaded 2 times (x 93B)
Class org.jetbrains.kotlin.gradle.plugin.diagnostics.checkers.KotlinSourceSetTreeDependsOnMismatchChecker$runChecks$1: loaded 2 times (x 86B)
Class [Lorg.jetbrains.kotlin.statistics.metrics.IMetricContainerFactory;              : loaded 2 times (x 67B)
Class org.codehaus.groovy.reflection.stdclasses.BooleanCachedClass                    : loaded 2 times (x 93B)
Class groovy.lang.MetaClassImpl$DummyMetaMethod                                       : loaded 2 times (x 95B)
Class org.jetbrains.kotlin.gradle.plugin.sources.DefaultLanguageSettingsBuilder$freeCompilerArgsProvider$1: loaded 2 times (x 93B)
Class com.google.wireless.android.sdk.stats.WearTileAnimationToolingEvent             : loaded 2 times (x 194B)
Class org.jetbrains.kotlin.gradle.plugin.VariantImplementationFactories$Parameters$Inject: loaded 2 times (x 104B)
Class groovy.lang.ReadOnlyPropertyException                                           : loaded 2 times (x 87B)
Class com.android.resources.WideGamutColor                                            : loaded 2 times (x 84B)
Class org.jetbrains.kotlin.gradle.internal.Kapt3GradleSubplugin$Kapt3SubpluginContext : loaded 2 times (x 70B)
Class org.jetbrains.kotlin.gradle.internal.properties.NativePropertiesKt              : loaded 2 times (x 69B)
Class org.jetbrains.kotlin.gradle.utils.GradleAttributesContainerUtilsKt$copyAttributeTo$1: loaded 2 times (x 77B)
Class [Lorg.jetbrains.kotlin.build.report.metrics.ValueType;                          : loaded 2 times (x 67B)
Class [Lgroovyjarjarasm.asm.SymbolTable$Entry;                                        : loaded 2 times (x 67B)
Class jdk.internal.jimage.ImageBufferCache$1                                          : loaded 2 times (x 78B)
Class com.android.ide.common.resources.configuration.LocaleQualifier                  : loaded 2 times (x 87B)
Class kotlin.jvm.internal.FunctionReferenceImpl                                       : loaded 2 times (x 120B)
Class org.jetbrains.kotlin.gradle.utils.FutureImpl                                    : loaded 2 times (x 78B)
Class com.google.protobuf.CodedOutputStream                                           : loaded 2 times (x 107B)
Class kotlin.comparisons.ComparisonsKt___ComparisonsJvmKt                             : loaded 2 times (x 69B)
Class com.google.common.collect.ImmutableMultimap$Builder                             : loaded 2 times (x 81B)
Class org.jetbrains.kotlin.gradle.artifacts.KotlinLegacyMetadataArtifactKt            : loaded 2 times (x 69B)
Class org.codehaus.groovy.reflection.AccessPermissionChecker                          : loaded 2 times (x 69B)
Class org.codehaus.groovy.runtime.metaclass.MissingMethodExecutionFailed              : loaded 2 times (x 90B)
Class org.jetbrains.kotlin.konan.target.UtilsKt                                       : loaded 2 times (x 69B)
Class org.jetbrains.kotlin.statistics.metrics.NumberAnonymizationPolicy$RANDOM_10_PERCENT: loaded 2 times (x 83B)
Class org.jetbrains.kotlin.gradle.plugin.KotlinPluginLifecycleKt$kotlinPluginLifecycle$2: loaded 2 times (x 76B)
Class com.google.wireless.android.sdk.stats.WhatsNewAssistantEventOrBuilder           : loaded 2 times (x 68B)
Class com.google.protobuf.ExtensionRegistry                                           : loaded 2 times (x 85B)
Class com.android.ide.common.gradle.DEV                                               : loaded 2 times (x 75B)
Class org.jetbrains.kotlin.gradle.plugin.diagnostics.checkers.OverriddenKotlinNativeHomeChecker$allKonanMainSubdirectoriesExist$1: loaded 2 times (x 73B)
Class org.jetbrains.kotlin.gradle.plugin.diagnostics.KotlinToolingDiagnostics$JsEnvironmentNotChosenExplicitly: loaded 2 times (x 71B)
Class com.android.resources.ScreenSize                                                : loaded 2 times (x 84B)
Class com.android.tools.lint.model.DefaultLintModelSourceProvider                     : loaded 2 times (x 82B)
Class org.jetbrains.kotlin.gradle.targets.jvm.KotlinJvmTarget                         : loaded 2 times (x 170B)
Class org.jetbrains.kotlin.compilerRunner.KotlinCompilerArgumentsLogLevel             : loaded 2 times (x 77B)
Class org.jetbrains.kotlin.gradle.targets.native.internal.CInteropConfigurationsKt    : loaded 2 times (x 69B)
Class com.google.wireless.android.sdk.stats.GarbageCollectionStats$1                  : loaded 2 times (x 149B)
Class com.android.prefs.AbstractAndroidLocations$Companion                            : loaded 2 times (x 69B)
Class com.google.common.collect.Tables                                                : loaded 2 times (x 69B)
Class com.google.wireless.android.sdk.stats.KotlinSupport                             : loaded 2 times (x 199B)
Class org.codehaus.groovy.runtime.callsite.ClassMetaClassGetPropertySite              : loaded 2 times (x 144B)
Class [Lorg.apache.commons.io.StandardLineSeparator;                                  : loaded 2 times (x 67B)
Class org.jetbrains.kotlin.gradle.plugin.BuildEventsListenerRegistryHolder            : loaded 2 times (x 70B)
Class com.google.wireless.android.sdk.stats.FirebaseManagementEvent                   : loaded 2 times (x 199B)
Class org.codehaus.groovy.ast.expr.BinaryExpression                                   : loaded 2 times (x 132B)
Class groovy.lang.MetaMethod                                                          : loaded 2 times (x 94B)
Class org.jetbrains.kotlin.gradle.plugin.mpp.compilationImpl.factory.DefaultKotlinCompilationTaskNamesContainerFactory: loaded 2 times (x 72B)
Class kotlin.reflect.KType                                                            : loaded 2 times (x 68B)
Class org.jetbrains.kotlin.gradle.tasks.TasksProviderKt$sam$org_gradle_api_Action$0   : loaded 2 times (x 73B)
Class org.gradle.api.internal.classpath.EffectiveClassPath                            : loaded 2 times (x 88B)
Class groovy.lang.Tuple                                                               : loaded 2 times (x 166B)
Class org.codehaus.groovy.runtime.dgmimpl.arrays.ObjectArrayPutAtMetaMethod           : loaded 2 times (x 95B)
Class org.jetbrains.kotlin.konan.target.KonanTarget$Companion$predefinedTargets$2     : loaded 2 times (x 76B)
Class org.apache.commons.io.StandardLineSeparator                                     : loaded 2 times (x 77B)
Class org.apache.commons.io.output.AppendableWriter                                   : loaded 2 times (x 98B)
Class org.jetbrains.kotlin.gradle.tasks.DefaultKotlinJavaToolchain$DefaultJavaToolchainSetter: loaded 2 times (x 73B)
Class org.jetbrains.kotlin.gradle.tasks.configuration.AbstractKotlinCompileConfig$getClasspathSnapshotDir$1: loaded 2 times (x 72B)
Class org.jetbrains.kotlin.konan.target.HostManager$Companion$targetAliases$2         : loaded 2 times (x 76B)
Class org.jetbrains.kotlin.gradle.internal.properties.PropertiesBuildServiceKt        : loaded 2 times (x 69B)
Class org.jetbrains.kotlin.gradle.plugin.internal.DefaultConfigurationCacheStartParameterAccessor: loaded 2 times (x 75B)
Class org.codehaus.groovy.reflection.GeneratedMetaMethod$DgmMethodRecord              : loaded 2 times (x 70B)
Class kotlin.reflect.jvm.internal.KClassImpl$Data                                     : loaded 2 times (x 70B)
Class kotlin.jvm.internal.DefaultConstructorMarker                                    : loaded 2 times (x 69B)
Class com.android.utils.StdLogger                                                     : loaded 2 times (x 84B)
Class org.jetbrains.kotlin.gradle.targets.js.npm.DefaultNpmDependencyExtension        : loaded 2 times (x 150B)
Class org.jetbrains.kotlin.gradle.plugin.diagnostics.RenderReportedDiagnosticsKt      : loaded 2 times (x 69B)
Class [Lkotlin.reflect.jvm.internal.impl.builtins.jvm.JavaToKotlinClassMap$PlatformMutabilityMapping;: loaded 2 times (x 67B)
Class kotlin.text.MatchGroupCollection                                                : loaded 2 times (x 68B)
Class org.jetbrains.kotlin.gradle.tasks.KotlinCompile$scriptSources$1                 : loaded 2 times (x 73B)
Class org.jetbrains.kotlin.gradle.plugin.mpp.compilationImpl.KotlinCompilationProcessorSideEffectKt: loaded 2 times (x 69B)
Class org.jetbrains.kotlin.build.report.metrics.BuildPerformanceMetric                : loaded 2 times (x 68B)
Class com.google.common.cache.CacheLoader$FunctionToCacheLoader                       : loaded 2 times (x 73B)
Class com.google.wireless.android.sdk.stats.JniInspectionEventOrBuilder               : loaded 2 times (x 68B)
Class com.google.wireless.android.sdk.stats.UIActionStatsOrBuilder                    : loaded 2 times (x 68B)
Class com.google.common.cache.CacheBuilder$1                                          : loaded 2 times (x 83B)
Class [Lgroovyjarjarasm.asm.Opcodes;                                                  : loaded 2 times (x 67B)
Class org.jetbrains.kotlin.gradle.plugin.KotlinPlatformType$DisambiguationRule        : loaded 2 times (x 74B)
Class org.jetbrains.kotlin.gradle.plugin.mpp.KotlinCompilationFactory$DefaultImpls    : loaded 2 times (x 69B)
Class org.jetbrains.kotlin.statistics.metrics.BooleanMetrics$Companion                : loaded 2 times (x 69B)
Class com.google.common.cache.CacheBuilder$2                                          : loaded 2 times (x 70B)
Class com.android.ide.common.resources.configuration.GrammaticalGenderQualifier       : loaded 2 times (x 89B)
Class com.google.wireless.android.sdk.stats.LLDBFrontendDetailsOrBuilder              : loaded 2 times (x 68B)
Class org.codehaus.groovy.util.URLStreams                                             : loaded 2 times (x 69B)
Class groovy.lang.MetaClassRegistry                                                   : loaded 2 times (x 68B)
Class org.jetbrains.kotlin.gradle.plugin.statistics.NonSynchronizedMetricsContainer$MetricDescriptor: loaded 2 times (x 73B)
Class com.google.common.io.CharStreams                                                : loaded 2 times (x 69B)
Class org.jetbrains.kotlin.gradle.targets.js.dsl.KotlinWasmJsTargetDsl                : loaded 2 times (x 68B)
Class org.jetbrains.kotlin.gradle.utils.GradleAttributesContainerUtilsKt              : loaded 2 times (x 69B)
Class org.codehaus.groovy.runtime.dgmimpl.arrays.ShortArrayPutAtMetaMethod            : loaded 2 times (x 95B)
Class com.google.common.collect.MapMakerInternalMap$AbstractWeakKeyEntry              : loaded 2 times (x 85B)
Class org.codehaus.groovy.reflection.ClassInfo$LazyCachedClassRef                     : loaded 2 times (x 80B)
Class org.apache.groovy.util.SystemUtil                                               : loaded 2 times (x 69B)
Class com.google.wireless.android.sdk.stats.UiToolsPreferencesEventOrBuilder          : loaded 2 times (x 68B)
Class kotlin.reflect.jvm.internal.KClassImpl                                          : loaded 2 times (x 113B)
Class com.google.common.base.Predicates$CompositionPredicate                          : loaded 2 times (x 86B)
Class org.jetbrains.kotlin.gradle.tasks.KotlinCompile$disableMultiModuleIC$2          : loaded 2 times (x 77B)
Class org.jetbrains.kotlin.gradle.tasks.DefaultKotlinJavaToolchain$currentJvmJdkToolsJar$1: loaded 2 times (x 72B)
Class [Lcom.google.common.cache.RemovalListener;                                      : loaded 2 times (x 67B)
Class org.jetbrains.kotlin.gradle.plugin.KotlinTargetConfiguratorKt$WhenMappings      : loaded 2 times (x 69B)
Class com.google.wireless.android.sdk.stats.LintActionOrBuilder                       : loaded 2 times (x 68B)
Class com.google.wireless.android.sdk.stats.EmulatorDetailsOrBuilder                  : loaded 2 times (x 68B)
Class com.google.common.collect.Interners                                             : loaded 2 times (x 69B)
Class org.jetbrains.kotlin.gradle.incremental.IncrementalModuleInfoProvider           : loaded 2 times (x 68B)
Class com.google.protobuf.FieldSet$FieldDescriptorLite                                : loaded 2 times (x 68B)
Class org.codehaus.groovy.runtime.DefaultGroovyMethodsSupport                         : loaded 2 times (x 69B)
Class [Lkotlin.reflect.KDeclarationContainer;                                         : loaded 2 times (x 67B)
Class kotlin.reflect.jvm.internal.KProperty1Impl                                      : loaded 2 times (x 126B)
Class kotlin.LazyKt__LazyJVMKt$WhenMappings                                           : loaded 2 times (x 69B)
Class org.jetbrains.kotlin.cli.common.messages.GradleStyleMessageRenderer             : loaded 2 times (x 76B)
Class org.jetbrains.kotlin.gradle.internal.properties.PropertiesBuildService$property$1$valueFromGradleAndLocalProperties$1: loaded 2 times (x 73B)
Class com.android.tools.analytics.CommonMetricsData$GarbageCollectionStatsDiffs       : loaded 2 times (x 69B)
Class kotlin.jvm.internal.ClassBasedDeclarationContainer                              : loaded 2 times (x 68B)
Class org.codehaus.groovy.runtime.dgmimpl.arrays.IntegerArrayGetAtMetaMethod          : loaded 2 times (x 95B)
Class kotlin.jvm.internal.CallableReference$NoReceiver                                : loaded 2 times (x 69B)
Class Native_plugin_loader_gradle$NativePluginLoader$Companion                        : loaded 2 times (x 69B)
Class org.jetbrains.kotlin.build.report.metrics.BuildTimes$Companion                  : loaded 2 times (x 69B)
Class org.jetbrains.kotlin.gradle.plugin.mpp.KotlinCompilationsKt                     : loaded 2 times (x 69B)
Class org.gradle.internal.installation.CurrentGradleInstallation                      : loaded 2 times (x 71B)
Class com.google.protobuf.CodedOutputStream$HeapNioEncoder                            : loaded 2 times (x 109B)
Class com.google.wireless.android.sdk.stats.ProductDetailsOrBuilder                   : loaded 2 times (x 68B)
Class org.objectweb.asm.FieldWriter                                                   : loaded 2 times (x 76B)
Class org.jetbrains.kotlin.gradle.plugin.sources.FragmentConsistencyChecks$languageVersionCheck$1: loaded 2 times (x 77B)
Class kotlin.Metadata                                                                 : loaded 2 times (x 68B)
Class [Lorg.jetbrains.kotlin.konan.target.Architecture;                               : loaded 2 times (x 67B)
Class org.jetbrains.kotlin.gradle.plugin.sources.FragmentConsistencyChecks$languageVersionCheck$2: loaded 2 times (x 76B)
Class org.gradle.internal.installation.CurrentGradleInstallationLocator               : loaded 2 times (x 69B)
Class org.jetbrains.kotlin.tooling.core.ExtrasUtilsKt                                 : loaded 2 times (x 69B)
Class [Lcom.google.common.cache.LocalCache$Segment;                                   : loaded 2 times (x 67B)
Class org.gradle.api.internal.classpath.Module                                        : loaded 2 times (x 68B)
Class com.android.ide.common.resources.configuration.EnumBasedResourceQualifier       : loaded 2 times (x 87B)
Class com.google.wireless.android.sdk.stats.LayoutEditorEventOrBuilder                : loaded 2 times (x 68B)
Class com.google.common.collect.Table$Cell                                            : loaded 2 times (x 68B)
Class com.android.resources.LayoutDirection                                           : loaded 2 times (x 84B)
Class com.android.tools.lint.model.LintModelSerialization$LintModelSerializationFileAdapter: loaded 2 times (x 87B)
Class org.jetbrains.kotlin.gradle.plugin.KotlinGradlePluginExtensionPointInternal$registeredExtensions$2: loaded 2 times (x 76B)
Class com.google.wireless.android.sdk.stats.WearHealthServicesEventOrBuilder          : loaded 2 times (x 68B)
Class com.google.protobuf.Internal$IntList                                            : loaded 2 times (x 68B)
Class com.google.common.collect.Multimaps$CustomSetMultimap                           : loaded 2 times (x 176B)
Class org.jetbrains.kotlin.gradle.targets.metadata.KotlinMetadataTargetConfiguratorKt : loaded 2 times (x 69B)
Class org.codehaus.groovy.runtime.GeneratedClosure                                    : loaded 2 times (x 68B)
Class com.google.wireless.android.sdk.stats.ApplyChangesAgentErrorOrBuilder           : loaded 2 times (x 68B)
Class kotlin.reflect.KProperty                                                        : loaded 2 times (x 68B)
Class com.android.tools.lint.model.DefaultLintModelAndroidLibrary                     : loaded 2 times (x 109B)
Class kotlin.annotation.Target                                                        : loaded 2 times (x 68B)
Class com.android.tools.lint.model.DefaultLintModelJavaLibrary                        : loaded 2 times (x 101B)
Class com.google.wireless.android.sdk.stats.SmlCompletionEvent                        : loaded 2 times (x 207B)
Class org.jetbrains.kotlin.gradle.plugin.KotlinProjectSetupActionKt                   : loaded 2 times (x 69B)
Class com.google.wireless.android.sdk.stats.StudioLabsEventOrBuilder                  : loaded 2 times (x 68B)
Class org.jetbrains.kotlin.gradle.plugin.mpp.KotlinTargetSoftwareComponent            : loaded 2 times (x 87B)
Class com.google.wireless.android.sdk.stats.GradleBuildDetails                        : loaded 2 times (x 230B)
Class com.google.wireless.android.sdk.stats.AdbDelegateUsageEventOrBuilder            : loaded 2 times (x 68B)
Class org.jetbrains.kotlin.gradle.tasks.FailedCompilationException                    : loaded 2 times (x 80B)
Class com.google.wireless.android.sdk.stats.DeviceConnectedNotificationEvent          : loaded 2 times (x 200B)
Class [Lorg.codehaus.groovy.reflection.CachedMethod;                                  : loaded 2 times (x 67B)
Class groovy.lang.groovydoc.Groovydoc                                                 : loaded 2 times (x 74B)
Class kotlin.sequences.DistinctSequence                                               : loaded 2 times (x 73B)
Class com.google.wireless.android.sdk.stats.EmulatorHost                              : loaded 2 times (x 212B)
Class groovy.lang.Tuple10                                                             : loaded 2 times (x 166B)
Class com.android.resources.TouchScreen                                               : loaded 2 times (x 84B)
Class org.jetbrains.kotlin.gradle.tasks.KotlinCompile$androidLayoutResources$1        : loaded 2 times (x 72B)
Class org.jetbrains.kotlin.gradle.plugin.mpp.compilationImpl.KotlinCompilationSourceSetsContainerKt: loaded 2 times (x 69B)
Class org.jetbrains.kotlin.gradle.report.BuildReportMode                              : loaded 2 times (x 77B)
Class groovy.lang.Tuple11                                                             : loaded 2 times (x 166B)
Class org.codehaus.groovy.runtime.IOGroovyMethods                                     : loaded 2 times (x 69B)
Class com.google.common.cache.LocalCache$StrongEntry                                  : loaded 2 times (x 106B)
Class groovy.lang.Tuple12                                                             : loaded 2 times (x 166B)
Class kotlin.reflect.jvm.internal.impl.descriptors.runtime.structure.ReflectClassUtilKt: loaded 2 times (x 69B)
Class kotlin.jvm.internal.MutablePropertyReference0                                   : loaded 2 times (x 135B)
Class org.jetbrains.kotlin.gradle.plugin.diagnostics.checkers.PreHmppDependenciesUsageChecker$runChecks$1: loaded 2 times (x 86B)
Class org.codehaus.groovy.reflection.CacheAccessControlException                      : loaded 2 times (x 85B)
Class [Lcom.google.wireless.android.sdk.stats.AndroidStudioEvent$IdeBrand;            : loaded 2 times (x 67B)
Class groovy.lang.Tuple13                                                             : loaded 2 times (x 166B)
Class kotlin.jvm.internal.MutablePropertyReference1                                   : loaded 2 times (x 135B)
Class com.google.wireless.android.sdk.stats.AndroidStudioEvent$TemplatesUsageOrBuilder: loaded 2 times (x 68B)
Class groovy.lang.Tuple14                                                             : loaded 2 times (x 166B)
Class org.codehaus.groovy.util.LazyReference                                          : loaded 2 times (x 79B)
Class kotlin.jvm.internal.MutablePropertyReference2                                   : loaded 2 times (x 135B)
Class org.codehaus.groovy.runtime.metaclass.NewMetaMethod                             : loaded 2 times (x 97B)
Class com.google.wireless.android.sdk.stats.ComposeAnimationToolingEventOrBuilder     : loaded 2 times (x 68B)
Class groovy.lang.Tuple15                                                             : loaded 2 times (x 166B)
Class org.jetbrains.kotlin.gradle.plugin.diagnostics.KotlinToolingDiagnosticsCollector$Inject: loaded 2 times (x 94B)
Class groovy.lang.Tuple16                                                             : loaded 2 times (x 166B)
Class com.google.common.reflect.Types$TypeVariableInvocationHandler                   : loaded 2 times (x 73B)
Class org.jetbrains.kotlin.build.report.metrics.GcMetrics                             : loaded 2 times (x 70B)
Class org.jetbrains.kotlin.gradle.plugin.KotlinPluginLifecycleImpl$launch$1           : loaded 2 times (x 77B)
Class com.google.protobuf.Writer                                                      : loaded 2 times (x 68B)
Class kotlin.reflect.jvm.internal.KClassImpl$Data$$Lambda$0                           : loaded 2 times (x 74B)
Class it.unimi.dsi.fastutil.ints.IntOpenHashSet                                       : loaded 2 times (x 237B)
Class com.google.common.reflect.Types$ClassOwnership                                  : loaded 2 times (x 78B)
Class org.jetbrains.kotlin.gradle.plugin.statistics.BuildFinishMetrics                : loaded 2 times (x 69B)
Class com.google.wireless.android.sdk.stats.DefaultActivityLocatorStats               : loaded 2 times (x 198B)
Class com.google.wireless.android.sdk.stats.LintSessionOrBuilder                      : loaded 2 times (x 68B)
Class com.android.tools.analytics.AnalyticsPaths                                      : loaded 2 times (x 69B)
Class kotlin.reflect.jvm.internal.KClassImpl$Data$$Lambda$1                           : loaded 2 times (x 74B)
Class org.jetbrains.kotlin.gradle.utils.CompilerOptionsKt                             : loaded 2 times (x 69B)
Class kotlin.reflect.jvm.internal.KClassImpl$Data$$Lambda$2                           : loaded 2 times (x 74B)
Class kotlin.collections.builders.ListBuilder$Itr                                     : loaded 2 times (x 92B)
Class org.codehaus.groovy.ast.expr.MethodReferenceExpression                          : loaded 2 times (x 129B)
Class org.codehaus.groovy.runtime.DefaultCachedMethodKey                              : loaded 2 times (x 77B)
Class kotlin.reflect.jvm.internal.KClassImpl$Data$$Lambda$3                           : loaded 2 times (x 74B)
Class org.jetbrains.kotlin.build.report.metrics.ValueType                             : loaded 2 times (x 77B)
Class org.jetbrains.kotlin.gradle.plugin.PropertiesProvider$kotlinExperimentalTryNext$1: loaded 2 times (x 73B)
Class [Lcom.android.ide.common.resources.DataFile$FileType;                           : loaded 2 times (x 67B)
Class kotlin.reflect.jvm.internal.KClassImpl$Data$$Lambda$4                           : loaded 2 times (x 74B)
Class [Lorg.objectweb.asm.AnnotationWriter;                                           : loaded 2 times (x 67B)
Class com.android.ide.common.rendering.api.ArrayResourceValue                         : loaded 2 times (x 68B)
Class kotlin.reflect.jvm.internal.KClassImpl$Data$$Lambda$5                           : loaded 2 times (x 74B)
Class org.gradle.internal.service.CachingServiceLocator                               : loaded 2 times (x 80B)
Class kotlin.reflect.jvm.internal.KClassImpl$Data$$Lambda$6                           : loaded 2 times (x 74B)
Class kotlin.sequences.GeneratorSequence$iterator$1                                   : loaded 2 times (x 77B)
Class org.codehaus.groovy.ast.stmt.TryCatchStatement                                  : loaded 2 times (x 119B)
Class com.google.wireless.android.sdk.stats.LldbSessionEndDetails                     : loaded 2 times (x 201B)
Class kotlin.reflect.jvm.internal.KClassImpl$Data$$Lambda$7                           : loaded 2 times (x 74B)
Class org.jetbrains.kotlin.konan.target.KonanTarget$Companion                         : loaded 2 times (x 69B)
Class [Lorg.jetbrains.kotlin.gradle.plugin.KotlinPluginLifecycle$CoroutineStart;      : loaded 2 times (x 67B)
Class org.jetbrains.kotlin.gradle.plugin.KotlinPlatformType$Companion                 : loaded 2 times (x 69B)
Class kotlin.reflect.jvm.internal.KClassImpl$Data$$Lambda$8                           : loaded 2 times (x 74B)
Class com.google.wireless.android.sdk.stats.LldbPerformanceStats                      : loaded 2 times (x 196B)
Class kotlin.reflect.jvm.internal.KClassImpl$Data$$Lambda$9                           : loaded 2 times (x 74B)
Class kotlin.reflect.jvm.internal.impl.name.StandardClassIds                          : loaded 2 times (x 69B)
Class org.jetbrains.kotlin.gradle.tasks.configuration.BaseKotlinCompileConfig$1$classpathConfiguration$jvmToolchain$1: loaded 2 times (x 72B)
Class org.jetbrains.kotlin.gradle.tooling.BuildKotlinToolingMetadataTaskKt            : loaded 2 times (x 69B)
Class org.jetbrains.kotlin.statistics.BuildSessionLogger                              : loaded 2 times (x 75B)
Class com.google.wireless.android.sdk.stats.AdbServerState                            : loaded 2 times (x 200B)
Class com.google.wireless.android.sdk.stats.GradlePluginUpgradeDialogStatsOrBuilder   : loaded 2 times (x 68B)
Class com.android.resources.GrammaticalGender                                         : loaded 2 times (x 84B)
Class com.android.ide.common.resources.configuration.ScreenOrientationQualifier       : loaded 2 times (x 88B)
Class com.android.tools.lint.model.LintModelModuleLibrary                             : loaded 2 times (x 68B)
Class org.jetbrains.kotlin.gradle.plugin.internal.CustomPropertiesFileValueSource     : loaded 2 times (x 80B)
Class [Lcom.android.resources.HighDynamicRange;                                       : loaded 2 times (x 67B)
Class org.jetbrains.kotlin.statistics.metrics.BooleanOverridePolicy                   : loaded 2 times (x 83B)
Class org.jetbrains.kotlin.gradle.plugin.sources.DefaultLanguageSettingsBuilder       : loaded 2 times (x 98B)
Class [Lkotlin.reflect.jvm.internal.impl.name.ClassId;                                : loaded 2 times (x 67B)
Class org.codehaus.groovy.runtime.dgmimpl.arrays.BooleanArrayPutAtMetaMethod          : loaded 2 times (x 95B)
Class org.jetbrains.kotlin.gradle.plugin.mpp.compilationImpl.KotlinCreateSourcesJarTaskSideEffectKt$KotlinCreateSourcesJarTaskSideEffect$1: loaded 2 times (x 72B)
Class org.jetbrains.kotlin.gradle.internal.UsesClassLoadersCachingBuildService        : loaded 2 times (x 68B)
Class org.jetbrains.kotlin.gradle.plugin.VariantImplementationFactoriesConfigurator$Companion$getProvider$1: loaded 2 times (x 72B)
Class com.google.wireless.android.sdk.stats.RunFinishData                             : loaded 2 times (x 194B)
Class com.google.wireless.android.sdk.stats.IntelliJNewUIState                        : loaded 2 times (x 192B)
Class org.objectweb.asm.Handle                                                        : loaded 2 times (x 70B)
Class kotlin.collections.MutableMapWithDefaultImpl                                    : loaded 2 times (x 142B)
Class com.google.protobuf.Utf8$UnsafeProcessor                                        : loaded 2 times (x 75B)
Class com.android.utils.SdkUtils                                                      : loaded 2 times (x 69B)
Class com.android.ide.common.resources.configuration.NavigationStateQualifier         : loaded 2 times (x 88B)
Class groovy.lang.MetaClassImpl$Index                                                 : loaded 2 times (x 86B)
Class com.android.SdkConstants                                                        : loaded 2 times (x 69B)
Class com.android.tools.lint.model.LintModelArtifactType                              : loaded 2 times (x 77B)
Class com.google.common.collect.AbstractMapBasedMultimap$AsMap                        : loaded 2 times (x 126B)
Class org.gradle.internal.classpath.DefaultClassPath                                  : loaded 2 times (x 88B)
Class com.google.common.collect.AbstractMultimap$Values                               : loaded 2 times (x 116B)
Class com.google.protobuf.ProtocolStringList                                          : loaded 2 times (x 68B)
Class kotlin.reflect.jvm.internal.KDeclarationContainerImpl$Data                      : loaded 2 times (x 70B)
Class com.google.wireless.android.sdk.stats.EditorPickerEventOrBuilder                : loaded 2 times (x 68B)
Class com.google.wireless.android.sdk.stats.NavEditorEventOrBuilder                   : loaded 2 times (x 68B)
Class com.google.common.collect.AbstractSetMultimap                                   : loaded 2 times (x 172B)
Class org.jetbrains.kotlin.gradle.tasks.configuration.BaseKotlinCompileConfig$2$1$1$1 : loaded 2 times (x 72B)
Class org.jetbrains.kotlin.gradle.tasks.configuration.KaptGenerateStubsConfig         : loaded 2 times (x 70B)
Class org.jetbrains.kotlin.gradle.plugin.KotlinBasePlugin                             : loaded 2 times (x 68B)
Class org.codehaus.groovy.ast.CompileUnit$ConstructedOuterNestedClassNode             : loaded 2 times (x 243B)
Class groovy.lang.GroovyRuntimeException                                              : loaded 2 times (x 85B)
Class com.google.protobuf.CodedOutputStream$OutputStreamEncoder                       : loaded 2 times (x 108B)
Class org.jetbrains.kotlin.gradle.tasks.configuration.BaseKotlinCompileConfig$2$1$1$2 : loaded 2 times (x 72B)
Class com.google.wireless.android.sdk.stats.ProjectViewSelectionChangeEventOrBuilder  : loaded 2 times (x 68B)
Class org.jetbrains.kotlin.statistics.metrics.BooleanMetrics                          : loaded 2 times (x 78B)
Class org.jetbrains.kotlin.gradle.plugin.diagnostics.checkers.WasmSourceSetsNotFoundChecker: loaded 2 times (x 72B)
Class org.jetbrains.kotlin.gradle.plugin.diagnostics.checkers.JsEnvironmentChecker$1  : loaded 2 times (x 76B)
Class org.jetbrains.kotlin.gradle.artifacts.KotlinLegacyCompatibilityMetadataArtifactKt: loaded 2 times (x 69B)
Class com.google.common.collect.AbstractMapBasedMultimap$1                            : loaded 2 times (x 82B)
Class [Lcom.android.resources.ScreenSize;                                             : loaded 2 times (x 67B)
Class com.google.common.hash.Hashing$Sha256Holder                                     : loaded 2 times (x 69B)
Class groovy.lang.Closure$1                                                           : loaded 2 times (x 131B)
Class kotlin.sequences.FlatteningSequence                                             : loaded 2 times (x 73B)
Class org.jetbrains.kotlin.gradle.plugin.mpp.KotlinCompilationsKt$moduleNameForCompilation$1: loaded 2 times (x 73B)
Class org.jetbrains.kotlin.gradle.plugin.diagnostics.checkers.JsEnvironmentChecker$2  : loaded 2 times (x 76B)
Class org.jetbrains.kotlin.gradle.plugin.KotlinGradlePluginExtensionPointInternal     : loaded 2 times (x 74B)
Class kotlin.reflect.jvm.internal.KProperty0Impl$$Lambda$0                            : loaded 2 times (x 74B)
Class kotlin.reflect.jvm.internal.ReflectProperties$LazySoftVal                       : loaded 2 times (x 76B)
Class com.google.common.collect.AbstractMapBasedMultimap$2                            : loaded 2 times (x 83B)
Class org.jetbrains.kotlin.gradle.plugin.mpp.KotlinNativeTarget                       : loaded 2 times (x 171B)
Class org.jetbrains.kotlin.gradle.plugin.diagnostics.checkers.JsEnvironmentChecker$3  : loaded 2 times (x 76B)
Class org.jetbrains.kotlin.gradle.plugin.KotlinGradleBuildServices$detectKotlinPluginLoadedInMultipleProjects$onRegister$1: loaded 2 times (x 77B)
Class groovy.lang.GroovyClassLoader$1                                                 : loaded 2 times (x 74B)
Class kotlin.reflect.jvm.internal.KProperty0Impl$$Lambda$1                            : loaded 2 times (x 74B)
Class kotlin.Result                                                                   : loaded 2 times (x 70B)
Class [Lorg.jetbrains.kotlin.compilerRunner.KotlinCompilerArgumentsLogLevel;          : loaded 2 times (x 67B)
Class com.google.wireless.android.sdk.stats.CoroutineDebuggerEvent                    : loaded 2 times (x 194B)
Class com.android.tools.lint.model.DefaultLintModelAndroidArtifact                    : loaded 2 times (x 89B)
Class com.android.Version                                                             : loaded 2 times (x 69B)
Class org.codehaus.groovy.ast.expr.LambdaExpression                                   : loaded 2 times (x 133B)
Class kotlin.annotation.Retention                                                     : loaded 2 times (x 68B)
Class kotlin.io.path.PathsKt__PathUtilsKt                                             : loaded 2 times (x 69B)
Class org.jetbrains.kotlin.gradle.targets.js.dsl.KotlinTargetWithNodeJsDsl            : loaded 2 times (x 68B)
Class [Lorg.jetbrains.kotlin.gradle.report.BuildReportType;                           : loaded 2 times (x 67B)
Class com.google.common.util.concurrent.AbstractFuture$SetFuture                      : loaded 2 times (x 73B)
Class org.apache.commons.io.Charsets                                                  : loaded 2 times (x 69B)
Class kotlin.jvm.internal.PropertyReference2                                          : loaded 2 times (x 125B)
Class org.codehaus.groovy.runtime.metaclass.ThreadManagedMetaBeanProperty             : loaded 2 times (x 84B)
Class org.jetbrains.kotlin.gradle.internal.StdlibDependencyManagementKt               : loaded 2 times (x 69B)
Class org.jetbrains.kotlin.gradle.plugin.diagnostics.checkers.OverriddenKotlinNativeHomeChecker$allKonanMainSubdirectoriesExist$1$1: loaded 2 times (x 73B)
Class com.google.protobuf.ExtensionRegistryLite                                       : loaded 2 times (x 72B)
Class [Lcom.android.tools.lint.model.LintModelModuleType;                             : loaded 2 times (x 67B)
Class com.google.wireless.android.sdk.stats.CppHeadersViewEventOrBuilder              : loaded 2 times (x 68B)
Class com.android.tools.lint.model.LintModelVariant                                   : loaded 2 times (x 68B)
Class com.google.protobuf.MessageLite$Builder                                         : loaded 2 times (x 68B)
Class groovy.lang.MetaClass                                                           : loaded 2 times (x 68B)
Class com.google.wireless.android.sdk.stats.KotlinSupportDeclined                     : loaded 2 times (x 192B)
Class kotlin.collections.builders.MapBuilder$Itr                                      : loaded 2 times (x 70B)
Class org.jetbrains.kotlin.gradle.plugin.internal.state.TaskExecutionResults          : loaded 2 times (x 69B)
Class org.jetbrains.kotlin.gradle.plugin.mpp.KotlinUsages$KotlinCinteropDisambiguation: loaded 2 times (x 74B)
Class org.jetbrains.kotlin.statistics.metrics.NumberOverridePolicy                    : loaded 2 times (x 83B)
Class com.android.ide.common.resources.configuration.TouchScreenQualifier             : loaded 2 times (x 88B)
Class kotlin.jvm.internal.Ref$BooleanRef                                              : loaded 2 times (x 69B)
Class [Lorg.codehaus.groovy.runtime.callsite.CallSite;                                : loaded 2 times (x 67B)
Class com.android.resources.KeyboardState                                             : loaded 2 times (x 84B)
Class org.codehaus.groovy.reflection.stdclasses.CharacterCachedClass                  : loaded 2 times (x 93B)
Class org.jetbrains.kotlin.gradle.plugin.AbstractKotlinPlugin                         : loaded 2 times (x 77B)
Class org.jetbrains.kotlin.gradle.plugin.diagnostics.checkers.WasmWasiEnvironmentChecker: loaded 2 times (x 74B)
Class [Lcom.android.resources.TouchScreen;                                            : loaded 2 times (x 67B)
Class com.google.wireless.android.sdk.stats.AdbAssistantStats                         : loaded 2 times (x 192B)
Class com.android.tools.lint.model.LintModelBuildFeatures                             : loaded 2 times (x 68B)
Class com.google.wireless.android.sdk.stats.GradlePluginDslUsageStats                 : loaded 2 times (x 196B)
Class kotlin.sequences.FlatteningSequence$iterator$1                                  : loaded 2 times (x 77B)
Class org.jetbrains.kotlin.gradle.plugin.KotlinPlatformPluginBase                     : loaded 2 times (x 74B)
Class kotlin.annotation.MustBeDocumented                                              : loaded 2 times (x 68B)
Class jdk.internal.jimage.BasicImageReader                                            : loaded 2 times (x 93B)
Class kotlin.jvm.internal.PropertyReference1                                          : loaded 2 times (x 125B)
Class org.codehaus.groovy.runtime.metaclass.MetaMethodIndex$CacheEntry                : loaded 2 times (x 70B)
Class kotlin.reflect.jvm.internal.impl.utils.CollectionsKt                            : loaded 2 times (x 69B)
Class com.google.common.collect.ImmutableSortedMap$1EntrySet                          : loaded 2 times (x 151B)
Class org.jetbrains.kotlin.gradle.dsl.KotlinMultiplatformSourceSetConventions         : loaded 2 times (x 68B)
Class kotlin.jvm.internal.PropertyReference0                                          : loaded 2 times (x 125B)
Class org.jetbrains.kotlin.gradle.plugin.KotlinTargetPreset                           : loaded 2 times (x 68B)
Class it.unimi.dsi.fastutil.BidirectionalIterator                                     : loaded 2 times (x 68B)
Class kotlin.reflect.jvm.internal.KPropertyImpl                                       : loaded 2 times (x 113B)
Class com.android.resources.ResourceType$Kind                                         : loaded 2 times (x 77B)
Class org.codehaus.groovy.reflection.stdclasses.BigIntegerCachedClass                 : loaded 2 times (x 93B)
Class org.jetbrains.kotlin.gradle.plugin.diagnostics.checkers.OverriddenKotlinNativeHomeChecker: loaded 2 times (x 72B)
Class org.jetbrains.kotlin.statistics.AnonymizerUtilsKt                               : loaded 2 times (x 69B)
Class org.jetbrains.kotlin.build.report.metrics.BuildAttributeKind                    : loaded 2 times (x 77B)
Class com.google.wireless.android.sdk.stats.PreviewRefreshEvent                       : loaded 2 times (x 208B)
Class kotlin.annotation.AnnotationRetention                                           : loaded 2 times (x 77B)
Class [Lorg.jetbrains.kotlin.gradle.tasks.KotlinCompilerExecutionStrategy;            : loaded 2 times (x 67B)
Class org.jetbrains.kotlin.gradle.plugin.mpp.compilationImpl.KotlinCompilationSourceSetInclusion$DefaultAddSourcesToCompileTask: loaded 2 times (x 72B)
Class org.jetbrains.kotlin.gradle.targets.js.npm.DefaultDevNpmDependencyExtension     : loaded 2 times (x 143B)
Class kotlin.reflect.jvm.internal.impl.builtins.functions.FunctionTypeKind$KSuspendFunction: loaded 2 times (x 70B)
Class org.jetbrains.kotlin.gradle.plugin.mpp.KotlinOnlyTarget                         : loaded 2 times (x 157B)
Class com.android.ide.common.resources.configuration.ScreenRatioQualifier             : loaded 2 times (x 89B)
Class groovyjarjarasm.asm.ByteVector                                                  : loaded 2 times (x 77B)
Class com.android.ide.common.gradle.Version$Companion$ParseState$EMPTY                : loaded 2 times (x 72B)
Class org.jetbrains.kotlin.gradle.plugin.mpp.compilationImpl.KotlinCompilationFriendPathsResolver: loaded 2 times (x 68B)
Class groovy.lang.Writable                                                            : loaded 2 times (x 68B)
Class kotlin.reflect.jvm.internal.impl.name.ClassId$Companion                         : loaded 2 times (x 69B)
Class com.android.sdklib.AndroidVersion                                               : loaded 2 times (x 73B)
Class org.jetbrains.kotlin.gradle.dsl.KotlinJvmCompile                                : loaded 2 times (x 68B)
Class org.jetbrains.kotlin.gradle.plugin.sources.DefaultKotlinSourceSetKt$defaultSourceSetLanguageSettingsChecker$1: loaded 2 times (x 76B)
Class com.google.protobuf.CodedInputStream$ArrayDecoder                               : loaded 2 times (x 118B)
Class com.google.common.collect.ImmutableMultisetGwtSerializationDependencies         : loaded 2 times (x 123B)
Class org.jetbrains.kotlin.gradle.plugin.sources.DefaultKotlinSourceSetKt$defaultSourceSetLanguageSettingsChecker$2: loaded 2 times (x 76B)
Class [Lcom.android.resources.ScreenRatio;                                            : loaded 2 times (x 67B)
Class com.google.wireless.android.sdk.stats.ParallelAndroidTestReportUiEvent          : loaded 2 times (x 199B)
Class com.google.wireless.android.sdk.stats.AndroidStudioEvent$IdeBrand               : loaded 2 times (x 85B)
Class org.codehaus.groovy.control.MultipleCompilationErrorsException                  : loaded 2 times (x 88B)
Class kotlin.reflect.KTypeParameter                                                   : loaded 2 times (x 68B)
Class org.jetbrains.kotlin.statistics.metrics.StringAnonymizationPolicy$AllowedListAnonymizer$Companion: loaded 2 times (x 69B)
Class com.google.wireless.android.sdk.stats.EmulatorDetails                           : loaded 2 times (x 297B)
Class com.google.wireless.android.sdk.stats.LintAction                                : loaded 2 times (x 202B)
Class org.codehaus.groovy.classgen.BytecodeExpression                                 : loaded 2 times (x 126B)
Class kotlin.reflect.jvm.internal.ClassValueCache                                     : loaded 2 times (x 72B)
Class org.jetbrains.kotlin.gradle.plugin.statistics.BuildFinishMetrics$reportGlobalMetrics$1: loaded 2 times (x 77B)
Class com.google.common.reflect.TypeParameter                                         : loaded 2 times (x 70B)
Class org.jetbrains.kotlin.gradle.report.BuildReportMode$Companion                    : loaded 2 times (x 69B)
Class com.google.wireless.android.sdk.stats.BuildAttributionStats                     : loaded 2 times (x 204B)
Class org.codehaus.groovy.runtime.MethodClosure                                       : loaded 2 times (x 133B)
Class org.jetbrains.kotlin.statistics.BuildSessionLogger$Companion$listProfileFiles$lambda$3$$inlined$sortedBy$1: loaded 2 times (x 87B)
Class com.google.common.collect.ImmutableListMultimap                                 : loaded 2 times (x 174B)
Class org.jetbrains.kotlin.gradle.plugin.mpp.KotlinTargetSoftwareComponentImpl        : loaded 2 times (x 88B)
Class com.google.common.cache.LocalCache$LocalManualCache$1                           : loaded 2 times (x 73B)
Class kotlin.reflect.jvm.internal.impl.builtins.jvm.JavaToKotlinClassMap              : loaded 2 times (x 69B)
Class kotlin.ranges.IntProgressionIterator                                            : loaded 2 times (x 80B)
Class org.jetbrains.kotlin.gradle.plugin.KotlinPluginLifecycleCoroutineContextElement : loaded 2 times (x 82B)
Class org.jetbrains.kotlin.gradle.plugin.diagnostics.KotlinGradleProjectChecker       : loaded 2 times (x 68B)
Class [Lorg.jetbrains.kotlin.statistics.metrics.StringMetrics;                        : loaded 2 times (x 67B)
Class kotlin.jvm.JvmClassMappingKt                                                    : loaded 2 times (x 69B)
Class org.jetbrains.kotlin.gradle.plugin.diagnostics.TransformActionUsingKotlinToolingDiagnostics$Companion: loaded 2 times (x 69B)
Class org.jetbrains.kotlin.gradle.internal.ClassLoadersCachingBuildService$Companion$registerIfAbsent$1$1: loaded 2 times (x 77B)
Class jdk.internal.jimage.ImageLocation                                               : loaded 2 times (x 88B)
Class com.android.tools.lint.model.LintModelArtifact                                  : loaded 2 times (x 68B)
Class Build_gradle$3                                                                  : loaded 2 times (x 72B)
Class org.jetbrains.kotlin.gradle.plugin.statistics.KotlinBuildStatisticsUtilsKt$collectGeneralConfigurationTimeMetrics$statisticOverhead$1$2: loaded 2 times (x 73B)
Class [Lorg.jetbrains.kotlin.gradle.plugin.sources.ConsistencyCheck;                  : loaded 2 times (x 67B)
Class org.jetbrains.kotlin.gradle.plugin.KotlinSourceSet                              : loaded 2 times (x 68B)
Class com.google.wireless.android.sdk.stats.ComposeSampleEvent                        : loaded 2 times (x 192B)
Class com.google.common.reflect.Types$ClassOwnership$1LocalClass                      : loaded 2 times (x 69B)
Class org.jetbrains.kotlin.gradle.plugin.ProjectLocalConfigurations$ProjectLocalCompatibility: loaded 2 times (x 74B)
Class com.google.wireless.android.sdk.stats.StudioPerformanceStatsOrBuilder           : loaded 2 times (x 68B)
Class com.google.wireless.android.sdk.stats.TestRunOrBuilder                          : loaded 2 times (x 68B)
Class com.google.wireless.android.sdk.stats.DeviceInfoOrBuilder                       : loaded 2 times (x 68B)
Class com.google.wireless.android.sdk.stats.IDeviceUsageEventOrBuilder                : loaded 2 times (x 68B)
Class [Lcom.android.prefs.VariableType;                                               : loaded 2 times (x 67B)
Class org.jetbrains.kotlin.konan.target.HostManager                                   : loaded 2 times (x 70B)
Class org.jetbrains.kotlin.gradle.targets.js.npm.NpmDirectoryDependencyWithExternalsExtension: loaded 2 times (x 68B)
Class org.jetbrains.kotlin.gradle.report.BuildMetricsService$Companion                : loaded 2 times (x 69B)
Class [Lorg.jetbrains.kotlin.build.report.metrics.BuildAttributeKind;                 : loaded 2 times (x 67B)
Class com.google.common.collect.Lists$RandomAccessReverseList                         : loaded 2 times (x 160B)
Class org.jetbrains.kotlin.gradle.plugin.KotlinGradlePluginExtensionPoint             : loaded 2 times (x 68B)
Class org.jetbrains.kotlin.gradle.plugin.StatisticsBuildFlowManager_Decorated         : loaded 2 times (x 117B)
Class kotlin.text.MatchResult                                                         : loaded 2 times (x 68B)
Class [Lorg.jetbrains.kotlin.gradle.plugin.mpp.KotlinUsageContext$MavenScope;         : loaded 2 times (x 67B)
Class org.jetbrains.kotlin.gradle.utils.Completable                                   : loaded 2 times (x 70B)
Class com.google.wireless.android.sdk.stats.PromptLibraryEvent                        : loaded 2 times (x 197B)
Class com.google.wireless.android.sdk.stats.IDeviceUsageEvent                         : loaded 2 times (x 196B)
Class com.google.wireless.android.sdk.stats.DeviceInfo                                : loaded 2 times (x 233B)
Class com.google.wireless.android.sdk.stats.LintTooltipLinkEventOrBuilder             : loaded 2 times (x 68B)
Class org.codehaus.groovy.util.ReferenceManager                                       : loaded 2 times (x 74B)
Class kotlin.jvm.functions.Function3                                                  : loaded 2 times (x 68B)
Class [Lcom.google.common.collect.AbstractIterator$State;                             : loaded 2 times (x 67B)
Class org.objectweb.asm.SymbolTable$Entry                                             : loaded 2 times (x 72B)
Class [Lcom.google.common.cache.LocalCache$EntryFactory;                              : loaded 2 times (x 67B)
Class com.android.prefs.Global                                                        : loaded 2 times (x 78B)
Class com.google.wireless.android.sdk.stats.GfxTracingDetails                         : loaded 2 times (x 209B)
Class com.google.wireless.android.sdk.stats.AndroidStudioEvent$IdeBrand$1             : loaded 2 times (x 74B)
Class kotlin.jvm.functions.Function4                                                  : loaded 2 times (x 68B)
Class [Lorg.jetbrains.kotlin.tooling.core.HasExtras;                                  : loaded 2 times (x 67B)
Class com.google.wireless.android.sdk.stats.ThreadingAgentUsageEvent                  : loaded 2 times (x 194B)
Class com.google.wireless.android.sdk.stats.SdkIndexProjectStatsOrBuilder             : loaded 2 times (x 68B)
Class kotlin.jvm.functions.Function5                                                  : loaded 2 times (x 68B)
Class jdk.internal.jimage.ImageReader$Node                                            : loaded 2 times (x 82B)
Class com.google.wireless.android.sdk.stats.OptOutOfMetricsOrBuilder                  : loaded 2 times (x 68B)
Class groovyjarjarasm.asm.Opcodes                                                     : loaded 2 times (x 68B)
Class kotlin.jvm.functions.Function6                                                  : loaded 2 times (x 68B)
Class kotlin.jvm.internal.PropertyReference0Impl                                      : loaded 2 times (x 125B)
Class org.jetbrains.kotlin.konan.target.KonanTarget$IOS_ARM64                         : loaded 2 times (x 76B)
Class org.jetbrains.kotlin.gradle.plugin.KotlinTarget                                 : loaded 2 times (x 68B)
Class kotlin.jvm.functions.Function7                                                  : loaded 2 times (x 68B)
Class org.jetbrains.kotlin.gradle.targets.js.npm.NpmDependencyExtensionKt             : loaded 2 times (x 69B)
Class groovyjarjarasm.asm.MethodTooLargeException                                     : loaded 2 times (x 81B)
Class org.codehaus.groovy.util.ReferenceManager$CallBackedManager                     : loaded 2 times (x 74B)
Class kotlin.jvm.functions.Function8                                                  : loaded 2 times (x 68B)
Class org.jetbrains.kotlin.gradle.tasks.KotlinCompilerPluginData$InputsOutputsState   : loaded 2 times (x 70B)
Class com.google.protobuf.UnsafeUtil$Android64MemoryAccessor                          : loaded 2 times (x 89B)
Class kotlin.jvm.functions.Function9                                                  : loaded 2 times (x 68B)
Class groovy.lang.MutableMetaClass                                                    : loaded 2 times (x 68B)
Class org.jetbrains.kotlin.konan.target.KonanTarget$ANDROID_ARM32                     : loaded 2 times (x 76B)
Class org.jetbrains.kotlin.konan.target.KonanTarget$LINUX_X64                         : loaded 2 times (x 76B)
Class com.google.protobuf.Utf8$SafeProcessor                                          : loaded 2 times (x 75B)
Class com.google.wireless.android.sdk.stats.EditorPickerEvent                         : loaded 2 times (x 198B)
Class com.google.wireless.android.sdk.stats.DeviceManagerEvent                        : loaded 2 times (x 194B)
Class com.google.common.collect.Maps$AbstractFilteredMap                              : loaded 2 times (x 125B)
Class com.android.tools.analytics.HostData$osBean$2                                   : loaded 2 times (x 76B)
Class com.google.common.base.Suppliers$NonSerializableMemoizingSupplier               : loaded 2 times (x 77B)
Class org.jetbrains.kotlin.gradle.plugin.diagnostics.checkers.PreHmppDependenciesUsageChecker: loaded 2 times (x 72B)
Class org.codehaus.groovy.vmplugin.v9.ClassFinder                                     : loaded 2 times (x 69B)
Class com.google.wireless.android.sdk.stats.JvmDetails$1                              : loaded 2 times (x 149B)
Class com.google.wireless.android.sdk.stats.ApkDebugProject                           : loaded 2 times (x 194B)
Class com.google.wireless.android.sdk.stats.VsPluginEventOrBuilder                    : loaded 2 times (x 68B)
Class org.codehaus.groovy.ast.stmt.IfStatement                                        : loaded 2 times (x 114B)
Class org.jetbrains.kotlin.gradle.plugin.mpp.InternalKotlinTargetKt$isSourcesPublishableFuture$2: loaded 2 times (x 93B)
Class com.google.protobuf.ByteString$ArraysByteArrayCopier                            : loaded 2 times (x 72B)
Class org.codehaus.groovy.control.CompilationUnit$PhaseOperation                      : loaded 2 times (x 68B)
Class org.jetbrains.kotlin.gradle.plugin.KotlinCompilationInfoKt                      : loaded 2 times (x 69B)
Class com.android.prefs.PathLocator$WhenMappings                                      : loaded 2 times (x 69B)
Class org.jetbrains.kotlin.gradle.plugin.statistics.KotlinBuildStatsLoggerService$reportBuildFinished$1: loaded 2 times (x 77B)
Class org.jetbrains.kotlin.gradle.plugin.statistics.BuildFusService$Companion$registerIfAbsentImpl$2$1: loaded 2 times (x 73B)
Class com.google.protobuf.Reader                                                      : loaded 2 times (x 68B)
Class com.android.resources.ScreenRound                                               : loaded 2 times (x 84B)
Class org.jetbrains.kotlin.gradle.plugin.KotlinGradleFinishBuildHandler$Companion     : loaded 2 times (x 69B)
Class com.google.wireless.android.sdk.stats.DaggerEditorEventOrBuilder                : loaded 2 times (x 68B)
Class org.jetbrains.kotlin.gradle.artifacts.KotlinJsKlibArtifactKt$KotlinJsKlibArtifact$1: loaded 2 times (x 72B)
Class org.jetbrains.kotlin.gradle.plugin.KotlinTargetsContainer                       : loaded 2 times (x 68B)
Class org.codehaus.groovy.util.ManagedConcurrentMap$Entry                             : loaded 2 times (x 90B)
Class kotlin.reflect.jvm.internal.CachesKt                                            : loaded 2 times (x 69B)
Class org.jetbrains.kotlin.project.model.LanguageSettings                             : loaded 2 times (x 68B)
Class it.unimi.dsi.fastutil.ints.IntSpliterator                                       : loaded 2 times (x 68B)
Class com.google.wireless.android.sdk.stats.GradleVersionCatalogDetectorEvent         : loaded 2 times (x 192B)
Class com.google.wireless.android.sdk.stats.DynamicLayoutInspectorEvent               : loaded 2 times (x 208B)
Class [Lkotlin.sequences.Sequence;                                                    : loaded 2 times (x 67B)
Class com.google.common.collect.ImmutableSetMultimap                                  : loaded 2 times (x 178B)
Class com.google.wireless.android.sdk.stats.LldbSessionEndDetailsOrBuilder            : loaded 2 times (x 68B)
Class org.codehaus.groovy.ast.PropertyNode                                            : loaded 2 times (x 153B)
Class org.codehaus.groovy.runtime.metaclass.NewStaticMetaMethod                       : loaded 2 times (x 97B)
Class kotlin._Assertions                                                              : loaded 2 times (x 69B)
Class org.jetbrains.kotlin.gradle.plugin.sources.DefaultKotlinSourceSetKt             : loaded 2 times (x 69B)
Class kotlin.io.path.PathsKt__PathReadWriteKt                                         : loaded 2 times (x 69B)
Class [Lkotlin.coroutines.intrinsics.CoroutineSingletons;                             : loaded 2 times (x 67B)
Class com.google.wireless.android.sdk.stats.SmlChatBotEventOrBuilder                  : loaded 2 times (x 68B)
Class org.codehaus.groovy.runtime.dgmimpl.NumberNumberDiv                             : loaded 2 times (x 112B)
Class kotlin.reflect.jvm.internal.CacheByClass                                        : loaded 2 times (x 71B)
Class kotlin.sequences.EmptySequence                                                  : loaded 2 times (x 76B)
Class org.jetbrains.kotlin.gradle.tasks.CompileUsingKotlinDaemonWithNormalization     : loaded 2 times (x 68B)
Class com.google.protobuf.AbstractProtobufList                                        : loaded 2 times (x 189B)
Class org.codehaus.groovy.util.AbstractConcurrentMap$Segment                          : loaded 2 times (x 83B)
Class kotlin.ranges.ClosedRange                                                       : loaded 2 times (x 68B)
Class com.android.tools.lint.model.LintModelLibrary                                   : loaded 2 times (x 68B)
Class com.google.common.io.Resources$UrlByteSource                                    : loaded 2 times (x 83B)
Class com.google.common.collect.AbstractMapBasedMultimap$WrappedSet                   : loaded 2 times (x 140B)
Class com.android.tools.lint.model.LintModelLibraryResolver                           : loaded 2 times (x 68B)
Class com.google.wireless.android.sdk.stats.OptOutOfMetrics                           : loaded 2 times (x 190B)
Class com.google.wireless.android.sdk.stats.StudioCoreGeminiActionsEventOrBuilder     : loaded 2 times (x 68B)
Class org.apache.commons.io.CloseableURLConnection                                    : loaded 2 times (x 114B)
Class org.jetbrains.kotlin.gradle.tasks.KotlinJvmCompile$DefaultImpls                 : loaded 2 times (x 69B)
Class org.jetbrains.kotlin.gradle.plugin.sources.DefaultKotlinSourceSet$special$$inlined$Iterable$1: loaded 2 times (x 77B)
Class org.jetbrains.kotlin.gradle.plugin.diagnostics.KotlinGradleProjectCheckersRunnerKt: loaded 2 times (x 69B)
Class jdk.internal.jrtfs.JrtPath                                                      : loaded 2 times (x 116B)
Class org.codehaus.groovy.util.AbstractConcurrentMapBase                              : loaded 2 times (x 75B)
Class org.jetbrains.kotlin.statistics.BuildSession                                    : loaded 2 times (x 70B)
Class org.jetbrains.kotlin.gradle.plugin.BuildFinishFlowAction$Parameters             : loaded 2 times (x 68B)
Class org.jetbrains.kotlin.gradle.plugin.statistics.KotlinBuildStatsBeanService$Companion$initStatsService$1: loaded 2 times (x 77B)
Class com.google.wireless.android.sdk.stats.SmlConfigurationEvent                     : loaded 2 times (x 202B)
Class kotlin.jvm.internal.AdaptedFunctionReference                                    : loaded 2 times (x 75B)
Class com.google.common.reflect.TypeResolver$TypeTable$1                              : loaded 2 times (x 71B)
Class kotlin.collections.CharIterator                                                 : loaded 2 times (x 80B)
Class org.jetbrains.kotlin.gradle.plugin.KotlinTargetWithTests                        : loaded 2 times (x 68B)
Class com.android.tools.analytics.HostData$graphicsEnvironment$2                      : loaded 2 times (x 76B)
Class kotlin.sequences.GeneratorSequence                                              : loaded 2 times (x 73B)
Class kotlin.Triple                                                                   : loaded 2 times (x 70B)
Class org.jetbrains.kotlin.gradle.plugin.mpp.compilationImpl.KotlinCompilationSourceSetInclusion$DefaultAddSourcesToCompileTask$addSources$1: loaded 2 times (x 77B)
Class org.jetbrains.kotlin.gradle.plugin.diagnostics.checkers.WasmJsEnvironmentChecker$1: loaded 2 times (x 76B)
Class com.google.common.hash.MessageDigestHashFunction                                : loaded 2 times (x 94B)
Class org.jetbrains.kotlin.gradle.plugin.mpp.compilationImpl.KotlinCompilationSourceSetInclusion$DefaultAddSourcesToCompileTask$addSources$2: loaded 2 times (x 77B)
Class org.jetbrains.kotlin.gradle.plugin.KotlinTargetComponent                        : loaded 2 times (x 68B)
Class org.jetbrains.kotlin.gradle.plugin.diagnostics.checkers.WasmJsEnvironmentChecker$2: loaded 2 times (x 76B)
Class org.codehaus.groovy.control.CompilationUnit$ISourceUnitOperation                : loaded 2 times (x 68B)
Class org.jetbrains.kotlin.gradle.plugin.sources.DefaultKotlinSourceSet$MetadataDependencyTransformation: loaded 2 times (x 70B)
Class org.jetbrains.kotlin.gradle.plugin.diagnostics.checkers.WasmJsEnvironmentChecker$3: loaded 2 times (x 76B)
Class org.codehaus.groovy.ast.stmt.CatchStatement                                     : loaded 2 times (x 112B)
Class org.jetbrains.kotlin.gradle.plugin.diagnostics.checkers.WasmJsEnvironmentChecker$4: loaded 2 times (x 76B)
Class com.google.common.cache.CacheLoader                                             : loaded 2 times (x 72B)
Class org.codehaus.groovy.ast.MethodNode                                              : loaded 2 times (x 155B)
Class org.jetbrains.kotlin.gradle.plugin.mpp.KotlinUsageContext                       : loaded 2 times (x 68B)
Class org.jetbrains.kotlin.gradle.plugin.statistics.KotlinBuildStatsBeanService$Companion: loaded 2 times (x 69B)
Class jdk.internal.jimage.ImageStrings                                                : loaded 2 times (x 68B)
Class com.google.wireless.android.sdk.stats.SmlAiExcludeEvent                         : loaded 2 times (x 198B)
Class com.google.wireless.android.sdk.stats.SdkIndexLoadingDetailsOrBuilder           : loaded 2 times (x 68B)
Class com.google.wireless.android.sdk.stats.JvmDetails                                : loaded 2 times (x 212B)
Class org.jetbrains.kotlin.gradle.internal.Kapt3GradleSubplugin$Companion             : loaded 2 times (x 69B)
Class org.jetbrains.kotlin.gradle.internal.properties.NativePropertiesLoader$isToolchainEnabled$1: loaded 2 times (x 73B)
Class kotlin.jvm.internal.SpreadBuilder                                               : loaded 2 times (x 74B)
Class kotlin.reflect.KAnnotatedElement                                                : loaded 2 times (x 68B)
Class org.jetbrains.kotlin.gradle.plugin.mpp.KotlinVariantWithCoordinates             : loaded 2 times (x 106B)
Class [Lorg.jetbrains.kotlin.statistics.metrics.BooleanAnonymizationPolicy;           : loaded 2 times (x 67B)
Class org.objectweb.asm.MethodTooLargeException                                       : loaded 2 times (x 81B)
Class com.android.ide.common.resources.configuration.WideGamutColorQualifier          : loaded 2 times (x 89B)
Class com.google.wireless.android.sdk.stats.GradleCppSyncStats                        : loaded 2 times (x 200B)
Class kotlin.text.CharsKt                                                             : loaded 2 times (x 69B)
Class com.android.resources.Density                                                   : loaded 2 times (x 90B)
Class org.codehaus.groovy.runtime.ComposedClosure                                     : loaded 2 times (x 130B)
Class org.codehaus.groovy.reflection.ParameterTypes                                   : loaded 2 times (x 80B)
Class com.google.wireless.android.sdk.stats.RunStartData                              : loaded 2 times (x 199B)
Class com.android.tools.analytics.HostData$runtimeBean$2                              : loaded 2 times (x 76B)
Class org.jetbrains.kotlin.gradle.plugin.diagnostics.checkers.DisabledNativeTargetsChecker$runChecks$1: loaded 2 times (x 86B)
Class org.jetbrains.kotlin.gradle.utils.StoredPropertyKt$projectStoredProperty$1      : loaded 2 times (x 76B)
Class org.jetbrains.kotlin.gradle.targets.native.KotilnNativeConfigureBinariesSideEffectKt: loaded 2 times (x 69B)
Class jdk.internal.jrtfs.JrtFileAttributes                                            : loaded 2 times (x 81B)
Class kotlin.reflect.jvm.internal.KProperty0Impl                                      : loaded 2 times (x 126B)
Class com.android.tools.lint.model.LintModelSerialization$TargetFile                  : loaded 2 times (x 77B)
Class org.jetbrains.kotlin.gradle.plugin.diagnostics.checkers.OverriddenKotlinNativeHomeChecker$StdlibExistenceCheckerValueSource$Companion: loaded 2 times (x 69B)
Class org.jetbrains.kotlin.gradle.utils.StoredPropertyStorage                         : loaded 2 times (x 70B)
Class com.google.protobuf.LazyStringArrayList                                         : loaded 2 times (x 274B)
Class com.google.wireless.android.sdk.stats.GoogleLoginPluginEventOrBuilder           : loaded 2 times (x 68B)
Class [Lorg.codehaus.groovy.reflection.CachedClass;                                   : loaded 2 times (x 67B)
Class [Lorg.codehaus.groovy.reflection.ParameterTypes;                                : loaded 2 times (x 67B)
Class [Lgroovy.lang.groovydoc.GroovydocHolder;                                        : loaded 2 times (x 67B)
Class org.jetbrains.kotlin.gradle.utils.GradleUtilsKt                                 : loaded 2 times (x 69B)
Class com.android.ide.common.rendering.api.StyleResourceValueImpl                     : loaded 2 times (x 117B)
Class com.android.tools.analytics.CommonMetricsData                                   : loaded 2 times (x 69B)
Class kotlin.InitializedLazyImpl                                                      : loaded 2 times (x 74B)
Class kotlin.sequences.SequencesKt__SequenceBuilderKt$sequence$$inlined$Sequence$1    : loaded 2 times (x 73B)
Class org.apache.commons.io.output.NullWriter                                         : loaded 2 times (x 97B)
Class org.jetbrains.kotlin.gradle.plugin.statistics.old.Pre232IdeaKotlinBuildStatsBeanService: loaded 2 times (x 93B)
Class com.google.common.cache.Cache                                                   : loaded 2 times (x 68B)
Class com.android.tools.analytics.Environment$SystemProperty                          : loaded 2 times (x 77B)
Class com.google.wireless.android.sdk.stats.DeviceExplorerEventOrBuilder              : loaded 2 times (x 68B)
Class groovy.lang.GroovySystem                                                        : loaded 2 times (x 69B)
Class com.android.resources.ResourceType                                              : loaded 2 times (x 77B)
Class com.google.protobuf.CodedOutputStream$UnsafeDirectNioEncoder                    : loaded 2 times (x 108B)
Class com.google.common.collect.Maps$EntrySet                                         : loaded 2 times (x 134B)
Class com.android.ide.common.resources.configuration.UiModeQualifier                  : loaded 2 times (x 88B)
Class org.jetbrains.kotlin.config.ApiVersion                                          : loaded 2 times (x 84B)
Class org.jetbrains.kotlin.gradle.plugin.mpp.AbstractKotlinCompilationToRunnableFiles : loaded 2 times (x 194B)
Class org.jetbrains.kotlin.gradle.utils.PersistentCachesKt                            : loaded 2 times (x 69B)
Class com.google.wireless.android.sdk.stats.VsPluginEvent                             : loaded 2 times (x 199B)
Class groovy.lang.MetaClassImpl$MethodIndex                                           : loaded 2 times (x 87B)
Class com.android.tools.lint.model.LintModelDependency                                : loaded 2 times (x 68B)
Class org.gradle.internal.classloader.SystemClassLoaderSpec                           : loaded 2 times (x 69B)
Class org.codehaus.groovy.util.ReferenceBundle                                        : loaded 2 times (x 72B)
Class kotlin.collections.builders.MapBuilderEntries                                   : loaded 2 times (x 143B)
Class com.google.common.io.LineBuffer                                                 : loaded 2 times (x 73B)
Class org.jetbrains.kotlin.gradle.plugin.LanguageSettingsBuilder                      : loaded 2 times (x 68B)
Class org.jetbrains.kotlin.gradle.targets.native.ConfigureFrameworkExportSideEffectKt$special$$inlined$KotlinTargetSideEffect$1: loaded 2 times (x 72B)
Class org.jetbrains.kotlin.gradle.targets.native.toolchain.UsesKotlinNativeBundleBuildService: loaded 2 times (x 68B)
Class com.google.wireless.android.sdk.stats.ApplyChangesAgentError                    : loaded 2 times (x 202B)
Class groovyjarjarasm.asm.SymbolTable                                                 : loaded 2 times (x 70B)
Class [Lorg.codehaus.groovy.runtime.metaclass.MetaMethodIndex$Entry;                  : loaded 2 times (x 67B)
Class org.jetbrains.kotlin.statistics.metrics.OrMetricContainer                       : loaded 2 times (x 78B)
Class org.jetbrains.kotlin.statistics.metrics.StringAnonymizationPolicy$ComponentVersionAnonymizer: loaded 2 times (x 76B)
Class com.google.common.util.concurrent.internal.InternalFutureFailureAccess          : loaded 2 times (x 70B)
Class org.codehaus.groovy.runtime.InvokerHelper$NullScript                            : loaded 2 times (x 93B)
Class org.jetbrains.kotlin.build.report.metrics.BuildAttributeKind$Companion          : loaded 2 times (x 69B)
Class [Lkotlin.reflect.KCallable;                                                     : loaded 2 times (x 67B)
Class org.jetbrains.kotlin.gradle.plugin.KotlinSourceSetTree                          : loaded 2 times (x 70B)
Class com.android.ide.common.resources.configuration.VersionQualifier                 : loaded 2 times (x 86B)
Class org.codehaus.groovy.ast.ClassHelper$ClassHelperCache                            : loaded 2 times (x 69B)
Class org.codehaus.groovy.reflection.ReflectionUtils$ClassContextHelper               : loaded 2 times (x 99B)
Class [Lcom.android.tools.lint.model.LintModelNamespacingMode;                        : loaded 2 times (x 67B)
Class org.jetbrains.kotlin.gradle.plugin.VariantImplementationFactories$VariantImplementationFactory: loaded 2 times (x 68B)
Class org.jetbrains.kotlin.gradle.tasks.KotlinJavaToolchain                           : loaded 2 times (x 68B)
Class com.google.wireless.android.sdk.stats.TestRecorderDetails                       : loaded 2 times (x 194B)
Class org.jetbrains.kotlin.build.report.metrics.BuildAttribute                        : loaded 2 times (x 77B)
Class com.google.wireless.android.sdk.stats.DataBindingEvent                          : loaded 2 times (x 201B)
Class com.android.ide.common.resources.configuration.LayoutDirectionQualifier         : loaded 2 times (x 89B)
Class org.codehaus.groovy.runtime.memoize.EvictableCache                              : loaded 2 times (x 68B)
Class org.codehaus.groovy.ast.expr.ConstantExpression                                 : loaded 2 times (x 132B)
Class com.google.wireless.android.sdk.stats.InteractivePreviewEvent                   : loaded 2 times (x 202B)
Class kotlin.coroutines.intrinsics.IntrinsicsKt__IntrinsicsKt                         : loaded 2 times (x 69B)
Class org.codehaus.groovy.util.ManagedConcurrentMap$EntryWithValue                    : loaded 2 times (x 90B)
Class com.android.ide.common.rendering.api.ResourceNamespace$ResAutoNamespace         : loaded 2 times (x 78B)
Class com.google.wireless.android.sdk.stats.MemorySettingsEvent                       : loaded 2 times (x 202B)
Class com.google.protobuf.Message                                                     : loaded 2 times (x 68B)
Class org.codehaus.groovy.runtime.callsite.CallSiteAwareMetaMethod                    : loaded 2 times (x 95B)
Class it.unimi.dsi.fastutil.ints.IntArrays$ArrayHashStrategy                          : loaded 2 times (x 73B)
Class com.google.wireless.android.sdk.stats.ThreadingAgentUsageEventOrBuilder         : loaded 2 times (x 68B)
Class org.jetbrains.kotlin.gradle.plugin.mpp.compilationImpl.factory.ConfigurationNaming$Default: loaded 2 times (x 73B)
Class org.jetbrains.kotlin.gradle.plugin.KotlinGradleBuildServices$Parameters$Inject  : loaded 2 times (x 104B)
Class org.jetbrains.kotlin.gradle.utils.FileUtilsKt$localProperties$1                 : loaded 2 times (x 73B)
Class kotlin.reflect.jvm.internal.KMutableProperty0Impl$$Lambda$0                     : loaded 2 times (x 74B)
Class org.gradle.api.Action                                                           : loaded 2 times (x 68B)
Class com.google.common.reflect.Types$TypeVariableImpl                                : loaded 2 times (x 70B)
Class com.google.common.collect.Interners$InternerBuilder                             : loaded 2 times (x 74B)
Class [Lcom.android.resources.Keyboard;                                               : loaded 2 times (x 67B)
Class org.jetbrains.kotlin.gradle.plugin.mpp.compilationImpl.KotlinCompilationSourceSetInclusion$AddSourcesToCompileTask: loaded 2 times (x 68B)
Class com.google.wireless.android.sdk.stats.OomDialogEvent                            : loaded 2 times (x 208B)
Class it.unimi.dsi.fastutil.Function                                                  : loaded 2 times (x 68B)
Class org.jetbrains.kotlin.konan.util.Named                                           : loaded 2 times (x 68B)
Class org.jetbrains.kotlin.gradle.plugin.KotlinBasePluginWrapper                      : loaded 2 times (x 84B)
Class groovy.lang.EmptyRange                                                          : loaded 2 times (x 202B)
Class com.google.common.cache.CacheBuilder$OneWeigher                                 : loaded 2 times (x 80B)
Class kotlin.reflect.jvm.internal.KCallableImpl$$Lambda$0                             : loaded 2 times (x 74B)
Class org.jetbrains.kotlin.gradle.plugin.mpp.compilationImpl.KotlinCreateCompilationArchiveTaskKt$KotlinRegisterCompilationArchiveTasksExtension$1: loaded 2 times (x 72B)
Class groovyjarjarasm.asm.Edge                                                        : loaded 2 times (x 70B)
Class kotlin.reflect.jvm.internal.KCallableImpl$$Lambda$1                             : loaded 2 times (x 74B)
Class com.google.common.io.LineReader$1                                               : loaded 2 times (x 73B)
Class org.jetbrains.kotlin.gradle.tasks.configuration.TaskConfigAction                : loaded 2 times (x 70B)
Class kotlin.reflect.jvm.internal.KCallableImpl$$Lambda$2                             : loaded 2 times (x 74B)
Class org.jetbrains.kotlin.cli.common.messages.MessageRenderer                        : loaded 2 times (x 68B)
Class org.jetbrains.kotlin.gradle.plugin.SubpluginEnvironment$Companion               : loaded 2 times (x 69B)
Class org.codehaus.groovy.control.ResolveVisitor                                      : loaded 2 times (x 234B)
Class org.codehaus.groovy.util.SingleKeyHashMap$Copier                                : loaded 2 times (x 68B)
Class kotlin.reflect.jvm.internal.KCallableImpl$$Lambda$3                             : loaded 2 times (x 74B)
Class org.jetbrains.kotlin.cli.common.CompilerSystemProperties$Companion              : loaded 2 times (x 69B)
Class org.jetbrains.kotlin.konan.target.KonanTarget$WATCHOS_X64                       : loaded 2 times (x 76B)
Class org.jetbrains.kotlin.compilerRunner.GradleCliCommonizerKt$maybeCreateCommonizerClasspathConfiguration$1$1: loaded 2 times (x 73B)
Class kotlin.reflect.jvm.internal.KCallableImpl$$Lambda$4                             : loaded 2 times (x 74B)
Class org.jetbrains.kotlin.gradle.plugin.mpp.KotlinJvmAndroidCompilation              : loaded 2 times (x 196B)
Class org.jetbrains.kotlin.gradle.dsl.KotlinProjectExtension                          : loaded 2 times (x 120B)
Class com.android.resources.HighDynamicRange                                          : loaded 2 times (x 84B)
Class kotlin.reflect.jvm.internal.KCallableImpl$$Lambda$5                             : loaded 2 times (x 74B)
Class org.jetbrains.kotlin.gradle.internal.IdeaKt                                     : loaded 2 times (x 69B)
Class org.jetbrains.kotlin.gradle.plugin.KotlinPlatformType$CompatibilityRule         : loaded 2 times (x 74B)
Class org.jetbrains.kotlin.gradle.dsl.KotlinGradlePluginDsl                           : loaded 2 times (x 68B)
Class org.objectweb.asm.ClassWriter                                                   : loaded 2 times (x 104B)
Class com.google.wireless.android.play.playlog.proto.ClientAnalytics$LogEvent         : loaded 2 times (x 195B)
Class org.codehaus.groovy.control.messages.Message                                    : loaded 2 times (x 70B)
Class org.jetbrains.kotlin.gradle.tasks.KotlinJavaToolchain$JdkSetter                 : loaded 2 times (x 68B)
Class org.jetbrains.kotlin.gradle.targets.js.npm.NpmDependency                        : loaded 2 times (x 95B)
Class org.jetbrains.kotlin.gradle.plugin.AbstractKotlinMultiplatformPluginWrapper     : loaded 2 times (x 84B)
Class org.jetbrains.kotlin.gradle.plugin.KotlinGradleFinishBuildHandler               : loaded 2 times (x 70B)
Class com.google.wireless.android.sdk.stats.DaggerEditorEvent                         : loaded 2 times (x 202B)
Class org.jetbrains.kotlin.gradle.plugin.mpp.MppSourcesJarKt                          : loaded 2 times (x 69B)
Class org.jetbrains.kotlin.gradle.plugin.internal.UsesBuildIdProviderService          : loaded 2 times (x 68B)
Class org.jetbrains.kotlin.gradle.internal.KotlinDomApiDependencyManagementKt$configureKotlinDomApiDefaultDependency$1: loaded 2 times (x 77B)
Class com.google.wireless.android.sdk.stats.OptInToMetrics                            : loaded 2 times (x 190B)
Class org.codehaus.groovy.runtime.callsite.AbstractCallSite                           : loaded 2 times (x 143B)
Class org.jetbrains.kotlin.gradle.targets.js.dsl.KotlinWasmSubTargetContainerDsl      : loaded 2 times (x 68B)
Class org.jetbrains.kotlin.gradle.plugin.diagnostics.ToolingDiagnosticFactory         : loaded 2 times (x 71B)
Class org.jetbrains.kotlin.gradle.plugin.mpp.SyncLanguageSettingsWithKotlinExtensionSetupActionKt: loaded 2 times (x 69B)
Class kotlin.text.Charsets                                                            : loaded 2 times (x 69B)
Class org.jetbrains.kotlin.gradle.plugin.sources.KotlinDependencyScope$Companion      : loaded 2 times (x 69B)
Class org.jetbrains.kotlin.gradle.plugin.mpp.InternalKotlinTargetKt$special$$inlined$extrasStoredFuture$1: loaded 2 times (x 77B)
Class org.jetbrains.kotlin.gradle.plugin.mpp.compilationImpl.KotlinCreateLifecycleTasksSideEffectKt$KotlinCreateLifecycleTasksSideEffect$1: loaded 2 times (x 72B)
Class org.jetbrains.kotlin.gradle.targets.native.toolchain.KotlinNativeBundleBuildService$Companion: loaded 2 times (x 69B)
Class org.jetbrains.kotlin.gradle.plugin.KotlinGradleBuildServices$Companion$registerIfAbsent$1: loaded 2 times (x 73B)
Class com.google.wireless.android.sdk.stats.EditorHighlightingStatsOrBuilder          : loaded 2 times (x 68B)
Class com.google.wireless.android.sdk.stats.UserSentimentOrBuilder                    : loaded 2 times (x 68B)
Class kotlin.UnsafeLazyImpl                                                           : loaded 2 times (x 74B)
Class com.android.tools.analytics.JournalingUsageTracker$scheduleFlush$1              : loaded 2 times (x 73B)
Class org.codehaus.groovy.runtime.metaclass.MetaClassRegistryImpl                     : loaded 2 times (x 99B)
Class org.codehaus.groovy.ast.expr.MapExpression                                      : loaded 2 times (x 129B)
Class org.apache.commons.io.IOUtils                                                   : loaded 2 times (x 69B)
Class org.jetbrains.kotlin.gradle.plugin.hierarchy.KotlinSourceSetTreeClassifierKt$classify$1: loaded 2 times (x 86B)
Class org.jetbrains.kotlin.gradle.plugin.KotlinProjectSetupActionKt$KotlinProjectSetupCoroutine$1: loaded 2 times (x 73B)
Class org.jetbrains.kotlin.tooling.core.Extras$Key$Companion                          : loaded 2 times (x 69B)
Class org.codehaus.groovy.ast.stmt.ForStatement                                       : loaded 2 times (x 120B)
Class kotlin.jvm.internal.FunctionBase                                                : loaded 2 times (x 68B)
Class org.jetbrains.kotlin.gradle.internal.KotlinTestDependencyManagementKt$maybeAddTestDependencyCapability$1: loaded 2 times (x 73B)
Class com.android.ide.common.rendering.api.StyleableResourceValue                     : loaded 2 times (x 68B)
Class org.codehaus.groovy.runtime.callsite.CallSiteArray                              : loaded 2 times (x 70B)
Class org.codehaus.groovy.util.ReferenceManager$ThreadedReferenceManager              : loaded 2 times (x 75B)
Class it.unimi.dsi.fastutil.ints.IntArrays$ForkJoinQuickSort2                         : loaded 2 times (x 88B)
Class it.unimi.dsi.fastutil.objects.ObjectBidirectionalIterator                       : loaded 2 times (x 68B)
Class org.jetbrains.kotlin.gradle.plugin.diagnostics.checkers.IncorrectCompileOnlyDependenciesChecker$runChecks$1: loaded 2 times (x 86B)
Class com.android.ide.common.resources.configuration.ScreenHeightQualifier            : loaded 2 times (x 86B)
Class com.google.wireless.android.sdk.stats.UiDeviceSettingsEvent                     : loaded 2 times (x 192B)
Class org.codehaus.groovy.ast.stmt.ThrowStatement                                     : loaded 2 times (x 110B)
Class org.jetbrains.kotlin.gradle.plugin.diagnostics.checkers.UnusedSourceSetsChecker$runChecks$1: loaded 2 times (x 86B)
Class com.android.ide.common.rendering.api.ResourceNamespace                          : loaded 2 times (x 78B)
Class com.google.wireless.android.sdk.stats.FirebaseContextDetails                    : loaded 2 times (x 206B)
Class kotlin.text.MatcherMatchResult                                                  : loaded 2 times (x 78B)
Class com.google.common.collect.ForwardingSet                                         : loaded 2 times (x 149B)
Class kotlin.collections.MapWithDefault                                               : loaded 2 times (x 68B)
Class kotlin.io.LinesSequence                                                         : loaded 2 times (x 73B)
Class [Lcom.google.common.cache.CacheBuilder$OneWeigher;                              : loaded 2 times (x 67B)
Class com.google.common.collect.ImmutableSortedMap$1EntrySet$1                        : loaded 2 times (x 172B)
Class com.google.wireless.android.sdk.stats.GradleCppSyncStatsOrBuilder               : loaded 2 times (x 68B)
Class org.codehaus.groovy.runtime.DefaultGroovyMethods$1                              : loaded 2 times (x 76B)
Class org.jetbrains.kotlin.gradle.plugin.internal.BuildIdService$Companion            : loaded 2 times (x 69B)
Class org.jetbrains.kotlin.gradle.targets.js.npm.NpmDependency$Scope                  : loaded 2 times (x 77B)
Class org.codehaus.groovy.util.ManagedConcurrentLinkedQueue$Element                   : loaded 2 times (x 74B)
Class org.codehaus.groovy.control.CompilerConfiguration                               : loaded 2 times (x 120B)
Class org.jetbrains.kotlin.gradle.plugin.mpp.KotlinUsages$KotlinMetadataDisambiguation: loaded 2 times (x 74B)
Class org.jetbrains.kotlin.gradle.plugin.mpp.KotlinCompilationFactory                 : loaded 2 times (x 68B)
Class com.google.common.cache.LocalCache$ComputingValueReference                      : loaded 2 times (x 94B)
Class org.jetbrains.kotlin.gradle.tasks.DefaultKotlinJavaToolchain$Companion$wireJvmTargetToToolchain$1: loaded 2 times (x 73B)
Class kotlin.KotlinVersion                                                            : loaded 2 times (x 72B)
Class org.jetbrains.kotlin.compilerRunner.KotlinCompilerArgumentsLogLevel$Companion   : loaded 2 times (x 69B)
Class org.jetbrains.kotlin.cli.common.arguments.CommonCompilerArguments               : loaded 2 times (x 78B)
Class org.jetbrains.kotlin.gradle.tasks.DefaultKotlinJavaToolchain$Companion$wireJvmTargetToToolchain$2: loaded 2 times (x 73B)
Class groovyjarjarasm.asm.AnnotationVisitor                                           : loaded 2 times (x 76B)
Class kotlin.reflect.jvm.internal.impl.builtins.PrimitiveType                         : loaded 2 times (x 77B)
Class kotlin.reflect.jvm.internal.KProperty2Impl$$Lambda$0                            : loaded 2 times (x 74B)
Class com.android.tools.lint.model.DefaultLintModelLibraryResolver                    : loaded 2 times (x 74B)
Class com.google.common.collect.ImmutableList$SerializedForm                          : loaded 2 times (x 71B)
Class org.jetbrains.kotlin.gradle.dsl.KotlinJvmOptions                                : loaded 2 times (x 68B)
Class com.google.wireless.android.sdk.stats.AndroidProfilerEventOrBuilder             : loaded 2 times (x 68B)
Class kotlin.reflect.jvm.internal.KProperty2Impl$$Lambda$1                            : loaded 2 times (x 74B)
Class org.gradle.api.UncheckedIOException                                             : loaded 2 times (x 80B)
Class kotlin.collections.builders.ListBuilder                                         : loaded 2 times (x 167B)
Class jdk.internal.jimage.BasicImageReader$1                                          : loaded 2 times (x 75B)
Class org.jetbrains.kotlin.gradle.plugin.diagnostics.checkers.AndroidSourceSetLayoutV1SourceSetsNotFoundChecker$runChecks$1: loaded 2 times (x 86B)
Class kotlin.reflect.jvm.internal.CacheByClassKt                                      : loaded 2 times (x 69B)
Class org.jetbrains.kotlin.gradle.tasks.KotlinCompile_Decorated                       : loaded 2 times (x 597B)
Class org.jetbrains.kotlin.gradle.plugin.internal.state.TaskLoggers                   : loaded 2 times (x 69B)
Class org.jetbrains.kotlin.gradle.plugin.KotlinTargetsContainerWithPresets            : loaded 2 times (x 68B)
Class org.jetbrains.kotlin.statistics.metrics.StringMetrics$Companion                 : loaded 2 times (x 69B)
Class com.google.wireless.android.sdk.stats.KotlinProjectConfigurationOrBuilder       : loaded 2 times (x 68B)
Class com.google.wireless.android.sdk.stats.EssentialsModeEventOrBuilder              : loaded 2 times (x 68B)
Class com.google.protobuf.UnsafeUtil$1                                                : loaded 2 times (x 74B)
Class kotlin.coroutines.jvm.internal.RestrictedContinuationImpl                       : loaded 2 times (x 85B)
Class org.jetbrains.kotlin.gradle.plugin.mpp.ApplyUserDefinedAttributesKt             : loaded 2 times (x 69B)
Class com.google.wireless.android.sdk.stats.EmulatorHostOrBuilder                     : loaded 2 times (x 68B)
Class [Lorg.codehaus.groovy.util.ReferenceType;                                       : loaded 2 times (x 67B)
Class kotlin.io.FilesKt__FileReadWriteKt                                              : loaded 2 times (x 69B)
Class kotlin.io.FilesKt__FilePathComponentsKt                                         : loaded 2 times (x 69B)
Class [Lcom.google.common.io.FileWriteMode;                                           : loaded 2 times (x 67B)
Class org.codehaus.groovy.runtime.memoize.MemoizeCache                                : loaded 2 times (x 68B)
Class org.codehaus.groovy.reflection.stdclasses.NumberCachedClass                     : loaded 2 times (x 93B)
Class org.jetbrains.kotlin.statistics.metrics.ConcatMetricContainer                   : loaded 2 times (x 75B)
Class org.jetbrains.kotlin.gradle.utils.MutableObservableSet                          : loaded 2 times (x 68B)
Class com.android.tools.analytics.HostData$threadBean$2                               : loaded 2 times (x 76B)
Class com.google.wireless.android.sdk.stats.ResourceManagerEventOrBuilder             : loaded 2 times (x 68B)
Class kotlin.sequences.DistinctIterator                                               : loaded 2 times (x 81B)
Class org.jetbrains.kotlin.gradle.plugin.KotlinCompilation$DefaultImpls               : loaded 2 times (x 69B)
Class org.jetbrains.kotlin.gradle.internal.KotlinDomApiDependencyManagementKt$addKotlinDomApiDependency$1: loaded 2 times (x 73B)
Class org.jetbrains.kotlin.konan.target.KonanTarget$ANDROID_ARM64                     : loaded 2 times (x 76B)
Class com.google.wireless.android.sdk.stats.FirebaseContextDetailsOrBuilder           : loaded 2 times (x 68B)
Class org.jetbrains.kotlin.konan.target.KonanTarget$WATCHOS_DEVICE_ARM64              : loaded 2 times (x 76B)
Class org.jetbrains.kotlin.gradle.plugin.diagnostics.checkers.DisabledNativeTargetsChecker: loaded 2 times (x 72B)
Class org.jetbrains.kotlin.gradle.internal.properties.NativePropertiesLoader$actualNativeHomeDirectory$1: loaded 2 times (x 73B)
Class org.jetbrains.kotlin.gradle.plugin.internal.ConfigurationCacheStartParameterAccessorKt: loaded 2 times (x 69B)
Class groovyjarjarasm.asm.Handler                                                     : loaded 2 times (x 70B)
Class org.jetbrains.kotlin.gradle.internal.properties.NativePropertiesLoader$actualNativeHomeDirectory$2: loaded 2 times (x 72B)
Class com.google.wireless.android.sdk.stats.MetaMetricsOrBuilder                      : loaded 2 times (x 68B)
Class com.android.ide.common.repository.AgpVersion$PreviewKind                        : loaded 2 times (x 77B)
Class org.jetbrains.kotlin.gradle.internal.properties.NativePropertiesLoader$actualNativeHomeDirectory$3: loaded 2 times (x 73B)
Class org.codehaus.groovy.ast.stmt.WhileStatement                                     : loaded 2 times (x 116B)
Class [Lkotlin.annotation.AnnotationTarget;                                           : loaded 2 times (x 67B)
Class org.jetbrains.kotlin.gradle.plugin.statistics.DaemonReuseCounter                : loaded 2 times (x 74B)
Class org.jetbrains.kotlin.gradle.plugin.diagnostics.KotlinToolingDiagnosticsSetupActionKt: loaded 2 times (x 69B)
Class org.jetbrains.kotlin.gradle.plugin.internal.DefaultProjectIsolationStartParameterAccessor$Factory: loaded 2 times (x 74B)
Class org.jetbrains.kotlin.gradle.plugin.KotlinPluginWrapperKt$kotlinToolingVersion$2 : loaded 2 times (x 76B)
Class groovyjarjarasm.asm.MethodVisitor                                               : loaded 2 times (x 103B)
Class org.codehaus.groovy.runtime.metaclass.MethodMetaProperty$GetMethodMetaProperty  : loaded 2 times (x 76B)
Class org.codehaus.groovy.ast.ClassCodeVisitorSupport                                 : loaded 2 times (x 209B)
Class org.codehaus.groovy.ast.CodeVisitorSupport                                      : loaded 2 times (x 184B)
Class com.google.common.collect.ForwardingCollection                                  : loaded 2 times (x 128B)
Class org.jetbrains.kotlin.gradle.utils.StoredPropertyKt                              : loaded 2 times (x 69B)
Class org.jetbrains.kotlin.gradle.plugin.KotlinSourceSetContainer                     : loaded 2 times (x 68B)
Class org.jetbrains.kotlin.gradle.tasks.DefaultKotlinJavaToolchain$DefaultJavaToolchainSetter$useAsConvention$1: loaded 2 times (x 73B)
Class org.jetbrains.kotlin.gradle.plugin.internal.ProjectIsolationStartParameterAccessor$Factory: loaded 2 times (x 68B)
Class com.google.wireless.android.sdk.stats.AutoImportEventOrBuilder                  : loaded 2 times (x 68B)
Class com.google.wireless.android.sdk.stats.WearPairingEventOrBuilder                 : loaded 2 times (x 68B)
Class org.codehaus.groovy.reflection.stdclasses.StringCachedClass                     : loaded 2 times (x 93B)
Class kotlin.reflect.full.IllegalCallableAccessException                              : loaded 2 times (x 80B)
Class [Lkotlin.jvm.functions.Function1;                                               : loaded 2 times (x 67B)
Class org.jetbrains.kotlin.statistics.metrics.NumberOverridePolicy$OVERRIDE           : loaded 2 times (x 83B)
Class org.jetbrains.kotlin.statistics.metrics.StringOverridePolicy$CONCAT             : loaded 2 times (x 83B)
Class org.jetbrains.kotlin.tooling.core.Extras$Key                                    : loaded 2 times (x 70B)
Class org.jetbrains.kotlin.gradle.internal.properties.NativePropertiesLoader          : loaded 2 times (x 84B)
Class com.google.gson.JsonParseException                                              : loaded 2 times (x 80B)
Class org.jetbrains.kotlin.gradle.tasks.K2MultiplatformCompilationTask                : loaded 2 times (x 68B)
Class org.jetbrains.kotlin.gradle.artifacts.KotlinNativeHostSpecificMetadataArtifactKt$KotlinNativeHostSpecificMetadataArtifact$1: loaded 2 times (x 72B)
Class org.jetbrains.kotlin.gradle.targets.js.npm.NpmDependencyExtensionKt$AddNpmDependencyExtensionProjectSetupAction$1: loaded 2 times (x 72B)
Class kotlin.coroutines.CoroutineContext$Element$DefaultImpls                         : loaded 2 times (x 69B)
Class org.jetbrains.kotlin.gradle.ExternalKotlinTargetApi                             : loaded 2 times (x 68B)
Class org.jetbrains.kotlin.gradle.plugin.mpp.compilationImpl.DefaultKotlinCompilationPostConfigureKt: loaded 2 times (x 69B)
Class com.google.wireless.android.sdk.stats.GarbageCollectionStatsOrBuilder           : loaded 2 times (x 68B)
Class com.google.wireless.android.sdk.stats.SoongSyncStats                            : loaded 2 times (x 204B)
Class kotlin.text.DelimitedRangesSequence$iterator$1                                  : loaded 2 times (x 77B)
Class com.android.ide.common.resources.ResourceMergerItem$1                           : loaded 2 times (x 121B)
Class org.jetbrains.kotlin.gradle.plugin.mpp.compilationImpl.factory.KotlinCompilationImplFactory$PostConfigure$Companion: loaded 2 times (x 69B)
Class org.apache.commons.io.output.UnsynchronizedByteArrayOutputStream                : loaded 2 times (x 100B)
Class jdk.internal.jimage.decompressor.Decompressor                                   : loaded 2 times (x 70B)
Class com.android.ide.common.resources.ResourceMergerItem$2                           : loaded 2 times (x 115B)
Class kotlin.properties.ReadOnlyProperty                                              : loaded 2 times (x 68B)
Class org.jetbrains.kotlin.gradle.plugin.mpp.compilationImpl.KotlinCompilationImpl$associateWith$2: loaded 2 times (x 77B)
Class com.google.wireless.android.sdk.stats.IntellijProjectSizeStats                  : loaded 2 times (x 196B)
Class com.google.common.hash.HashCode$IntHashCode                                     : loaded 2 times (x 78B)
Class groovy.lang.MetaClassImpl$1MOPIter                                              : loaded 2 times (x 74B)
Class kotlin.reflect.jvm.internal.ReflectProperties$Val                               : loaded 2 times (x 72B)
Class com.android.prefs.PathLocator                                                   : loaded 2 times (x 71B)
Class com.google.common.cache.LocalCache$Strength                                     : loaded 2 times (x 79B)
Class org.codehaus.groovy.ast.ClassCodeExpressionTransformer                          : loaded 2 times (x 213B)
Class org.jetbrains.kotlin.gradle.plugin.diagnostics.CheckKotlinGradlePluginConfigurationErrorsKt: loaded 2 times (x 69B)
Class org.jetbrains.kotlin.gradle.tooling.BuildKotlinToolingMetadataTaskKt$buildKotlinToolingMetadataTask$1: loaded 2 times (x 76B)
Class com.google.wireless.android.sdk.stats.CMakeEditingEvent                         : loaded 2 times (x 194B)
Class com.google.wireless.android.sdk.stats.AdbUsageEventOrBuilder                    : loaded 2 times (x 68B)
Class org.jetbrains.kotlin.gradle.utils.FailuresKt                                    : loaded 2 times (x 69B)
Class com.google.wireless.android.sdk.stats.GradlePluginDslUsageStatsOrBuilder        : loaded 2 times (x 68B)
Class kotlin.collections.builders.MapBuilder$EntriesItr                               : loaded 2 times (x 79B)
Class kotlin.reflect.jvm.internal.impl.builtins.functions.FunctionTypeKind$Function   : loaded 2 times (x 70B)
Class kotlin.reflect.KProperty$Getter                                                 : loaded 2 times (x 68B)
Class org.jetbrains.kotlin.gradle.plugin.mpp.KotlinTargetSoftwareComponentImplKt      : loaded 2 times (x 69B)
Class org.jetbrains.kotlin.gradle.plugin.KotlinPluginLifecycle$ProjectConfigurationResult$Failure: loaded 2 times (x 70B)
Class jdk.internal.jrtfs.JrtFileSystem                                                : loaded 2 times (x 100B)
Class groovyjarjarasm.asm.ModuleVisitor                                               : loaded 2 times (x 79B)
Class org.codehaus.groovy.runtime.ResourceGroovyMethods                               : loaded 2 times (x 69B)
Class kotlin.text.MatcherMatchResult$groupValues$1                                    : loaded 2 times (x 158B)
Class org.jetbrains.kotlin.gradle.utils.ConfigurationCacheKt                          : loaded 2 times (x 69B)
Class org.jetbrains.kotlin.gradle.dsl.KotlinTargetContainerWithNativeShortcuts        : loaded 2 times (x 68B)
Class org.codehaus.groovy.reflection.stdclasses.ObjectCachedClass                     : loaded 2 times (x 93B)
Class org.codehaus.groovy.control.CompilationFailedException                          : loaded 2 times (x 87B)
Class groovy.lang.SpreadMapEvaluatingException                                        : loaded 2 times (x 85B)
Class org.codehaus.groovy.util.ComplexKeyHashMap$1                                    : loaded 2 times (x 77B)
Class it.unimi.dsi.fastutil.Hash$Strategy                                             : loaded 2 times (x 68B)
Class org.jetbrains.kotlin.gradle.plugin.mpp.ApplyUserDefinedAttributesKt$UserDefinedAttributesSetupAction$1: loaded 2 times (x 93B)
Class com.android.ide.common.rendering.api.ArrayResourceValueImpl                     : loaded 2 times (x 121B)
Class com.android.tools.analytics.AnalyticsSettingsData$DataTypeAdapter               : loaded 2 times (x 71B)
Class groovyjarjarasm.asm.ModuleWriter                                                : loaded 2 times (x 80B)
Class org.codehaus.groovy.ast.expr.BooleanExpression                                  : loaded 2 times (x 126B)
Class com.google.common.collect.AbstractMapBasedMultimap$RandomAccessWrappedList      : loaded 2 times (x 165B)
Class org.jetbrains.kotlin.gradle.plugin.mpp.compilationImpl.KotlinCompilationImpl$Params: loaded 2 times (x 70B)
Class com.google.wireless.android.sdk.stats.MetaMetrics                               : loaded 2 times (x 196B)
Class org.codehaus.groovy.runtime.memoize.UnlimitedConcurrentCache                    : loaded 2 times (x 132B)
Class org.objectweb.asm.Handler                                                       : loaded 2 times (x 70B)
Class org.gradle.api.internal.classpath.GlobalCacheRootsProvider                      : loaded 2 times (x 68B)
Class com.google.wireless.android.sdk.stats.MlModelBindingEvent                       : loaded 2 times (x 200B)
Class com.google.wireless.android.sdk.stats.MotionLayoutEditorEventOrBuilder          : loaded 2 times (x 68B)
Class com.google.protobuf.IterableByteBufferInputStream                               : loaded 2 times (x 90B)
Class kotlin.reflect.jvm.internal.KDeclarationContainerImpl$Data$$Lambda$0            : loaded 2 times (x 74B)
Class org.jetbrains.kotlin.gradle.plugin.mpp.SyncLanguageSettingsWithKotlinExtensionSetupActionKt$SyncLanguageSettingsWithKotlinExtensionSetupAction$1$1: loaded 2 times (x 73B)
Class com.google.wireless.android.sdk.stats.GarbageCollectionStats                    : loaded 2 times (x 198B)
Class org.jetbrains.kotlin.gradle.plugin.mpp.SyncLanguageSettingsWithKotlinExtensionSetupActionKt$SyncLanguageSettingsWithKotlinExtensionSetupAction$1$2: loaded 2 times (x 73B)
Class com.google.wireless.android.sdk.stats.IdePluginInfoOrBuilder                    : loaded 2 times (x 68B)
Class org.codehaus.groovy.runtime.wrappers.PojoWrapper                                : loaded 2 times (x 86B)
Class kotlin.reflect.jvm.internal.impl.name.FqNameUnsafe                              : loaded 2 times (x 70B)
Class org.jetbrains.kotlin.gradle.plugin.ProjectLocalConfigurationsKt                 : loaded 2 times (x 69B)
Class org.jetbrains.kotlin.gradle.artifacts.KotlinJvmJarArtifactKt$KotlinJvmJarArtifact$1: loaded 2 times (x 72B)
Class com.google.protobuf.AbstractMessageLite                                         : loaded 2 times (x 99B)
Class org.codehaus.groovy.util.ManagedReference                                       : loaded 2 times (x 74B)
Class kotlin.coroutines.CoroutineContext$Key                                          : loaded 2 times (x 68B)
Class com.android.ide.common.gradle.Numeric                                           : loaded 2 times (x 75B)
Class com.google.common.collect.ImmutableSortedSet$Builder                            : loaded 2 times (x 84B)
Class org.jetbrains.kotlin.gradle.tasks.configuration.AbstractKotlinCompileConfig$2$1 : loaded 2 times (x 77B)
Class [Lcom.google.common.collect.MapMaker$Dummy;                                     : loaded 2 times (x 67B)
Class org.jetbrains.kotlin.gradle.dsl.KotlinJvmCompilerOptionsHelper                  : loaded 2 times (x 69B)
Class com.google.wireless.android.sdk.stats.FileUsage                                 : loaded 2 times (x 205B)
Class com.google.protobuf.InvalidProtocolBufferException                              : loaded 2 times (x 86B)
Class com.android.ide.common.repository.AgpVersion                                    : loaded 2 times (x 73B)
Class org.jetbrains.kotlin.gradle.tasks.configuration.AbstractKotlinCompileConfig$2$3 : loaded 2 times (x 73B)
Class org.jetbrains.kotlin.gradle.plugin.mpp.ApplyUserDefinedAttributesKt$UserDefinedAttributesSetupAction$1$1$3: loaded 2 times (x 73B)
Class org.codehaus.groovy.vmplugin.v8.PluginDefaultGroovyMethods                      : loaded 2 times (x 69B)
Class com.google.wireless.android.sdk.stats.StartupPerformanceCodeLoadedAndVisibleInEditor: loaded 2 times (x 204B)
Class org.jetbrains.kotlin.gradle.tasks.configuration.AbstractKotlinCompileConfig$2$4 : loaded 2 times (x 73B)
Class org.codehaus.groovy.util.ReferenceType$HardRef                                  : loaded 2 times (x 78B)
Class [Lorg.jetbrains.kotlin.konan.util.Named;                                        : loaded 2 times (x 67B)
Class org.jetbrains.kotlin.gradle.plugin.diagnostics.checkers.CommonMainOrTestWithDependsOnChecker: loaded 2 times (x 72B)
Class [Lorg.codehaus.groovy.ast.ClassNode;                                            : loaded 2 times (x 67B)
Class org.codehaus.groovy.runtime.GroovyCategorySupport$MyThreadLocal                 : loaded 2 times (x 81B)
Class jdk.internal.jrtfs.JrtFileSystemProvider                                        : loaded 2 times (x 97B)
Class com.google.wireless.android.sdk.stats.AdbServerStateOrBuilder                   : loaded 2 times (x 68B)
Class org.jetbrains.kotlin.gradle.internal.transforms.BuildToolsApiClasspathEntrySnapshotTransform$Parameters$Inject: loaded 2 times (x 116B)
Class org.codehaus.groovy.reflection.CachedMethod$MyComparator                        : loaded 2 times (x 88B)
Class org.jetbrains.kotlin.gradle.plugin.mpp.KotlinUsages$setupAttributesMatchingStrategy$1: loaded 2 times (x 72B)
Class com.google.common.cache.LocalCache$ValueReference                               : loaded 2 times (x 68B)
Class com.google.wireless.android.sdk.stats.StudioToolWindowActionStats               : loaded 2 times (x 198B)
Class com.google.wireless.android.sdk.stats.StartupPerformanceFrameBecameInteractiveEvent: loaded 2 times (x 192B)
Class com.google.common.collect.CollectSpliterators                                   : loaded 2 times (x 69B)
Class com.google.protobuf.ByteString$2                                                : loaded 2 times (x 89B)
Class org.jetbrains.kotlin.gradle.dsl.KotlinTopLevelExtension                         : loaded 2 times (x 68B)
Class com.google.wireless.android.sdk.stats.StudioUpdateFlowEvent                     : loaded 2 times (x 201B)
Class com.google.wireless.android.sdk.stats.SplittingTabsUsageEventOrBuilder          : loaded 2 times (x 68B)
Class com.google.protobuf.UnsafeUtil                                                  : loaded 2 times (x 69B)
Class com.android.ide.common.resources.configuration.ScreenWidthQualifier             : loaded 2 times (x 86B)
Class org.codehaus.groovy.ast.expr.CastExpression                                     : loaded 2 times (x 131B)
Class kotlin.coroutines.jvm.internal.CompletedContinuation                            : loaded 2 times (x 73B)
Class com.google.wireless.android.sdk.stats.SurveyResponse                            : loaded 2 times (x 197B)
Class com.google.wireless.android.sdk.stats.AndroidProfilerDbStatsOrBuilder           : loaded 2 times (x 68B)
Class org.codehaus.groovy.runtime.dgmimpl.arrays.CharacterArrayGetAtMetaMethod        : loaded 2 times (x 95B)
Class Settings_gradle$1$1                                                             : loaded 2 times (x 72B)
Class com.android.tools.lint.model.DefaultLintModelLintOptions                        : loaded 2 times (x 101B)
Class org.jetbrains.kotlin.gradle.dsl.JvmTarget                                       : loaded 2 times (x 77B)
Class com.android.ide.common.rendering.api.ResourceNamespace$Resolver                 : loaded 2 times (x 68B)
Class com.google.wireless.android.sdk.stats.MultiViewEvent                            : loaded 2 times (x 196B)
Class com.google.wireless.android.sdk.stats.KotlinSupportDeclinedOrBuilder            : loaded 2 times (x 68B)
Class org.jetbrains.kotlin.gradle.plugin.diagnostics.checkers.WasmSourceSetsNotFoundChecker$runChecks$1: loaded 2 times (x 86B)
Class org.jetbrains.kotlin.gradle.utils.ObservableSet                                 : loaded 2 times (x 68B)
Class it.unimi.dsi.fastutil.objects.AbstractObject2IntFunction                        : loaded 2 times (x 117B)
Class com.google.common.io.Java8Compatibility                                         : loaded 2 times (x 69B)
Class groovyjarjarasm.asm.FieldVisitor                                                : loaded 2 times (x 75B)
Class org.codehaus.groovy.runtime.MethodKey                                           : loaded 2 times (x 77B)
Class groovy.lang.Buildable                                                           : loaded 2 times (x 68B)
Class org.jetbrains.kotlin.gradle.plugin.mpp.MppSourcesJarKt$sourcesJarTaskNamed$result$1: loaded 2 times (x 77B)
Class org.jetbrains.kotlin.gradle.utils.KotlinExtensionUtilsKt$forAllTargets$1        : loaded 2 times (x 93B)
Class org.gradle.internal.classloader.ClasspathUtil                                   : loaded 2 times (x 69B)
Class org.jetbrains.kotlin.gradle.plugin.mpp.compilationImpl.DefaultKotlinCompilationFriendPathsResolver$DefaultFriendArtifactResolver: loaded 2 times (x 72B)
Class com.google.wireless.android.sdk.stats.JavaProcessStats$1                        : loaded 2 times (x 149B)
Class org.apache.commons.io.FileUtils                                                 : loaded 2 times (x 69B)
Class org.jetbrains.kotlin.gradle.plugin.statistics.BuildFusService$Companion$registerIfAbsent$1$1$1: loaded 2 times (x 73B)
Class jdk.internal.jrtfs.JrtDirectoryStream                                           : loaded 2 times (x 87B)
Class groovy.lang.MetaBeanProperty                                                    : loaded 2 times (x 81B)
Class org.jetbrains.kotlin.gradle.internal.StdlibDependencyManagementKt$configureStdlibVersionAlignment$1: loaded 2 times (x 73B)
Class org.objectweb.asm.CurrentFrame                                                  : loaded 2 times (x 71B)
Class com.google.wireless.android.sdk.stats.DeviceManagerEventOrBuilder               : loaded 2 times (x 68B)
Class org.codehaus.groovy.runtime.ProcessGroovyMethods                                : loaded 2 times (x 69B)
Class com.google.common.util.concurrent.AbstractFuture                                : loaded 2 times (x 93B)
Class org.jetbrains.kotlin.gradle.utils.FutureKt$future$2$1                           : loaded 2 times (x 93B)
Class com.android.tools.analytics.AnalyticsSettingsData                               : loaded 2 times (x 70B)
Class com.android.tools.analytics.Environment$Companion$SYSTEM$1                      : loaded 2 times (x 71B)
Class com.android.ide.common.gradle.Version$Companion                                 : loaded 2 times (x 69B)
Class com.google.common.reflect.TypeResolver                                          : loaded 2 times (x 70B)
Class org.jetbrains.kotlin.gradle.targets.native.internal.CommonizerTasksKt           : loaded 2 times (x 69B)
Class org.jetbrains.kotlin.gradle.plugin.KotlinPluginLifecycleImpl$WhenMappings       : loaded 2 times (x 69B)
Class org.codehaus.groovy.runtime.memoize.CommonCache                                 : loaded 2 times (x 152B)
Class it.unimi.dsi.fastutil.objects.ObjectSpliterator                                 : loaded 2 times (x 68B)
Class org.jetbrains.kotlin.gradle.targets.native.toolchain.KotlinNativeBundleBuildService$Companion$registerIfAbsent$1: loaded 2 times (x 73B)
Class org.jetbrains.kotlin.gradle.plugin.BuildEventsListenerRegistryHolder$Companion  : loaded 2 times (x 69B)
Class com.google.wireless.android.sdk.stats.BuildOutputWindowStatsOrBuilder           : loaded 2 times (x 68B)
Class com.google.wireless.android.sdk.stats.DeviceMirroringAbnormalAgentTerminationOrBuilder: loaded 2 times (x 68B)
Class org.codehaus.groovy.ast.ClassNode                                               : loaded 2 times (x 241B)
Class org.jetbrains.kotlin.gradle.dsl.KotlinCommonCompilerToolOptions                 : loaded 2 times (x 68B)
Class org.jetbrains.kotlin.gradle.utils.GradleConfigurationUtilsKt$addGradlePluginMetadataAttributes$1: loaded 2 times (x 73B)
Class kotlin.reflect.jvm.internal.impl.builtins.functions.FunctionTypeKind            : loaded 2 times (x 70B)
Class org.jetbrains.kotlin.tooling.core.HasMutableExtras                              : loaded 2 times (x 68B)
Class org.codehaus.groovy.ast.GroovyClassVisitor                                      : loaded 2 times (x 68B)
Class org.codehaus.groovy.reflection.MixinInMetaClass                                 : loaded 2 times (x 85B)
Class org.codehaus.groovy.runtime.m12n.ExtensionModuleRegistry                        : loaded 2 times (x 75B)
Class kotlin.properties.ReadWriteProperty                                             : loaded 2 times (x 68B)
Class com.google.wireless.android.sdk.stats.StartupEventOrBuilder                     : loaded 2 times (x 68B)
Class com.google.wireless.android.sdk.stats.ProjectViewSelectionChangeEvent           : loaded 2 times (x 194B)
Class org.jetbrains.kotlin.gradle.tasks.CompileUsingKotlinDaemon                      : loaded 2 times (x 68B)
Class com.google.protobuf.ByteString$ByteArrayCopier                                  : loaded 2 times (x 68B)
Class com.google.wireless.android.sdk.stats.DeviceMirroringSession                    : loaded 2 times (x 198B)
Class com.google.wireless.android.sdk.stats.BackupUsageEventOrBuilder                 : loaded 2 times (x 68B)
Class [Lcom.android.ide.common.repository.AgpVersion$PreviewKind;                     : loaded 2 times (x 67B)
Class org.jetbrains.kotlin.gradle.plugin.RegisterKotlinPluginExtensionsKt             : loaded 2 times (x 69B)
Class org.jetbrains.kotlin.gradle.plugin.statistics.BuildFusService$Parameters_Decorated: loaded 2 times (x 141B)
Class org.jetbrains.kotlin.gradle.internal.transforms.BuildToolsApiClasspathEntrySnapshotTransform$Inject1: loaded 2 times (x 111B)
Class org.jetbrains.kotlin.gradle.dsl.KotlinCommonCompilerOptionsHelper               : loaded 2 times (x 69B)
Class com.android.resources.FolderTypeRelationship                                    : loaded 2 times (x 69B)
Class com.google.protobuf.ProtocolMessageEnum                                         : loaded 2 times (x 68B)
Class kotlin.coroutines.CoroutineContext$Element                                      : loaded 2 times (x 68B)
Class org.jetbrains.kotlin.gradle.tasks.KotlinCompile$javaSources$1                   : loaded 2 times (x 73B)
Class org.jetbrains.kotlin.gradle.plugin.StatisticsBuildFlowManager$subscribeForBuildResult$1$1: loaded 2 times (x 72B)
Class com.android.ide.common.rendering.api.PluralsResourceValue                       : loaded 2 times (x 68B)
Class groovyjarjarasm.asm.RecordComponentVisitor                                      : loaded 2 times (x 75B)
Class com.android.prefs.AndroidLocationsException                                     : loaded 2 times (x 80B)
Class com.google.common.collect.FluentIterable$3                                      : loaded 2 times (x 79B)
Class [Lcom.google.protobuf.ProtocolMessageEnum;                                      : loaded 2 times (x 67B)
Class org.codehaus.groovy.util.AbstractConcurrentMap                                  : loaded 2 times (x 80B)
Class org.codehaus.groovy.runtime.metaclass.MetaMethodIndex$EntryIterator             : loaded 2 times (x 68B)
Class kotlin.reflect.jvm.internal.impl.resolve.jvm.JvmPrimitiveType                   : loaded 2 times (x 77B)
Class com.google.common.collect.ReverseOrdering                                       : loaded 2 times (x 113B)
Class org.jetbrains.kotlin.konan.target.KonanTarget$MACOS_ARM64                       : loaded 2 times (x 76B)
Class org.jetbrains.kotlin.compilerRunner.GradleCliCommonizerKt                       : loaded 2 times (x 69B)
Class com.android.ide.common.resources.DataFile$FileType                              : loaded 2 times (x 77B)
Class com.google.common.collect.TransformedListIterator                               : loaded 2 times (x 91B)
Class org.jetbrains.kotlin.gradle.internal.transforms.BuildToolsApiClasspathEntrySnapshotTransform: loaded 2 times (x 80B)
Class com.google.wireless.android.sdk.stats.LayoutEditorEvent                         : loaded 2 times (x 231B)
Class kotlin.reflect.jvm.internal.impl.builtins.CompanionObjectMapping                : loaded 2 times (x 69B)
Class org.codehaus.groovy.vmplugin.VMPluginFactory                                    : loaded 2 times (x 69B)
Class com.google.common.cache.LocalCache$ValueIterator                                : loaded 2 times (x 84B)
Class com.google.common.base.Ticker$1                                                 : loaded 2 times (x 70B)
Class org.gradle.api.internal.DefaultClassPathRegistry                                : loaded 2 times (x 74B)
Class com.google.gson.TypeAdapter                                                     : loaded 2 times (x 71B)
Class com.google.common.base.Splitter$5                                               : loaded 2 times (x 78B)
Class org.jetbrains.kotlin.gradle.plugin.KotlinProjectSetupAction                     : loaded 2 times (x 68B)
Class org.codehaus.groovy.runtime.wrappers.Wrapper                                    : loaded 2 times (x 86B)
Class com.android.tools.lint.model.LintModelModuleType                                : loaded 2 times (x 77B)
Class org.jetbrains.kotlin.gradle.dsl.ToolchainSupport$Companion                      : loaded 2 times (x 69B)
Class com.google.wireless.android.sdk.stats.JavaProcessStatsOrBuilder                 : loaded 2 times (x 68B)
Class groovy.lang.MetaObjectProtocol                                                  : loaded 2 times (x 68B)
Class com.google.common.collect.ImmutableSortedMap                                    : loaded 2 times (x 176B)
Class com.google.common.collect.AbstractIterator$State                                : loaded 2 times (x 77B)
Class org.jetbrains.kotlin.gradle.dsl.IosSourceSetConventionChecker$runChecks$1       : loaded 2 times (x 86B)
Class [Lorg.objectweb.asm.Symbol;                                                     : loaded 2 times (x 67B)
Class com.google.common.util.concurrent.AbstractFuture$Cancellation                   : loaded 2 times (x 70B)
Class org.codehaus.groovy.ast.Parameter                                               : loaded 2 times (x 149B)
Class org.codehaus.groovy.reflection.stdclasses.DoubleCachedClass                     : loaded 2 times (x 93B)
Class build_dkwrkn2ll98pknqqur7wniyud$_run_closure1                                   : loaded 2 times (x 137B)
Class com.google.common.collect.Multimaps$Entries                                     : loaded 2 times (x 116B)
Class org.codehaus.groovy.runtime.NullObject                                          : loaded 2 times (x 89B)
Class com.google.common.collect.Interner                                              : loaded 2 times (x 68B)
Class com.google.common.base.Predicates                                               : loaded 2 times (x 69B)
Class org.jetbrains.kotlin.gradle.plugin.mpp.compilationImpl.CreateCInteropTasksSideEffectKt: loaded 2 times (x 69B)
Class org.jetbrains.kotlin.gradle.plugin.internal.CompatibilityConventionRegistrar    : loaded 2 times (x 68B)
Class org.jetbrains.kotlin.gradle.dsl.KotlinProjectExtension$awaitSourceSets$1        : loaded 2 times (x 86B)
Class com.google.wireless.android.sdk.stats.FastPreviewEventOrBuilder                 : loaded 2 times (x 68B)
Class org.codehaus.groovy.reflection.stdclasses.IntegerCachedClass                    : loaded 2 times (x 93B)
Class com.android.tools.lint.model.DefaultLintModelMavenName                          : loaded 2 times (x 85B)
Class org.jetbrains.kotlin.gradle.targets.ConfigureBuildSideEffectKt$ConfigureBuildSideEffect$1: loaded 2 times (x 72B)
Class kotlin.reflect.jvm.internal.KPackageImpl                                        : loaded 2 times (x 83B)
Class org.jetbrains.kotlin.gradle.plugin.mpp.KotlinMetadataTarget                     : loaded 2 times (x 165B)
Class org.jetbrains.kotlin.gradle.plugin.KotlinGradleBuildServices$Parameters_Decorated: loaded 2 times (x 132B)
Class org.jetbrains.kotlin.gradle.plugin.internal.DefaultCompatibilityConventionRegistrar$Factory: loaded 2 times (x 74B)
Class com.google.wireless.android.play.playlog.proto.ClientAnalytics$LogEventOrBuilder: loaded 2 times (x 68B)
Class com.android.tools.analytics.HostDataKt                                          : loaded 2 times (x 69B)
Class com.google.protobuf.InvalidProtocolBufferException$InvalidWireTypeException     : loaded 2 times (x 86B)
Class org.codehaus.groovy.reflection.stdclasses.ShortCachedClass                      : loaded 2 times (x 93B)
Class org.jetbrains.kotlin.statistics.metrics.NumberAnonymizationPolicy               : loaded 2 times (x 83B)
Class org.gradle.api.internal.classpath.DefaultModuleRegistry$DefaultModule           : loaded 2 times (x 84B)
Class kotlin.coroutines.ContinuationInterceptor$Key                                   : loaded 2 times (x 69B)
Class org.jetbrains.kotlin.gradle.plugin.diagnostics.checkers.KotlinTargetAlreadyDeclaredChecker$runChecks$1: loaded 2 times (x 86B)
Class org.jetbrains.kotlin.gradle.targets.native.SetupEmbedAndSignAppleFrameworkTaskSideEffectKt: loaded 2 times (x 69B)
Class groovyjarjarasm.asm.ClassTooLargeException                                      : loaded 2 times (x 81B)
Class [Lgroovyjarjarasm.asm.Type;                                                     : loaded 2 times (x 67B)
Class com.google.common.io.LineReader                                                 : loaded 2 times (x 70B)
Class org.jetbrains.kotlin.gradle.plugin.diagnostics.checkers.MissingNativeStdlibChecker$runChecks$1: loaded 2 times (x 86B)
Class org.jetbrains.kotlin.gradle.plugin.mpp.KotlinVariant                            : loaded 2 times (x 99B)
Class org.jetbrains.kotlin.gradle.utils.StoredLazyProperty                            : loaded 2 times (x 73B)
Class org.codehaus.groovy.runtime.dgmimpl.NumberNumberPlus                            : loaded 2 times (x 112B)
Class com.google.wireless.android.sdk.stats.SetupWizardEventOrBuilder                 : loaded 2 times (x 68B)
Class org.jetbrains.kotlin.gradle.plugin.DefaultKotlinBasePlugin$addKotlinCompilerConfiguration$2$1$1$1: loaded 2 times (x 73B)
Class groovyjarjarasm.asm.Attribute                                                   : loaded 2 times (x 75B)
Class org.jetbrains.kotlin.gradle.utils.WhenPluginEnabledKt$whenPluginsEnabled$1      : loaded 2 times (x 73B)
Class com.google.common.collect.AbstractTable$CellSet                                 : loaded 2 times (x 134B)
Class com.android.ide.common.rendering.api.AttrResourceValueImpl                      : loaded 2 times (x 120B)
Class com.google.wireless.android.sdk.stats.SdkIndexLibraryDetails                    : loaded 2 times (x 205B)
Class org.jetbrains.kotlin.gradle.targets.js.npm.NpmDependencyExtension               : loaded 2 times (x 68B)
Class org.jetbrains.kotlin.gradle.tasks.DefaultKotlinJavaToolchain$Companion          : loaded 2 times (x 69B)
Class com.android.resources.ScreenRatio                                               : loaded 2 times (x 84B)
Class com.google.protobuf.AbstractMessage                                             : loaded 2 times (x 162B)
Class org.jetbrains.kotlin.gradle.tasks.K2MultiplatformStructure$Fragment             : loaded 2 times (x 70B)
Class org.jetbrains.kotlin.gradle.plugin.diagnostics.checkers.AndroidPluginWithoutAndroidTargetChecker: loaded 2 times (x 72B)
Class org.jetbrains.kotlin.gradle.targets.js.npm.PeerNpmDependencyExtension           : loaded 2 times (x 68B)
Class org.jetbrains.kotlin.gradle.plugin.PropertiesProvider$localProperties$2         : loaded 2 times (x 77B)
Class org.jetbrains.kotlin.gradle.plugin.UsesBuildFinishedListenerService             : loaded 2 times (x 68B)
Class org.jetbrains.kotlin.gradle.internal.KotlinDependenciesManagementKt$CustomizeKotlinDependenciesSetupAction$1: loaded 2 times (x 72B)
Class org.jetbrains.kotlin.tooling.core.TypeUtils$WhenMappings                        : loaded 2 times (x 69B)
Class com.google.wireless.android.sdk.stats.CoroutineDebuggerEventOrBuilder           : loaded 2 times (x 68B)
Class com.google.wireless.android.sdk.stats.SuggestedImportEvent                      : loaded 2 times (x 194B)
Class org.jetbrains.kotlin.konan.target.KonanTarget                                   : loaded 2 times (x 76B)
Class org.jetbrains.kotlin.gradle.plugin.KotlinPlatformType                           : loaded 2 times (x 80B)
Class kotlin.reflect.KMutableProperty                                                 : loaded 2 times (x 68B)
Class kotlin.reflect.KClassifier                                                      : loaded 2 times (x 68B)
Class org.jetbrains.kotlin.gradle.plugin.mpp.compilationImpl.factory.CompositePostConfigure: loaded 2 times (x 73B)
Class [Lorg.jetbrains.kotlin.gradle.plugin.HasProject;                                : loaded 2 times (x 67B)
Class org.jetbrains.kotlin.gradle.plugin.internal.DefaultConfigurationCacheStartParameterAccessorVariantFactory: loaded 2 times (x 74B)
Class org.jetbrains.kotlin.gradle.utils.CompilerOptionsKt$configureExperimentalTryNext$1$1: loaded 2 times (x 76B)
Class com.google.common.collect.ImmutableSortedAsList                                 : loaded 2 times (x 180B)
Class com.google.wireless.android.sdk.stats.GradleSyncStats                           : loaded 2 times (x 231B)
Class org.jetbrains.kotlin.gradle.plugin.mpp.KotlinMetadataCompilation                : loaded 2 times (x 68B)
Class org.jetbrains.kotlin.gradle.plugin.sources.KotlinDependencyScope                : loaded 2 times (x 77B)
Class org.jetbrains.kotlin.gradle.tasks.configuration.BaseKotlinCompileConfig$configureCommonParameters$1: loaded 2 times (x 72B)
Class org.jetbrains.kotlin.gradle.utils.ResourceUtilsKt                               : loaded 2 times (x 69B)
Class com.android.resources.Keyboard                                                  : loaded 2 times (x 84B)
Class com.google.wireless.android.sdk.stats.UpgradeAssistantProcessorEvent            : loaded 2 times (x 214B)
Class com.google.wireless.android.sdk.stats.InstantRun                                : loaded 2 times (x 204B)
Class com.google.wireless.android.sdk.stats.BuildAttributionStatsOrBuilder            : loaded 2 times (x 68B)
Class org.codehaus.groovy.reflection.ReflectionCache                                  : loaded 2 times (x 69B)
Class org.jetbrains.kotlin.gradle.tasks.configuration.BaseKotlinCompileConfig$configureCommonParameters$2: loaded 2 times (x 73B)
Class com.android.tools.lint.model.DefaultLintModelVariant$artifact$2                 : loaded 2 times (x 77B)
Class org.jetbrains.kotlin.gradle.plugin.AbstractKotlinJsPluginWrapper                : loaded 2 times (x 84B)
Class org.codehaus.groovy.util.AbstractConcurrentMapBase$Entry                        : loaded 2 times (x 68B)
Class kotlin.comparisons.ComparisonsKt___ComparisonsKt                                : loaded 2 times (x 69B)
Class org.jetbrains.kotlin.gradle.plugin.statistics.KotlinBuildStatisticsUtilsKt      : loaded 2 times (x 69B)
Class com.google.wireless.android.sdk.stats.StudioToolWindowActionStatsOrBuilder      : loaded 2 times (x 68B)
Class com.google.wireless.android.sdk.stats.StartupPerformanceFrameBecameInteractiveEventOrBuilder: loaded 2 times (x 68B)
Class [Lorg.jetbrains.kotlin.gradle.plugin.sources.KotlinDependencyScope;             : loaded 2 times (x 67B)
Class org.jetbrains.kotlin.gradle.utils.ConfigurationsKt$maybeCreateDependencyScope$1 : loaded 2 times (x 76B)
Class org.jetbrains.kotlin.gradle.plugin.KotlinJsPluginWrapper                        : loaded 2 times (x 84B)
Class com.google.common.base.Suppliers$SupplierOfInstance                             : loaded 2 times (x 77B)
Class [Lorg.jetbrains.kotlin.gradle.dsl.jvm.JvmTargetValidationMode;                  : loaded 2 times (x 67B)
Class org.jetbrains.kotlin.gradle.tasks.configuration.AbstractKotlinCompileConfig$1$1 : loaded 2 times (x 72B)
Class org.jetbrains.kotlin.konan.target.KonanTarget$TVOS_ARM64                        : loaded 2 times (x 76B)
Class org.objectweb.asm.RecordComponentVisitor                                        : loaded 2 times (x 75B)
Class com.google.wireless.android.sdk.stats.AndroidStudioEventOrBuilder               : loaded 2 times (x 68B)
Class org.jetbrains.kotlin.gradle.tasks.configuration.AbstractKotlinCompileConfig$1$2 : loaded 2 times (x 72B)
Class org.jetbrains.kotlin.tooling.core.Extras$Entry$Companion                        : loaded 2 times (x 69B)
Class org.jetbrains.kotlin.gradle.dsl.KotlinCommonCompilerOptionsDefault              : loaded 2 times (x 94B)
Class org.jetbrains.kotlin.gradle.plugin.mpp.HierarchyAttributeContainer              : loaded 2 times (x 81B)
Class com.android.ide.common.resources.configuration.CountryCodeQualifier             : loaded 2 times (x 86B)
Class kotlin.text.Regex$Companion                                                     : loaded 2 times (x 69B)
Class com.google.common.reflect.Types$ClassOwnership$1                                : loaded 2 times (x 78B)
Class com.google.common.reflect.Invokable                                             : loaded 2 times (x 99B)
Class org.jetbrains.kotlin.gradle.tasks.configuration.AbstractKotlinCompileConfig$1$4 : loaded 2 times (x 73B)
Class org.jetbrains.kotlin.build.report.metrics.GradleBuildPerformanceMetric$Companion: loaded 2 times (x 69B)
Class com.google.common.reflect.Types$ClassOwnership$2                                : loaded 2 times (x 78B)
Class org.jetbrains.kotlin.gradle.tasks.configuration.AbstractKotlinCompileConfig$1$5 : loaded 2 times (x 73B)
Class org.jetbrains.kotlin.gradle.plugin.diagnostics.checkers.OverriddenKotlinNativeHomeChecker$StdlibExistenceCheckerValueSource$Params: loaded 2 times (x 68B)
Class org.jetbrains.kotlin.gradle.plugin.KotlinCompilationToRunnableFiles             : loaded 2 times (x 68B)
Class com.google.common.reflect.Types$ClassOwnership$3                                : loaded 2 times (x 69B)
Class org.jetbrains.kotlin.gradle.tasks.configuration.AbstractKotlinCompileConfig$1$6 : loaded 2 times (x 73B)
Class org.jetbrains.kotlin.gradle.dsl.KotlinProjectExtensionKt                        : loaded 2 times (x 69B)
Class [Lgroovyjarjarasm.asm.Symbol;                                                   : loaded 2 times (x 67B)
Class com.android.tools.lint.model.LintModelDependencies                              : loaded 2 times (x 68B)
Class org.jetbrains.kotlin.gradle.plugin.mpp.KotlinSoftwareComponentKt                : loaded 2 times (x 69B)
Class org.jetbrains.kotlin.gradle.tasks.UsesKotlinJavaToolchain                       : loaded 2 times (x 68B)
Class com.google.wireless.android.sdk.stats.UiToolsPreferencesEvent                   : loaded 2 times (x 202B)
Class [Lorg.jetbrains.kotlin.cli.common.CompilerSystemProperties;                     : loaded 2 times (x 67B)
Class org.jetbrains.kotlin.gradle.plugin.mpp.KotlinTargetComponentWithCoordinatesAndPublication: loaded 2 times (x 68B)
Class org.jetbrains.kotlin.gradle.artifacts.KotlinMetadataArtifactKt$KotlinMetadataArtifact$1: loaded 2 times (x 72B)
Class org.jetbrains.kotlin.gradle.plugin.DefaultKotlinBasePlugin$addKotlinCompilerConfiguration$1: loaded 2 times (x 73B)
Class it.unimi.dsi.fastutil.ints.IntArrays$ForkJoinQuickSortComp                      : loaded 2 times (x 88B)
Class com.google.wireless.android.sdk.stats.IdePluginInfo                             : loaded 2 times (x 196B)
Class org.codehaus.groovy.ast.stmt.SwitchStatement                                    : loaded 2 times (x 115B)
Class org.jetbrains.kotlin.gradle.utils.WhenEvaluatedKt                               : loaded 2 times (x 69B)
Class org.jetbrains.kotlin.tooling.core.ExtrasPropertyKt                              : loaded 2 times (x 69B)
Class org.jetbrains.kotlin.gradle.plugin.DefaultKotlinBasePlugin$addKotlinCompilerConfiguration$3: loaded 2 times (x 73B)
Class com.google.common.collect.FluentIterable$2                                      : loaded 2 times (x 79B)
Class com.android.ide.common.resources.DataFile                                       : loaded 2 times (x 81B)
Class com.google.wireless.android.sdk.stats.EditorNotification                        : loaded 2 times (x 192B)
Class org.codehaus.groovy.GroovyBugError                                              : loaded 2 times (x 82B)
Class com.android.tools.lint.model.DefaultLintModelModule                             : loaded 2 times (x 96B)
Class com.google.common.cache.LocalCache$HashIterator                                 : loaded 2 times (x 84B)
Class org.jetbrains.kotlin.gradle.targets.CreateTargetConfigurationsSideEffectKt      : loaded 2 times (x 69B)
Class org.jetbrains.kotlin.gradle.plugin.VariantImplementationFactories$Companion$getProvider$2$1$1: loaded 2 times (x 73B)
Class com.google.common.collect.Tables$ImmutableCell                                  : loaded 2 times (x 80B)
Class [Lcom.android.resources.NavigationState;                                        : loaded 2 times (x 67B)
Class org.jetbrains.kotlin.gradle.utils.FailuresKt$ideaSyncClasspathModeUtil$1        : loaded 2 times (x 70B)
Class org.jetbrains.kotlin.gradle.plugin.mpp.KotlinUsages$KotlinCinteropCompatibility : loaded 2 times (x 75B)
Class com.google.wireless.android.sdk.stats.EditingMetricsEvent                       : loaded 2 times (x 194B)
Class com.google.wireless.android.sdk.stats.GradleSyncStatsOrBuilder                  : loaded 2 times (x 68B)
Class org.codehaus.groovy.runtime.dgmimpl.arrays.LongArrayPutAtMetaMethod             : loaded 2 times (x 95B)
Class org.jetbrains.kotlin.cli.common.CompilerSystemProperties$value$1                : loaded 2 times (x 123B)
Class com.google.wireless.android.sdk.stats.WearPairingEvent                          : loaded 2 times (x 192B)
Class org.jetbrains.kotlin.gradle.plugin.sources.ConsistencyCheck                     : loaded 2 times (x 70B)
Class [Lorg.jetbrains.kotlin.gradle.plugin.HasKotlinDependencies;                     : loaded 2 times (x 67B)
Class org.jetbrains.kotlin.cli.common.messages.MessageCollector$Companion             : loaded 2 times (x 69B)
Class org.jetbrains.kotlin.cli.common.CompilerSystemProperties$value$2                : loaded 2 times (x 123B)
Class com.google.common.cache.LocalCache$WriteThroughEntry                            : loaded 2 times (x 77B)
Class org.objectweb.asm.ClassTooLargeException                                        : loaded 2 times (x 81B)
Class org.jetbrains.kotlin.gradle.plugin.diagnostics.checkers.OverriddenKotlinNativeHomeChecker$StdlibExistenceCheckerValueSource$Inject: loaded 2 times (x 107B)
Class com.google.wireless.android.sdk.stats.EssentialsModeEvent                       : loaded 2 times (x 192B)
Class com.google.wireless.android.sdk.stats.KotlinProjectConfiguration                : loaded 2 times (x 212B)
Class com.google.wireless.android.sdk.stats.MemoryUsageReportEventOrBuilder           : loaded 2 times (x 68B)
Class org.jetbrains.kotlin.gradle.plugin.diagnostics.CheckKotlinGradlePluginConfigurationErrorsKt$locateOrRegisterCheckKotlinGradlePluginErrorsTask$taskProvider$1: loaded 2 times (x 73B)
Class org.jetbrains.kotlin.gradle.artifacts.KotlinJsKlibArtifactKt                    : loaded 2 times (x 69B)
Class com.google.wireless.android.sdk.stats.GradleFailureDetails                      : loaded 2 times (x 196B)
Class com.google.wireless.android.sdk.stats.OomDialogEventOrBuilder                   : loaded 2 times (x 68B)
Class com.android.tools.analytics.UsageTracker$setMaxJournalTime$1                    : loaded 2 times (x 77B)
Class com.google.protobuf.UnsafeUtil$MemoryAccessor                                   : loaded 2 times (x 89B)
Class org.jetbrains.kotlin.gradle.plugin.mpp.compilationImpl.DefaultKotlinCompilationSourceSetsContainer: loaded 2 times (x 76B)
Class com.google.wireless.android.sdk.stats.WindowsDefenderStatusOrBuilder            : loaded 2 times (x 68B)
Class com.android.prefs.AndroidLocationsProvider                                      : loaded 2 times (x 68B)
Class org.jetbrains.kotlin.gradle.plugin.mpp.compilationImpl.factory.KotlinCompilationImplFactory$KotlinCompilationSourceSetsContainerFactory: loaded 2 times (x 68B)
Class org.jetbrains.kotlin.gradle.internal.properties.PropertiesBuildService$Params   : loaded 2 times (x 68B)
Class org.gradle.api.internal.classpath.UnknownModuleException                        : loaded 2 times (x 80B)
Class kotlin.coroutines.intrinsics.IntrinsicsKt__IntrinsicsJvmKt                      : loaded 2 times (x 69B)
Class com.android.tools.analytics.Environment                                         : loaded 2 times (x 71B)
Class org.jetbrains.kotlin.konan.target.TargetSupportException                        : loaded 2 times (x 80B)
Class com.google.common.collect.FluentIterable$1                                      : loaded 2 times (x 79B)
Class com.google.wireless.android.sdk.stats.RenderSecurityManagerEvent                : loaded 2 times (x 196B)
Class org.codehaus.groovy.runtime.callsite.BooleanClosureWrapper                      : loaded 2 times (x 72B)
Class com.google.common.collect.FluentIterable                                        : loaded 2 times (x 79B)
Class org.jetbrains.kotlin.gradle.tasks.AbstractKotlinCompileTool$sources$1           : loaded 2 times (x 77B)
Class org.jetbrains.kotlin.konan.target.KonanTarget$IOS_X64                           : loaded 2 times (x 76B)
Class com.google.common.util.concurrent.AbstractFuture$Listener                       : loaded 2 times (x 70B)
Class com.google.protobuf.CodedInputStream                                            : loaded 2 times (x 117B)
Class org.codehaus.groovy.reflection.ClassInfo$GlobalClassSet                         : loaded 2 times (x 74B)
Class kotlin.reflect.KProperty0                                                       : loaded 2 times (x 68B)
Class com.android.tools.lint.model.DefaultLintModelVariant$mainArtifact$2             : loaded 2 times (x 77B)
Class com.google.common.collect.CollectSpliterators$1                                 : loaded 2 times (x 88B)
Class org.jetbrains.kotlin.gradle.plugin.mpp.InternalKotlinTargetComponent            : loaded 2 times (x 91B)
Class com.google.wireless.android.sdk.stats.StudioProjectChangeOrBuilder              : loaded 2 times (x 68B)
Class kotlin.reflect.KProperty1                                                       : loaded 2 times (x 68B)
Class org.apache.commons.io.output.AbstractByteArrayOutputStream                      : loaded 2 times (x 100B)
Class org.jetbrains.kotlin.gradle.plugin.mpp.compilationImpl.KotlinCompilationRegisterInSourceSetsConfigurator$configure$1: loaded 2 times (x 77B)
Class org.jetbrains.kotlin.gradle.tasks.configuration.BaseKotlinCompileConfig         : loaded 2 times (x 70B)
Class com.google.wireless.android.sdk.stats.DirectAccessUsageEvent                    : loaded 2 times (x 216B)
Class kotlin.reflect.KProperty2                                                       : loaded 2 times (x 68B)
Class com.google.wireless.android.sdk.stats.ApkAnalyzerStatsOrBuilder                 : loaded 2 times (x 68B)
Class com.android.tools.analytics.UsageTrackerWriter                                  : loaded 2 times (x 79B)
Class [Lcom.google.protobuf.Internal$EnumLite;                                        : loaded 2 times (x 67B)
Class com.google.common.collect.MapMakerInternalMap$StrongKeyDummyValueEntry$LinkedStrongKeyDummyValueEntry: loaded 2 times (x 80B)
Class com.google.protobuf.NioByteString                                               : loaded 2 times (x 102B)
Class com.google.common.collect.Iterables$4                                           : loaded 2 times (x 79B)
Class org.jetbrains.kotlin.gradle.tasks.DefaultKotlinJavaToolchain$DefaultJdkSetter   : loaded 2 times (x 74B)
Class org.jetbrains.kotlin.compilerRunner.GradleCompilerRunner$Companion              : loaded 2 times (x 69B)
Class org.jetbrains.kotlin.gradle.dsl.KotlinVersion$Companion                         : loaded 2 times (x 69B)
Class com.google.wireless.android.sdk.stats.SystemHealthEventOrBuilder                : loaded 2 times (x 68B)
Class org.codehaus.groovy.ast.ImportNode                                              : loaded 2 times (x 128B)
Class org.codehaus.groovy.control.messages.SyntaxErrorMessage                         : loaded 2 times (x 72B)
Class org.codehaus.groovy.ast.expr.TupleExpression                                    : loaded 2 times (x 136B)
Class com.google.common.collect.Iterables$5                                           : loaded 2 times (x 79B)
Class org.objectweb.asm.Edge                                                          : loaded 2 times (x 70B)
Class org.jetbrains.kotlin.gradle.plugin.AbstractKotlinAndroidPluginWrapper           : loaded 2 times (x 84B)
Class com.android.tools.analytics.AnalyticsSettingsData$Companion                     : loaded 2 times (x 69B)
Class org.jetbrains.kotlin.gradle.plugin.KotlinJvmPlugin                              : loaded 2 times (x 78B)
Class com.google.wireless.android.sdk.stats.PSDEventOrBuilder                         : loaded 2 times (x 68B)
Class com.google.wireless.android.sdk.stats.GradleJdkInvalidEventOrBuilder            : loaded 2 times (x 68B)
Class com.google.protobuf.Internal$ProtobufList                                       : loaded 2 times (x 68B)
Class [Lorg.codehaus.groovy.reflection.CachedField;                                   : loaded 2 times (x 67B)
Class org.codehaus.groovy.reflection.CachedConstructor                                : loaded 2 times (x 86B)
Class com.google.wireless.android.sdk.stats.RunFinishDataOrBuilder                    : loaded 2 times (x 68B)
Class org.jetbrains.kotlin.gradle.internal.properties.PropertiesBuildService$Inject   : loaded 2 times (x 94B)
Class org.codehaus.groovy.runtime.metaclass.MetaMethodIndex$Header                    : loaded 2 times (x 70B)
Class com.android.ide.common.gradle.Version$Companion$ParseState                      : loaded 2 times (x 68B)
Class com.google.wireless.android.sdk.stats.IntelliJNewUIStateOrBuilder               : loaded 2 times (x 68B)
Class it.unimi.dsi.fastutil.longs.LongSet                                             : loaded 2 times (x 68B)
Class org.jetbrains.kotlin.gradle.plugin.VariantImplementationFactories$Companion     : loaded 2 times (x 69B)
Class org.jetbrains.kotlin.gradle.utils.AndroidPluginIdsKt                            : loaded 2 times (x 69B)
Class com.google.wireless.android.sdk.stats.NonTransitiveRClassMigrationEvent         : loaded 2 times (x 198B)
Class org.apache.groovy.util.Maps                                                     : loaded 2 times (x 69B)
Class kotlin.jvm.internal.ArrayIteratorKt                                             : loaded 2 times (x 69B)
Class org.jetbrains.kotlin.gradle.targets.js.dsl.KotlinWasmWasiTargetDsl              : loaded 2 times (x 68B)
Class com.android.ide.common.rendering.api.ResourceValue                              : loaded 2 times (x 68B)
Class [Lcom.android.prefs.LocationValue;                                              : loaded 2 times (x 67B)
Class org.jetbrains.kotlin.gradle.targets.js.npm.BaseNpmDependencyExtension           : loaded 2 times (x 68B)
Class com.google.wireless.android.sdk.stats.PreviewRefreshEventOrBuilder              : loaded 2 times (x 68B)
Class com.android.ide.common.rendering.api.ResourceValueImpl                          : loaded 2 times (x 96B)
Class [Lgroovy.lang.MetaClassRegistryChangeEventListener;                             : loaded 2 times (x 67B)
Class kotlin.coroutines.Continuation                                                  : loaded 2 times (x 68B)
Class org.jetbrains.kotlin.gradle.plugin.AbstractKotlinPlugin$Companion               : loaded 2 times (x 69B)
Class org.jetbrains.kotlin.gradle.dsl.IosSourceSetConventionChecker                   : loaded 2 times (x 72B)
Class org.gradle.api.internal.classpath.DefaultModuleRegistry                         : loaded 2 times (x 84B)
Class org.codehaus.groovy.util.ReferenceType$SoftRef                                  : loaded 2 times (x 84B)
Class com.google.errorprone.annotations.DoNotMock                                     : loaded 2 times (x 68B)
Class org.jetbrains.kotlin.gradle.plugin.sources.FragmentConsistencyChecks            : loaded 2 times (x 70B)
Class org.jetbrains.kotlin.gradle.plugin.HasProject                                   : loaded 2 times (x 68B)
Class [Lorg.objectweb.asm.SymbolTable$Entry;                                          : loaded 2 times (x 67B)
Class com.google.common.cache.RemovalListener                                         : loaded 2 times (x 68B)
Class kotlin.ranges.IntProgression$Companion                                          : loaded 2 times (x 69B)
Class com.google.common.reflect.Types$JavaVersion                                     : loaded 2 times (x 81B)
Class org.jetbrains.kotlin.gradle.tooling.BuildKotlinToolingMetadataTask$FromKotlinExtension: loaded 2 times (x 315B)
Class org.jetbrains.kotlin.gradle.dsl.AndroidMainSourceSetConventionsChecker          : loaded 2 times (x 72B)
Class org.jetbrains.kotlin.gradle.plugin.mpp.compilationImpl.KotlinCompilationSideEffect: loaded 2 times (x 68B)
Class org.jetbrains.kotlin.gradle.internal.properties.PropertiesBuildService$NullableBooleanGradleProperty: loaded 2 times (x 74B)
Class org.codehaus.groovy.runtime.metaclass.MethodHelper                              : loaded 2 times (x 69B)
Class com.google.protobuf.Internal$ListAdapter$Converter                              : loaded 2 times (x 68B)
Class org.codehaus.groovy.runtime.dgmimpl.arrays.DoubleArrayGetAtMetaMethod           : loaded 2 times (x 95B)
Class kotlin.collections.builders.AbstractMapBuilderEntrySet                          : loaded 2 times (x 142B)
Class kotlin.TuplesKt                                                                 : loaded 2 times (x 69B)
Class org.codehaus.groovy.runtime.metaclass.MissingPropertyExceptionNoStack           : loaded 2 times (x 87B)
Class kotlin.KotlinVersionCurrentValue                                                : loaded 2 times (x 69B)
Class kotlin.text.CharsKt__CharJVMKt                                                  : loaded 2 times (x 69B)
Class org.jetbrains.kotlin.gradle.dsl.KotlinJvmProjectExtension                       : loaded 2 times (x 137B)
Class org.apache.commons.io.file.PathFilter                                           : loaded 2 times (x 68B)
Class org.jetbrains.kotlin.gradle.utils.ProviderApiUtilsKt$providerWithLazyConvention$1: loaded 2 times (x 72B)
Class com.android.ide.common.resources.configuration.ScreenDimensionQualifier         : loaded 2 times (x 87B)
Class groovy.grape.GrapeIvy                                                           : loaded 2 times (x 125B)
Class groovy.lang.MetaClassImpl$MetaConstructor                                       : loaded 2 times (x 94B)
Class com.google.common.collect.CollectSpliterators$1WithCharacteristics              : loaded 2 times (x 88B)
Class com.google.common.base.Suppliers$MemoizingSupplier                              : loaded 2 times (x 77B)
Class com.google.wireless.android.sdk.stats.SystemHealthEvent                         : loaded 2 times (x 207B)
Class com.google.wireless.android.sdk.stats.DeviceMirroringSessionOrBuilder           : loaded 2 times (x 68B)
Class it.unimi.dsi.fastutil.ints.IntArraySet                                          : loaded 2 times (x 233B)
Class it.unimi.dsi.fastutil.Hash                                                      : loaded 2 times (x 68B)
Class org.jetbrains.kotlin.gradle.tasks.configuration.TaskConfigAction$configureTask$1: loaded 2 times (x 77B)
Class org.jetbrains.kotlin.gradle.plugin.diagnostics.checkers.MissingNativeStdlibChecker: loaded 2 times (x 72B)
Class org.jetbrains.kotlin.gradle.plugin.VariantImplementationFactoriesConfigurator   : loaded 2 times (x 74B)
Class com.google.common.base.Suppliers                                                : loaded 2 times (x 69B)
Class org.codehaus.groovy.runtime.memoize.ValueConvertable                            : loaded 2 times (x 68B)
Class org.codehaus.groovy.util.ReferenceType$1                                        : loaded 2 times (x 78B)
Class kotlin.reflect.jvm.internal.KClassifierImpl                                     : loaded 2 times (x 68B)
Class com.google.wireless.android.sdk.stats.StudioCrash                               : loaded 2 times (x 206B)
Class org.codehaus.groovy.util.ReferenceType$2                                        : loaded 2 times (x 78B)
Class org.jetbrains.kotlin.gradle.plugin.statistics.FinalizeConfigurationFusMetricActionKt: loaded 2 times (x 69B)
Class org.codehaus.groovy.util.ReferenceType$3                                        : loaded 2 times (x 78B)
Class com.google.wireless.android.sdk.stats.ComposePreviewLiteModeEvent               : loaded 2 times (x 194B)
Class org.codehaus.groovy.util.ReferenceType$4                                        : loaded 2 times (x 78B)
Class kotlin.io.path.PathsKt                                                          : loaded 2 times (x 69B)
Class org.jetbrains.kotlin.gradle.plugin.diagnostics.checkers.AndroidPluginWithoutAndroidTargetChecker$runChecks$1: loaded 2 times (x 86B)
Class kotlin.jvm.internal.MutablePropertyReference1Impl                               : loaded 2 times (x 135B)
Class org.jetbrains.kotlin.gradle.internal.properties.NativePropertiesLoader$jvmArgs$1: loaded 2 times (x 73B)
Class org.jetbrains.kotlin.gradle.plugin.internal.DefaultProjectIsolationStartParameterAccessor_Decorated: loaded 2 times (x 123B)
Class org.jetbrains.kotlin.gradle.targets.js.dsl.KotlinWasmTargetDsl                  : loaded 2 times (x 68B)
Class com.google.wireless.android.sdk.stats.JniInspectionEvent                        : loaded 2 times (x 198B)
Class com.google.wireless.android.sdk.stats.UIActionStats                             : loaded 2 times (x 205B)
Class org.codehaus.groovy.ast.stmt.LoopingStatement                                   : loaded 2 times (x 68B)
Class org.jetbrains.kotlin.gradle.plugin.mpp.compilationImpl.factory.KotlinCompilationImplFactory$PostConfigure: loaded 2 times (x 68B)
Class com.google.common.io.FileWriteMode                                              : loaded 2 times (x 77B)
Class org.codehaus.groovy.runtime.ScriptBytecodeAdapter                               : loaded 2 times (x 69B)
Class org.jetbrains.kotlin.gradle.utils.Completable$await$1                           : loaded 2 times (x 86B)
Class org.jetbrains.kotlin.gradle.tasks.TasksProviderKt                               : loaded 2 times (x 69B)
Class com.android.ide.common.rendering.api.TextResourceValueImpl                      : loaded 2 times (x 107B)
Class com.google.wireless.android.sdk.stats.GradleSyncIssue                           : loaded 2 times (x 196B)
Class com.google.common.collect.MapMakerInternalMap$StrongKeyDummyValueEntry          : loaded 2 times (x 80B)
Class org.jetbrains.kotlin.gradle.plugin.hierarchy.KotlinSourceSetTreeClassifier      : loaded 2 times (x 68B)
Class org.jetbrains.kotlin.gradle.plugin.diagnostics.KotlinGradleProjectChecker$Companion: loaded 2 times (x 69B)
Class com.google.common.cache.LoadingCache                                            : loaded 2 times (x 68B)
Class org.gradle.internal.service.ServiceLookupException                              : loaded 2 times (x 80B)
Class [Lcom.android.resources.Density;                                                : loaded 2 times (x 67B)
Class kotlin.SafePublicationLazyImpl$Companion                                        : loaded 2 times (x 69B)
Class com.google.common.collect.MapMakerInternalMap$StrongKeyDummyValueSegment        : loaded 2 times (x 140B)
Class org.codehaus.groovy.ast.stmt.AssertStatement                                    : loaded 2 times (x 112B)
Class com.android.tools.lint.model.DefaultLintModelVariant                            : loaded 2 times (x 99B)
Class org.jetbrains.kotlin.build.report.metrics.BuildPerformanceMetrics$Companion     : loaded 2 times (x 69B)
Class org.jetbrains.kotlin.gradle.plugin.mpp.InternalKotlinTarget                     : loaded 2 times (x 68B)
Class com.google.wireless.android.sdk.stats.TestRecorderDetailsOrBuilder              : loaded 2 times (x 68B)
Class org.jetbrains.kotlin.gradle.plugin.mpp.DefaultKotlinUsageContext                : loaded 2 times (x 106B)
Class org.codehaus.groovy.runtime.metaclass.DefaultMetaClassInfo                      : loaded 2 times (x 69B)
Class org.jetbrains.kotlin.cli.common.arguments.CommonToolArguments                   : loaded 2 times (x 71B)
Class org.jetbrains.kotlin.gradle.targets.native.toolchain.KotlinNativeBundleBuildService$Parameters_Decorated: loaded 2 times (x 141B)
Class groovy.lang.groovydoc.GroovydocHolder                                           : loaded 2 times (x 68B)
Class com.android.prefs.LocationValue                                                 : loaded 2 times (x 68B)
Class jdk.internal.jimage.ImageStringsReader                                          : loaded 2 times (x 78B)
Class com.google.wireless.android.sdk.stats.AndroidProfilerDbStats                    : loaded 2 times (x 200B)
Class com.google.wireless.android.sdk.stats.EditingMetricsEventOrBuilder              : loaded 2 times (x 68B)
Class org.jetbrains.kotlin.gradle.tasks.TaskOutputsBackup                             : loaded 2 times (x 70B)
Class com.google.protobuf.ByteString                                                  : loaded 2 times (x 99B)
Class [Lorg.codehaus.groovy.ast.ASTNode;                                              : loaded 2 times (x 67B)
Class org.codehaus.groovy.control.CompilationUnit$IPrimaryClassNodeOperation          : loaded 2 times (x 68B)
Class kotlin.sequences.SequencesKt__SequencesKt$asSequence$$inlined$Sequence$1        : loaded 2 times (x 73B)
Class com.android.utils.DateProvider$1                                                : loaded 2 times (x 73B)
Class com.google.wireless.android.sdk.stats.VfsRefreshOrBuilder                       : loaded 2 times (x 68B)
Class groovyjarjarasm.asm.AnnotationWriter                                            : loaded 2 times (x 77B)
Class org.jetbrains.kotlin.gradle.artifacts.KotlinLegacyCompatibilityMetadataArtifactKt$KotlinLegacyCompatibilityMetadataArtifact$1: loaded 2 times (x 72B)
Class [Lorg.jetbrains.kotlin.build.report.metrics.GradleBuildPerformanceMetric;       : loaded 2 times (x 67B)
Class org.codehaus.groovy.ast.ClassNode$MapOfLists                                    : loaded 2 times (x 73B)
Class org.codehaus.groovy.GroovyExceptionInterface                                    : loaded 2 times (x 68B)
Class org.codehaus.groovy.runtime.callsite.CallSite                                   : loaded 2 times (x 68B)
Class [Lorg.jetbrains.kotlin.statistics.metrics.NumberOverridePolicy;                 : loaded 2 times (x 67B)
Class com.google.wireless.android.sdk.stats.StudioPatchUpdaterEvent                   : loaded 2 times (x 202B)
Class [Lgroovy.lang.MetaClass;                                                        : loaded 2 times (x 67B)
Class com.google.common.base.Present                                                  : loaded 2 times (x 79B)
Class org.jetbrains.kotlin.gradle.tasks.configuration.BaseKotlinCompileConfig$1$3$2   : loaded 2 times (x 73B)
Class com.google.common.collect.ReverseNaturalOrdering                                : loaded 2 times (x 112B)
Class org.jetbrains.kotlin.gradle.tasks.KotlinCompile$scriptExtensions$1              : loaded 2 times (x 77B)
Class org.jetbrains.kotlin.gradle.plugin.sources.DefaultKotlinSourceSet               : loaded 2 times (x 139B)
Class org.codehaus.groovy.runtime.EncodingGroovyMethods                               : loaded 2 times (x 69B)
Class org.codehaus.groovy.util.ReferenceManager$1                                     : loaded 2 times (x 75B)
Class kotlin.reflect.jvm.internal.KMutableProperty1Impl                               : loaded 2 times (x 133B)
Class kotlin.collections.EmptySet                                                     : loaded 2 times (x 120B)
Class com.android.ProgressManagerAdapter                                              : loaded 2 times (x 71B)
Class org.jetbrains.kotlin.gradle.plugin.mpp.InternalKotlinCompilationKt$awaitAllKotlinSourceSets$1: loaded 2 times (x 86B)
Class org.jetbrains.kotlin.gradle.internal.KotlinDependenciesManagementKt$configureDefaultVersionsResolutionStrategy$1: loaded 2 times (x 73B)
Class org.jetbrains.kotlin.gradle.plugin.statistics.BuildFusService$Parameters        : loaded 2 times (x 68B)
Class kotlin.reflect.jvm.internal.EmptyContainerForLocal                              : loaded 2 times (x 82B)
Class kotlin.text.DelimitedRangesSequence                                             : loaded 2 times (x 73B)
Class org.jetbrains.kotlin.tooling.core.ExtrasPropertyKt$extrasLazyProperty$1         : loaded 2 times (x 92B)
Class org.jetbrains.kotlin.gradle.plugin.UsesVariantImplementationFactories           : loaded 2 times (x 68B)
Class groovy.lang.Range                                                               : loaded 2 times (x 68B)
Class groovy.lang.ObjectRange                                                         : loaded 2 times (x 204B)
Class it.unimi.dsi.fastutil.objects.ObjectIterator                                    : loaded 2 times (x 68B)
Class org.gradle.internal.classpath.ClassPath                                         : loaded 2 times (x 68B)
Class org.jetbrains.kotlin.gradle.tasks.GradleCompileTaskProvider_Decorated           : loaded 2 times (x 119B)
Class [Lorg.jetbrains.kotlin.build.report.metrics.BuildPerformanceMetric;             : loaded 2 times (x 67B)
Class [Lorg.gradle.api.internal.ClassPathProvider;                                    : loaded 2 times (x 67B)
Class jdk.internal.jimage.ImageReader$SharedImageReader$LocationVisitor               : loaded 2 times (x 68B)
Class kotlin.collections.MutableMapWithDefault                                        : loaded 2 times (x 68B)
Class Build_gradle$inlined$sam$i$org_gradle_api_Action$0                              : loaded 2 times (x 73B)
Class org.jetbrains.kotlin.gradle.utils.ConfigurationsKt$maybeCreateResolvable$1      : loaded 2 times (x 76B)
Class com.google.common.util.concurrent.AbstractFuture$SafeAtomicHelper               : loaded 2 times (x 77B)
Class com.google.common.collect.ImmutableMultimap$Values                              : loaded 2 times (x 124B)
Class org.jetbrains.kotlin.gradle.plugin.diagnostics.KotlinToolingDiagnostics$WasmJsEnvironmentNotChosenExplicitly: loaded 2 times (x 71B)
Class org.jetbrains.kotlin.statistics.BuildSessionLogger$Companion                    : loaded 2 times (x 69B)
Class org.codehaus.groovy.ast.expr.VariableExpression                                 : loaded 2 times (x 155B)
Class org.jetbrains.kotlin.gradle.tasks.DefaultKotlinJavaToolchain$Companion$wireJvmTargetToJvm$1: loaded 2 times (x 73B)
Class com.google.wireless.android.sdk.stats.AdbAssistantStatsOrBuilder                : loaded 2 times (x 68B)
Class it.unimi.dsi.fastutil.objects.ObjectIterable                                    : loaded 2 times (x 68B)
Class [Lorg.jetbrains.kotlin.gradle.dsl.KotlinVersion;                                : loaded 2 times (x 67B)
Class com.google.wireless.android.sdk.stats.DeviceScreenshotEventOrBuilder            : loaded 2 times (x 68B)
Class org.jetbrains.kotlin.tooling.core.AbstractExtras                                : loaded 2 times (x 139B)
Class com.google.common.cache.CacheLoader$SupplierToCacheLoader                       : loaded 2 times (x 73B)
Class org.codehaus.groovy.reflection.stdclasses.ByteCachedClass                       : loaded 2 times (x 93B)
Class org.jetbrains.kotlin.gradle.targets.metadata.KotlinMetadataTargetConfiguratorKt$isNativeSourceSet$2: loaded 2 times (x 93B)
Class org.jetbrains.kotlin.gradle.plugin.sources.KotlinDependencyScopeKt$WhenMappings : loaded 2 times (x 69B)
Class org.gradle.util.internal.GUtil                                                  : loaded 2 times (x 69B)
Class com.google.wireless.android.sdk.stats.SdkIndexLoadingDetails                    : loaded 2 times (x 194B)
Class it.unimi.dsi.fastutil.ints.AbstractIntSet                                       : loaded 2 times (x 231B)
Class kotlin.coroutines.ContinuationInterceptor                                       : loaded 2 times (x 68B)
Class com.google.wireless.android.sdk.stats.AndroidStudioEvent$EventKind              : loaded 2 times (x 85B)
Class com.google.wireless.android.sdk.stats.GfxTracingDetailsOrBuilder                : loaded 2 times (x 68B)
Class org.codehaus.groovy.runtime.metaclass.MetaMethodIndex$Entry                     : loaded 2 times (x 70B)
Class kotlin.jvm.internal.CollectionToArray                                           : loaded 2 times (x 69B)
Class org.jetbrains.kotlin.gradle.plugin.KotlinPluginWrapperKt                        : loaded 2 times (x 69B)
Class com.google.wireless.android.sdk.stats.LldbSessionStartDetailsOrBuilder          : loaded 2 times (x 68B)
Class kotlin.reflect.jvm.internal.ReflectProperties                                   : loaded 2 times (x 69B)
Class com.google.wireless.android.sdk.stats.DialogStatsOrBuilder                      : loaded 2 times (x 68B)
Class groovy.lang.Script                                                              : loaded 2 times (x 93B)
Class org.jetbrains.kotlin.gradle.plugin.mpp.compilationImpl.DefaultKotlinCompilationFriendPathsResolver$resolveFriendPaths$1$1: loaded 2 times (x 77B)
Class org.jetbrains.kotlin.gradle.plugin.KotlinProjectSetupActionKt$KotlinProjectSetupCoroutine$1$1: loaded 2 times (x 93B)
Class com.google.wireless.android.play.playlog.proto.ClientAnalytics$LogEvent$Builder : loaded 2 times (x 294B)
Class [Lcom.google.common.reflect.Types$JavaVersion;                                  : loaded 2 times (x 67B)
Class org.jetbrains.kotlin.gradle.plugin.mpp.compilationImpl.KotlinCompilationConfigurationsContainer: loaded 2 times (x 68B)
Class com.google.gson.stream.JsonWriter                                               : loaded 2 times (x 96B)
Class org.codehaus.groovy.syntax.Types                                                : loaded 2 times (x 69B)
Class com.android.tools.lint.model.LintModelDependencyGraph                           : loaded 2 times (x 68B)
Class org.jetbrains.kotlin.gradle.plugin.DefaultKotlinBasePlugin$addKotlinCompilerConfiguration$3$1: loaded 2 times (x 77B)
Class org.jetbrains.kotlin.statistics.MetricValueValidationFailed                     : loaded 2 times (x 80B)
Class com.google.wireless.android.sdk.stats.StudioPerformanceStats                    : loaded 2 times (x 206B)
Class com.google.wireless.android.sdk.stats.TestRun                                   : loaded 2 times (x 220B)
Class org.jetbrains.kotlin.gradle.model.builder.KotlinModelBuilder$Companion          : loaded 2 times (x 69B)
Class org.jetbrains.kotlin.gradle.targets.NativeForwardImplementationToApiElementsSideEffectKt: loaded 2 times (x 69B)
Class org.jetbrains.kotlin.gradle.plugin.mpp.resources.resolve.KotlinTargetResourcesResolutionStrategy$Companion: loaded 2 times (x 69B)
Class org.jetbrains.kotlin.statistics.ValueAnonymizer                                 : loaded 2 times (x 68B)
Class org.gradle.internal.classloader.ClassLoaderSpec                                 : loaded 2 times (x 69B)
Class org.jetbrains.kotlin.gradle.utils.StringUtilsKt                                 : loaded 2 times (x 69B)
Class com.google.wireless.android.sdk.stats.ImportSampleEventOrBuilder                : loaded 2 times (x 68B)
Class com.google.common.collect.StandardTable                                         : loaded 2 times (x 122B)
Class org.codehaus.groovy.runtime.InvokerHelper                                       : loaded 2 times (x 69B)
Class org.jetbrains.kotlin.gradle.dsl.ToolchainSupport                                : loaded 2 times (x 68B)
Class com.google.wireless.android.sdk.stats.KotlinSupportOrBuilder                    : loaded 2 times (x 68B)
Class com.android.tools.analytics.Environment$Companion                               : loaded 2 times (x 69B)
Class org.jetbrains.kotlin.gradle.plugin.KotlinGradleBuildServices$detectKotlinPluginLoadedInMultipleProjects$onRegister$1$1: loaded 2 times (x 73B)
Class com.google.wireless.android.sdk.stats.ComposeMultiPreviewEventOrBuilder         : loaded 2 times (x 68B)
Class kotlin.jvm.JvmStatic                                                            : loaded 2 times (x 68B)
Class org.jetbrains.kotlin.gradle.plugin.internal.ProjectIsolationStartParameterAccessor: loaded 2 times (x 68B)
Class com.google.common.io.CharSink                                                   : loaded 2 times (x 77B)
Class org.jetbrains.kotlin.gradle.artifacts.KotlinNativeKlibArtifactKt                : loaded 2 times (x 69B)
Class org.objectweb.asm.Frame                                                         : loaded 2 times (x 71B)
Class com.google.common.cache.LocalCache$LocalManualCache                             : loaded 2 times (x 97B)
Class kotlin.coroutines.jvm.internal.SuspendFunction                                  : loaded 2 times (x 68B)
Class com.google.wireless.android.sdk.stats.AndroidStudioEvent$Builder                : loaded 2 times (x 930B)
Class org.jetbrains.kotlin.gradle.plugin.statistics.KotlinBuildStatsConfiguration     : loaded 2 times (x 70B)
Class com.google.wireless.android.sdk.stats.RunEvent                                  : loaded 2 times (x 253B)
Class groovyjarjarasm.asm.FieldWriter                                                 : loaded 2 times (x 76B)
Class kotlin.sequences.DropSequence                                                   : loaded 2 times (x 77B)
Class [Lkotlin.reflect.KAnnotatedElement;                                             : loaded 2 times (x 67B)
Class org.jetbrains.kotlin.gradle.plugin.mpp.compilationImpl.factory.KotlinCompilationImplFactory$KotlinCompilerOptionsFactory: loaded 2 times (x 68B)
Class org.jetbrains.kotlin.gradle.plugin.diagnostics.KotlinGradleProjectCheckersRunnerKt$launchKotlinGradleProjectCheckers$1$1: loaded 2 times (x 93B)
Class org.jetbrains.kotlin.gradle.plugin.KotlinPluginLifecycle$Stage$Companion        : loaded 2 times (x 69B)
Class com.google.wireless.android.sdk.stats.EditorHighlightingStats                   : loaded 2 times (x 196B)
Class com.google.wireless.android.sdk.stats.UserSentiment                             : loaded 2 times (x 194B)
Class org.codehaus.groovy.ast.expr.PropertyExpression                                 : loaded 2 times (x 138B)
Class org.jetbrains.kotlin.statistics.metrics.ConcatMetricContainer$Companion         : loaded 2 times (x 69B)
Class org.jetbrains.kotlin.statistics.metrics.StringAnonymizationPolicy$AllowedListAnonymizer: loaded 2 times (x 77B)
Class com.google.protobuf.Internal$DoubleList                                         : loaded 2 times (x 68B)
Class org.jetbrains.kotlin.gradle.report.ReportingSettings$Companion                  : loaded 2 times (x 69B)
Class org.jetbrains.kotlin.tooling.core.Extras$Type                                   : loaded 2 times (x 70B)
Class com.google.common.cache.CacheLoader$1                                           : loaded 2 times (x 73B)
Class com.google.wireless.android.sdk.stats.SmlGeolocationEvent                       : loaded 2 times (x 198B)
Class org.codehaus.groovy.runtime.metaclass.MetaClassRegistryImpl$DefaultModuleListener: loaded 2 times (x 74B)
Class com.google.wireless.android.sdk.stats.ProductDetails                            : loaded 2 times (x 220B)
Class com.android.ide.common.resources.configuration.DensityQualifier                 : loaded 2 times (x 87B)
Class com.google.wireless.android.sdk.stats.OptInToMetricsOrBuilder                   : loaded 2 times (x 68B)
Class groovy.lang.ExpandoMetaClass                                                    : loaded 2 times (x 225B)
Class groovy.lang.TrampolineClosure                                                   : loaded 2 times (x 130B)
Class org.jetbrains.kotlin.gradle.plugin.sources.FragmentConsistencyChecks$unstableFeaturesCheck$1: loaded 2 times (x 77B)
Class [Lorg.codehaus.groovy.ast.NodeMetaDataHandler;                                  : loaded 2 times (x 67B)
Class org.codehaus.groovy.runtime.InvokerHelper$1                                     : loaded 2 times (x 93B)
Class com.android.ide.common.gradle.Version$Companion$ParseState$NUMERIC              : loaded 2 times (x 72B)
Class org.jetbrains.kotlin.gradle.plugin.sources.FragmentConsistencyChecks$unstableFeaturesCheck$2: loaded 2 times (x 76B)
Class com.google.wireless.android.sdk.stats.FileType                                  : loaded 2 times (x 199B)
Class org.codehaus.groovy.runtime.InvokerHelper$2                                     : loaded 2 times (x 93B)
Class [Lcom.android.resources.Navigation;                                             : loaded 2 times (x 67B)
Class com.android.ide.common.resources.configuration.NavigationMethodQualifier        : loaded 2 times (x 88B)
Class com.google.wireless.android.sdk.stats.GoogleLoginPluginEvent                    : loaded 2 times (x 198B)
Class com.google.common.util.concurrent.AbstractFuture$TrustedFuture                  : loaded 2 times (x 95B)
Class com.google.wireless.android.sdk.stats.ScreenshotTestComposePreviewEvent         : loaded 2 times (x 199B)
Class kotlin.sequences.TakeWhileSequence                                              : loaded 2 times (x 73B)
Class org.jetbrains.kotlin.gradle.plugin.statistics.BuildFusService$Inject            : loaded 2 times (x 102B)
Class org.jetbrains.kotlin.gradle.tasks.AbstractKotlinCompile$defaultKotlinJavaToolchain$1: loaded 2 times (x 76B)
Class com.android.ide.common.resources.configuration.NetworkCodeQualifier             : loaded 2 times (x 86B)
Class com.google.wireless.android.sdk.stats.BackupUsageEvent                          : loaded 2 times (x 199B)
Class [Lkotlin.Pair;                                                                  : loaded 2 times (x 67B)
Class com.android.tools.lint.model.DefaultLintModelLibrary                            : loaded 2 times (x 84B)
Class org.jetbrains.kotlin.gradle.tasks.BaseKotlinCompile                             : loaded 2 times (x 68B)
Class org.jetbrains.kotlin.gradle.internal.KotlinDomApiDependencyManagementKt         : loaded 2 times (x 69B)
Class org.jetbrains.kotlin.gradle.plugin.mpp.InternalKotlinCompilation                : loaded 2 times (x 68B)
Class com.android.ide.common.resources.ResourceFile                                   : loaded 2 times (x 85B)
Class kotlin.collections.IndexedValue                                                 : loaded 2 times (x 70B)
Class kotlin.SafePublicationLazyImpl                                                  : loaded 2 times (x 74B)
Class org.codehaus.groovy.ast.expr.AttributeExpression                                : loaded 2 times (x 138B)
Class org.gradle.internal.classloader.InstrumentingClassLoader                        : loaded 2 times (x 68B)
Class com.google.wireless.android.sdk.stats.SdkIndexProjectStats                      : loaded 2 times (x 204B)
Class org.codehaus.groovy.runtime.metaclass.MethodMetaProperty$GetBeanMethodMetaProperty: loaded 2 times (x 76B)
Class org.codehaus.groovy.runtime.dgmimpl.arrays.ArrayPutAtMetaMethod                 : loaded 2 times (x 95B)
Class kotlin.reflect.jvm.internal.impl.builtins.StandardNames                         : loaded 2 times (x 69B)
Class kotlin.reflect.KProperty$Accessor                                               : loaded 2 times (x 68B)
Class [Lorg.jetbrains.kotlin.gradle.plugin.statistics.plugins.ObservablePlugins;      : loaded 2 times (x 67B)
Class com.google.wireless.android.sdk.stats.StopEventOrBuilder                        : loaded 2 times (x 68B)
Class org.jetbrains.kotlin.gradle.tasks.K2MultiplatformStructure                      : loaded 2 times (x 72B)
Class org.jetbrains.kotlin.gradle.internal.KotlinDependenciesManagementKt$allNonProjectDependencies$1: loaded 2 times (x 72B)
Class org.jetbrains.kotlin.gradle.plugin.diagnostics.checkers.NoKotlinTargetsDeclaredChecker: loaded 2 times (x 72B)
Class com.google.protobuf.Descriptors$GenericDescriptor                               : loaded 2 times (x 73B)
Class org.apache.commons.io.FileExistsException                                       : loaded 2 times (x 80B)
Class org.jetbrains.kotlin.statistics.AnonymizerUtilsKt$salt$2                        : loaded 2 times (x 76B)
Class org.jetbrains.kotlin.gradle.tasks.AbstractKotlinCompileTool                     : loaded 2 times (x 364B)
Class com.android.ide.common.rendering.api.TextResourceValue                          : loaded 2 times (x 68B)
Class groovy.lang.GroovyObject                                                        : loaded 2 times (x 68B)
Class org.jetbrains.kotlin.gradle.plugin.KotlinSourceSetTree$Companion                : loaded 2 times (x 69B)
Class org.jetbrains.kotlin.gradle.internal.CompilerArgumentAware                      : loaded 2 times (x 68B)
Class [Lcom.android.tools.analytics.Environment$SystemProperty;                       : loaded 2 times (x 67B)
Class org.codehaus.groovy.runtime.metaclass.MissingMethodExceptionNoStack             : loaded 2 times (x 90B)
Class com.google.common.collect.Maps$ViewCachingAbstractMap                           : loaded 2 times (x 123B)
Class org.jetbrains.kotlin.gradle.targets.CreateArtifactsSideEffectKt                 : loaded 2 times (x 69B)
Class org.jetbrains.kotlin.gradle.plugin.ProjectLocalConfigurations$ProjectLocalDisambiguation: loaded 2 times (x 74B)
Class org.jetbrains.kotlin.gradle.plugin.KotlinPluginInMultipleProjectsHolder         : loaded 2 times (x 70B)
Class org.jetbrains.kotlin.gradle.tasks.KotlinCompileTool                             : loaded 2 times (x 68B)
Class org.jetbrains.kotlin.gradle.plugin.sources.AbstractKotlinSourceSet              : loaded 2 times (x 139B)
Class org.jetbrains.kotlin.gradle.internal.properties.NativePropertiesLoader$konanDataDirProperty$1: loaded 2 times (x 73B)
Class com.google.wireless.android.sdk.stats.ComposeSampleEventOrBuilder               : loaded 2 times (x 68B)
Class [Lkotlin.reflect.jvm.internal.impl.resolve.jvm.JvmPrimitiveType;                : loaded 2 times (x 67B)
Class org.jetbrains.kotlin.gradle.plugin.BuildFinishedListenerService$Companion$registerIfAbsent$2$1: loaded 2 times (x 77B)
Class org.jetbrains.kotlin.compilerRunner.CompilerSystemPropertiesService$Companion$registerIfAbsent$2$1: loaded 2 times (x 77B)
Class org.jetbrains.kotlin.gradle.plugin.mpp.compilationImpl.factory.KotlinCompilationImplFactory$PreConfigure: loaded 2 times (x 68B)
Class com.google.protobuf.GeneratedMessageV3$BuilderParent                            : loaded 2 times (x 68B)
Class org.apache.commons.io.output.QueueOutputStream                                  : loaded 2 times (x 85B)
Class kotlin.annotation.AnnotationTarget                                              : loaded 2 times (x 77B)
Class org.jetbrains.kotlin.gradle.internal.StdlibDependencyManagementKt$addStdlibDependency$1$1: loaded 2 times (x 77B)
Class org.jetbrains.kotlin.gradle.plugin.mpp.compilationImpl.KotlinCompilationImpl$attributes$2: loaded 2 times (x 77B)
Class org.jetbrains.kotlin.gradle.utils.StoredPropertyKt$extrasStoredProperty$1       : loaded 2 times (x 76B)
Class com.google.wireless.android.sdk.stats.SurveyResponseOrBuilder                   : loaded 2 times (x 68B)
Class org.codehaus.groovy.control.CompilerConfiguration$1                             : loaded 2 times (x 120B)
Class kotlin.text.Regex                                                               : loaded 2 times (x 70B)
Class org.jetbrains.kotlin.build.report.metrics.GradleBuildPerformanceMetric          : loaded 2 times (x 90B)
Class com.android.ide.common.resources.configuration.FolderConfiguration              : loaded 2 times (x 73B)
Class com.android.tools.lint.model.LintModelModuleLoader                              : loaded 2 times (x 68B)
Class org.jetbrains.kotlin.gradle.plugin.sources.InternalKotlinSourceSet              : loaded 2 times (x 68B)
Class org.jetbrains.kotlin.gradle.plugin.internal.CustomPropertiesFileValueSource$Parameters: loaded 2 times (x 68B)
Class [Lcom.android.tools.analytics.Environment$EnvironmentVariable;                  : loaded 2 times (x 67B)
Class kotlin.io.FilesKt__UtilsKt                                                      : loaded 2 times (x 69B)
Class com.google.wireless.android.sdk.stats.ScreenshotTestComposePreviewEventOrBuilder: loaded 2 times (x 68B)
Class kotlin.coroutines.jvm.internal.Boxing                                           : loaded 2 times (x 69B)
Class org.codehaus.groovy.ast.stmt.Statement                                          : loaded 2 times (x 108B)
Class org.jetbrains.kotlin.gradle.plugin.diagnostics.checkers.KotlinSourceSetTreeDependsOnMismatchChecker: loaded 2 times (x 72B)
Class com.google.common.collect.Sets$FilteredSet                                      : loaded 2 times (x 135B)
Class org.jetbrains.kotlin.gradle.plugin.diagnostics.CheckKotlinGradlePluginConfigurationErrors_Decorated: loaded 2 times (x 363B)
Class org.jetbrains.kotlin.gradle.plugin.mpp.compilationImpl.factory.KotlinCompilationImplFactory$KotlinCompilationTaskNamesContainerFactory: loaded 2 times (x 68B)
Class org.codehaus.groovy.reflection.CachedField                                      : loaded 2 times (x 80B)
Class org.jetbrains.kotlin.gradle.plugin.diagnostics.checkers.ComposePluginSuggestApplyChecker$runChecks$1: loaded 2 times (x 86B)
Class org.jetbrains.kotlin.gradle.internal.properties.NativeProperties$Companion      : loaded 2 times (x 69B)
Class org.jetbrains.kotlin.tooling.core.ExtrasProperty                                : loaded 2 times (x 68B)
Class it.unimi.dsi.fastutil.ints.IntCollection                                        : loaded 2 times (x 68B)
Class org.jetbrains.kotlin.gradle.plugin.diagnostics.checkers.DisabledCinteropCommonizationInHmppProjectChecker: loaded 2 times (x 72B)
Class org.jetbrains.kotlin.gradle.targets.metadata.KotlinMetadataTargetConfiguratorKt$special$$inlined$extrasStoredFuture$1: loaded 2 times (x 77B)
Class com.google.common.io.AppendableWriter                                           : loaded 2 times (x 98B)
Class com.google.wireless.android.sdk.stats.AppQualityInsightsUsageEvent              : loaded 2 times (x 244B)
Class com.google.wireless.android.sdk.stats.UpgradeAndroidStudioDialogStatsOrBuilder  : loaded 2 times (x 68B)
Class org.apache.commons.io.output.StringBuilderWriter                                : loaded 2 times (x 98B)
Class org.jetbrains.kotlin.gradle.tasks.DefaultKotlinJavaToolchain$javaExecutable$1   : loaded 2 times (x 73B)
Class [Lcom.android.resources.ScreenOrientation;                                      : loaded 2 times (x 67B)
Class org.codehaus.groovy.reflection.ClassInfo$LazyClassLoaderRef                     : loaded 2 times (x 80B)
Class org.jetbrains.kotlin.gradle.plugin.mpp.compilationImpl.KotlinCreateResourcesTaskSideEffectKt: loaded 2 times (x 69B)
Class kotlin.reflect.jvm.internal.KCallableImpl                                       : loaded 2 times (x 103B)
Class com.android.prefs.PathLocator$singlePathOf$values$2                             : loaded 2 times (x 76B)
Class org.jetbrains.kotlin.gradle.targets.CreateDefaultCompilationsSideEffectKt       : loaded 2 times (x 69B)
Class org.jetbrains.kotlin.gradle.report.BuildReportType                              : loaded 2 times (x 77B)
Class com.google.wireless.android.sdk.stats.GradleBuildDetailsOrBuilder               : loaded 2 times (x 68B)
Class org.jetbrains.kotlin.gradle.internal.StdlibDependencyManagementKt$addStdlibDependency$1$1$1: loaded 2 times (x 73B)
Class org.jetbrains.kotlin.konan.target.Family                                        : loaded 2 times (x 77B)
Class kotlin.properties.Delegates                                                     : loaded 2 times (x 69B)
Class org.objectweb.asm.SymbolTable                                                   : loaded 2 times (x 70B)
Class kotlin.reflect.KMutableProperty0                                                : loaded 2 times (x 68B)
Class com.android.tools.lint.model.PathVariables$Companion$PATH_COMPARATOR$1          : loaded 2 times (x 76B)
Class org.jetbrains.kotlin.gradle.plugin.diagnostics.ToolingDiagnosticRenderingOptions: loaded 2 times (x 70B)
Class kotlin.reflect.KMutableProperty1                                                : loaded 2 times (x 68B)
Class com.android.tools.lint.model.PathVariables$Companion$PATH_COMPARATOR$2          : loaded 2 times (x 76B)
Class org.jetbrains.kotlin.gradle.plugin.statistics.BuildFinishMetrics$reportBuildFinished$1: loaded 2 times (x 77B)
Class [Lorg.objectweb.asm.AnnotationVisitor;                                          : loaded 2 times (x 67B)
Class kotlin.reflect.KMutableProperty2                                                : loaded 2 times (x 68B)
Class com.android.tools.lint.model.PathVariables$Companion$PATH_COMPARATOR$3          : loaded 2 times (x 76B)
Class org.jetbrains.kotlin.gradle.plugin.mpp.compilationImpl.KotlinCompilationImpl$1  : loaded 2 times (x 77B)
Class com.google.common.cache.CacheStats                                              : loaded 2 times (x 69B)
Class com.android.tools.lint.model.PathVariables$Companion$PATH_COMPARATOR$4          : loaded 2 times (x 76B)
Class org.jetbrains.kotlin.gradle.plugin.mpp.compilationImpl.KotlinCompilationImpl$2  : loaded 2 times (x 77B)
Class com.google.wireless.android.sdk.stats.BuildOutputDownloadsInfoEvent             : loaded 2 times (x 198B)
Class com.google.protobuf.Internal$LongList                                           : loaded 2 times (x 68B)
Class org.jetbrains.kotlin.gradle.plugin.internal.ConfigurationCacheStartParameterAccessor$Factory: loaded 2 times (x 68B)
Class kotlin.coroutines.jvm.internal.BaseContinuationImpl                             : loaded 2 times (x 85B)
Class it.unimi.dsi.fastutil.ints.IntSet                                               : loaded 2 times (x 68B)
Class org.jetbrains.kotlin.gradle.tasks.KotlinCompile$ClasspathSnapshotProperties     : loaded 2 times (x 73B)
Class org.jetbrains.kotlin.gradle.InternalKotlinGradlePluginApi                       : loaded 2 times (x 68B)
Class org.jetbrains.kotlin.gradle.dsl.KotlinCommonCompilerOptions                     : loaded 2 times (x 68B)
Class com.google.wireless.android.sdk.stats.CppHeadersViewEvent                       : loaded 2 times (x 196B)
Class com.google.wireless.android.sdk.stats.DirectAccessUsageEventOrBuilder           : loaded 2 times (x 68B)
Class com.android.ide.common.resources.configuration.ResourceQualifier                : loaded 2 times (x 86B)
Class [Lorg.jetbrains.kotlin.gradle.plugin.sources.android.AndroidVariantType;        : loaded 2 times (x 67B)
Class org.jetbrains.kotlin.gradle.internal.properties.PropertiesBuildService$Companion: loaded 2 times (x 69B)
Class com.google.wireless.android.sdk.stats.DefaultActivityLocatorStatsOrBuilder      : loaded 2 times (x 68B)
Class com.android.tools.lint.model.LintModelMavenName$Companion                       : loaded 2 times (x 69B)
Class org.jetbrains.kotlin.tooling.core.MutableExtras                                 : loaded 2 times (x 68B)
Class org.gradle.internal.classloader.VisitableURLClassLoader                         : loaded 2 times (x 115B)
Class org.jetbrains.kotlin.build.report.metrics.BuildAttributes                       : loaded 2 times (x 70B)
Class org.jetbrains.kotlin.statistics.metrics.StringAnonymizationPolicy$RegexControlled: loaded 2 times (x 77B)
Class com.google.common.cache.LocalCache$LocalLoadingCache                            : loaded 2 times (x 132B)
Class com.google.wireless.android.sdk.stats.AndroidProfilerEvent                      : loaded 2 times (x 279B)
Class com.google.wireless.android.sdk.stats.GarbageCollectionStats$Builder            : loaded 2 times (x 297B)
Class kotlin.reflect.jvm.internal.RuntimeTypeMapper                                   : loaded 2 times (x 69B)
Class org.jetbrains.kotlin.gradle.plugin.DefaultKotlinBasePlugin$addKotlinCompilerConfiguration$2$1: loaded 2 times (x 73B)
Class org.jetbrains.kotlin.gradle.plugin.internal.DefaultProjectIsolationStartParameterAccessor: loaded 2 times (x 75B)
Class com.android.prefs.PathLocator$singlePathOf$values$1                             : loaded 2 times (x 77B)
Class com.android.tools.analytics.HostData$garbageCollectorBeans$2                    : loaded 2 times (x 76B)
Class org.jetbrains.kotlin.gradle.targets.js.npm.NpmDependencyExtensionDelegate       : loaded 2 times (x 165B)
Class [Lcom.android.resources.GrammaticalGender;                                      : loaded 2 times (x 67B)
Class com.google.wireless.android.sdk.stats.ComposePreviewLiteModeEventOrBuilder      : loaded 2 times (x 68B)
Class org.codehaus.groovy.runtime.dgmimpl.arrays.ObjectArrayGetAtMetaMethod           : loaded 2 times (x 95B)
Class org.jetbrains.kotlin.gradle.tasks.KotlinCompilerExecutionStrategy               : loaded 2 times (x 77B)
Class com.google.wireless.android.sdk.stats.MemoryUsageReportEvent                    : loaded 2 times (x 209B)
Class groovyjarjarasm.asm.SymbolTable$Entry                                           : loaded 2 times (x 72B)
Class org.codehaus.groovy.vmplugin.v9.Java9                                           : loaded 2 times (x 107B)
Class org.jetbrains.kotlin.gradle.plugin.diagnostics.UsesKotlinToolingDiagnostics     : loaded 2 times (x 68B)
Class com.google.wireless.android.sdk.stats.DaemonCodeAnalyzerFinishedEventOrBuilder  : loaded 2 times (x 68B)
Class org.codehaus.groovy.runtime.dgmimpl.arrays.ByteArrayPutAtMetaMethod             : loaded 2 times (x 95B)
Class kotlin.io.FilesKt__FileTreeWalkKt                                               : loaded 2 times (x 69B)
Class com.android.ide.common.gradle.Separator                                         : loaded 2 times (x 77B)
Class org.jetbrains.kotlin.gradle.targets.js.npm.SemverKt                             : loaded 2 times (x 69B)
Class org.jetbrains.kotlin.gradle.plugin.diagnostics.KotlinToolingDiagnosticsSetupActionKt$KotlinToolingDiagnosticsSetupAction$1: loaded 2 times (x 72B)
Class org.jetbrains.kotlin.gradle.plugin.KotlinAndroidPluginWrapper                   : loaded 2 times (x 84B)
Class org.codehaus.groovy.classgen.GeneratorContext                                   : loaded 2 times (x 75B)
Class org.codehaus.groovy.runtime.dgmimpl.NumberNumberMetaMethod                      : loaded 2 times (x 112B)
Class it.unimi.dsi.fastutil.ints.IntArrays$ForkJoinQuickSort                          : loaded 2 times (x 88B)
Class com.android.utils.EnvironmentProvider$DirectEnvironmentProvider                 : loaded 2 times (x 78B)
Class com.google.common.collect.ImmutableMultimap$Keys                                : loaded 2 times (x 164B)
Class com.google.common.util.concurrent.AbstractFuture$AtomicHelper                   : loaded 2 times (x 76B)
Class org.jetbrains.kotlin.gradle.internal.properties.PropertiesBuildService$property$1$1: loaded 2 times (x 73B)
Class org.gradle.internal.Cast                                                        : loaded 2 times (x 69B)
Class com.android.ide.common.resources.configuration.KeyboardStateQualifier           : loaded 2 times (x 88B)
Class com.google.protobuf.ByteString$CodedBuilder                                     : loaded 2 times (x 70B)
Class org.jetbrains.kotlin.gradle.targets.js.dsl.KotlinJsTargetDsl                    : loaded 2 times (x 68B)
Class org.jetbrains.kotlin.gradle.dsl.KotlinTargetContainerWithPresetFunctions        : loaded 2 times (x 68B)
Class com.google.wireless.android.sdk.stats.OSMetrics                                 : loaded 2 times (x 196B)
Class [Lcom.android.resources.ResourceType$Kind;                                      : loaded 2 times (x 67B)
Class org.codehaus.groovy.runtime.metaclass.MultipleSetterProperty                    : loaded 2 times (x 80B)
Class kotlin.reflect.KMutableProperty$Setter                                          : loaded 2 times (x 68B)
Class org.jetbrains.kotlin.gradle.internal.KotlinDependenciesManagementKt$configureDefaultVersionsResolutionStrategy$1$1$1: loaded 2 times (x 73B)
Class org.jetbrains.kotlin.gradle.dsl.KotlinHierarchyDsl                              : loaded 2 times (x 68B)
Class org.jetbrains.kotlin.gradle.dsl.KotlinTargetContainerWithWasmPresetFunctions    : loaded 2 times (x 68B)
Class org.jetbrains.kotlin.gradle.tasks.configuration.BaseKotlinCompileConfig$Companion: loaded 2 times (x 69B)
Class org.jetbrains.kotlin.gradle.tasks.CompilerPluginOptions                         : loaded 2 times (x 70B)
Class com.google.wireless.android.sdk.stats.LiveLiteralsEventOrBuilder                : loaded 2 times (x 68B)
Class org.codehaus.groovy.runtime.dgmimpl.arrays.ShortArrayGetAtMetaMethod            : loaded 2 times (x 95B)
Class com.google.common.collect.Maps$IteratorBasedAbstractMap$1                       : loaded 2 times (x 136B)
Class org.jetbrains.kotlin.konan.target.KonanTarget$LINUX_ARM64                       : loaded 2 times (x 76B)
Class org.jetbrains.kotlin.gradle.targets.native.SetupEmbedAndSignAppleFrameworkTaskSideEffectKt$special$$inlined$KotlinTargetSideEffect$1: loaded 2 times (x 72B)
Class com.android.tools.analytics.HostData                                            : loaded 2 times (x 69B)
Class kotlin.reflect.jvm.internal.ReflectionFactoryImpl                               : loaded 2 times (x 89B)
Class com.google.protobuf.Internal$BooleanList                                        : loaded 2 times (x 68B)
Class org.gradle.api.internal.ClassPathRegistry                                       : loaded 2 times (x 68B)
Class com.google.protobuf.Internal$EnumLite                                           : loaded 2 times (x 68B)
Class org.codehaus.groovy.runtime.SocketGroovyMethods                                 : loaded 2 times (x 69B)
Class com.google.common.collect.RegularImmutableBiMap$Inverse                         : loaded 2 times (x 141B)
Class org.jetbrains.kotlin.gradle.plugin.KotlinCompilationWithResources               : loaded 2 times (x 68B)
Class org.codehaus.groovy.ast.AnnotationNode                                          : loaded 2 times (x 117B)
Class org.jetbrains.kotlin.gradle.plugin.mpp.compilationImpl.KotlinCompilationProcessorSideEffectKt$KotlinCompilationProcessorSideEffect$1: loaded 2 times (x 72B)
Class com.google.gson.stream.JsonReader                                               : loaded 2 times (x 95B)
Class org.jetbrains.kotlin.gradle.plugin.internal.ProjectIsolationStartParameterAccessorKt: loaded 2 times (x 69B)
Class com.google.common.cache.LocalCache$EntryFactory                                 : loaded 2 times (x 81B)
Class com.google.gson.stream.MalformedJsonException                                   : loaded 2 times (x 80B)
Class [Lgroovy.lang.MetaProperty;                                                     : loaded 2 times (x 67B)
Class org.jetbrains.kotlin.cli.common.arguments.K2JVMCompilerArguments                : loaded 2 times (x 79B)
Class com.google.common.util.concurrent.UncheckedExecutionException                   : loaded 2 times (x 80B)
Class com.google.common.hash.Hasher                                                   : loaded 2 times (x 68B)
Class org.gradle.internal.classloader.VisitableURLClassLoader$InstrumentingVisitableURLClassLoader: loaded 2 times (x 121B)
Class kotlin.coroutines.jvm.internal.DebugProbesKt                                    : loaded 2 times (x 69B)
Class com.android.tools.lint.model.PathVariables                                      : loaded 2 times (x 70B)
Class org.jetbrains.kotlin.gradle.tasks.CacheableTasksKt$cacheOnlyIfEnabledForKotlin$1$1: loaded 2 times (x 72B)
Class org.jetbrains.kotlin.gradle.plugin.mpp.compilationImpl.KotlinCompilationAssociator: loaded 2 times (x 68B)
Class org.gradle.internal.classloader.ClassLoaderHierarchy                            : loaded 2 times (x 68B)
Class com.google.wireless.android.sdk.stats.VfsRefresh                                : loaded 2 times (x 192B)
Class org.codehaus.groovy.ast.GenericsType                                            : loaded 2 times (x 116B)
Class org.jetbrains.kotlin.gradle.plugin.BuildFinishedListenerService$Companion$registerIfAbsent$1: loaded 2 times (x 72B)
Class org.jetbrains.kotlin.compilerRunner.CompilerSystemPropertiesService$Companion$registerIfAbsent$1: loaded 2 times (x 73B)
Class com.android.tools.lint.model.LintModelSerialization$LintModelSerializationFileAdapter$WhenMappings: loaded 2 times (x 69B)
Class org.jetbrains.kotlin.gradle.plugin.mpp.KotlinJvmCompilation                     : loaded 2 times (x 198B)
Class [Lorg.jetbrains.kotlin.gradle.plugin.mpp.resources.resolve.KotlinTargetResourcesResolutionStrategy;: loaded 2 times (x 67B)
Class org.jetbrains.kotlin.gradle.internal.StdlibDependencyManagementKt$configureStdlibVersionAlignment$1$1$1: loaded 2 times (x 73B)
Class org.jetbrains.kotlin.gradle.plugin.KotlinPluginLifecycleImpl$await$2$1          : loaded 2 times (x 77B)
Class com.google.wireless.android.sdk.stats.DataBindingEventOrBuilder                 : loaded 2 times (x 68B)
Class com.google.wireless.android.sdk.stats.ResourceManagerEvent                      : loaded 2 times (x 194B)
Class org.jetbrains.kotlin.gradle.plugin.statistics.MetricContainer                   : loaded 2 times (x 70B)
Class org.jetbrains.kotlin.gradle.plugin.diagnostics.checkers.AndroidSourceSetLayoutV1SourceSetsNotFoundChecker: loaded 2 times (x 72B)
Class com.android.tools.lint.model.LintModelNamespacingMode                           : loaded 2 times (x 77B)
Class org.apache.commons.io.file.DeleteOption                                         : loaded 2 times (x 68B)
Class org.jetbrains.kotlin.gradle.plugin.BuildFinishFlowAction                        : loaded 2 times (x 72B)
Class kotlin.jvm.internal.MutablePropertyReference                                    : loaded 2 times (x 117B)
Class org.jetbrains.kotlin.gradle.internal.StdlibDependencyManagementKt$configureStdlibDefaultDependency$1: loaded 2 times (x 77B)
Class org.jetbrains.kotlin.gradle.plugin.mpp.compilationImpl.KotlinCompilationSideEffect$Companion: loaded 2 times (x 69B)
Class org.codehaus.groovy.vmplugin.v9.ClassFindFailedException                        : loaded 2 times (x 80B)
Class it.unimi.dsi.fastutil.longs.LongCollection                                      : loaded 2 times (x 68B)
Class it.unimi.dsi.fastutil.ints.IntIterable                                          : loaded 2 times (x 68B)
Class kotlin.jvm.internal.MutablePropertyReference0Impl                               : loaded 2 times (x 135B)
Class com.google.wireless.android.sdk.stats.StudioProjectChange                       : loaded 2 times (x 192B)
Class org.jetbrains.kotlin.gradle.plugin.diagnostics.checkers.NoKotlinTargetsDeclaredChecker$runChecks$1: loaded 2 times (x 86B)
Class com.google.wireless.android.sdk.stats.TestScenarioEventOrBuilder                : loaded 2 times (x 68B)
Class org.jetbrains.kotlin.gradle.plugin.KotlinCompilationInfo$TCS$friendPaths$1      : loaded 2 times (x 77B)
Class org.jetbrains.kotlin.gradle.plugin.hierarchy.KotlinSourceSetTreeClassifier$Default: loaded 2 times (x 69B)
Class org.jetbrains.kotlin.gradle.targets.js.npm.DefaultPeerNpmDependencyExtension$delegate$1: loaded 2 times (x 165B)
Class com.android.tools.analytics.UsageTracker$log$1                                  : loaded 2 times (x 77B)
Class org.jetbrains.kotlin.gradle.plugin.statistics.FusMetrics                        : loaded 2 times (x 68B)
Class org.jetbrains.kotlin.gradle.plugin.diagnostics.checkers.ExperimentalTryNextUsageChecker: loaded 2 times (x 72B)
Class org.jetbrains.kotlin.gradle.internal.KotlinDependenciesManagementKt             : loaded 2 times (x 69B)
Class com.google.wireless.android.sdk.stats.MemorySettingsEventOrBuilder              : loaded 2 times (x 68B)
Class com.google.protobuf.Utf8                                                        : loaded 2 times (x 69B)
Class com.google.protobuf.MessageOrBuilder                                            : loaded 2 times (x 68B)
Class org.apache.groovy.plugin.GroovyRunnerRegistry                                   : loaded 2 times (x 132B)
Class org.jetbrains.kotlin.gradle.plugin.mpp.compilationImpl.factory.KotlinCompilationDependencyConfigurationsFactoriesKt$WhenMappings: loaded 2 times (x 69B)
Class com.google.wireless.android.sdk.stats.WhatsNewAssistantUpdateEvent              : loaded 2 times (x 210B)
Class org.jetbrains.kotlin.gradle.plugin.mpp.InternalKotlinCompilationKt              : loaded 2 times (x 69B)
Class [Lorg.jetbrains.kotlin.gradle.dsl.PlatformSourceSetConventionsChecker$CheckedPlatformInfo;: loaded 2 times (x 67B)
Class com.google.wireless.android.sdk.stats.GradleFailureDetailsOrBuilder             : loaded 2 times (x 68B)
Class kotlin.collections.builders.MapBuilder                                          : loaded 2 times (x 110B)
Class groovy.lang.MetaClassImpl$10                                                    : loaded 2 times (x 75B)
Class org.jetbrains.kotlin.build.report.metrics.BuildAttribute$Companion              : loaded 2 times (x 69B)
Class com.google.wireless.android.sdk.stats.SoongRunEvent                             : loaded 2 times (x 201B)
Class com.google.wireless.android.sdk.stats.StartupPerformanceFrameBecameVisibleEvent : loaded 2 times (x 196B)
Class org.codehaus.groovy.control.io.NullWriter                                       : loaded 2 times (x 97B)
Class org.codehaus.groovy.runtime.dgmimpl.arrays.FloatArrayPutAtMetaMethod            : loaded 2 times (x 95B)
Class kotlin.text.CharsKt__CharKt                                                     : loaded 2 times (x 69B)
Class org.jetbrains.kotlin.gradle.plugin.internal.BuildIdService$Companion$registerIfAbsent$1$1: loaded 2 times (x 73B)
Class org.jetbrains.kotlin.cli.jvm.compiler.KotlinCoreEnvironment$Companion           : loaded 2 times (x 69B)
Class com.google.common.collect.Lists$ReverseList                                     : loaded 2 times (x 160B)
Class com.google.wireless.android.sdk.stats.SmlChatBotEvent                           : loaded 2 times (x 219B)
Class com.google.wireless.android.sdk.stats.ConnectionAssistantEventOrBuilder         : loaded 2 times (x 68B)
Class org.codehaus.groovy.ast.expr.ExpressionTransformer                              : loaded 2 times (x 68B)
Class groovy.lang.MissingPropertyException                                            : loaded 2 times (x 87B)
Class [Lcom.android.tools.lint.model.LintModelSerialization$TargetFile;               : loaded 2 times (x 67B)
Class org.jetbrains.kotlin.gradle.tasks.AbstractKotlinCompile                         : loaded 2 times (x 451B)
Class jdk.internal.jimage.ImageReader                                                 : loaded 2 times (x 73B)
Class com.google.wireless.android.sdk.stats.LogcatUsageEvent                          : loaded 2 times (x 205B)
Class org.codehaus.groovy.util.Finalizable                                            : loaded 2 times (x 68B)
Class org.codehaus.groovy.vmplugin.v8.Java8                                           : loaded 2 times (x 107B)
Class com.google.wireless.android.sdk.stats.SmlTransformEvent                         : loaded 2 times (x 214B)
Class org.jetbrains.kotlin.gradle.plugin.VariantImplementationFactories$Parameters_Decorated: loaded 2 times (x 132B)
Class org.jetbrains.kotlin.gradle.targets.native.internal.CInteropConfigurationsKt$special$$inlined$KotlinTargetSideEffect$1: loaded 2 times (x 72B)
Class com.google.protobuf.ByteString$LiteralByteString                                : loaded 2 times (x 104B)
Class org.codehaus.groovy.ast.expr.AnnotationConstantExpression                       : loaded 2 times (x 132B)
Class org.codehaus.groovy.util.LazyReference$1                                        : loaded 2 times (x 74B)
Class org.jetbrains.kotlin.konan.target.KonanTarget$WATCHOS_ARM32                     : loaded 2 times (x 76B)
Class com.google.common.hash.MessageDigestHashFunction$MessageDigestHasher            : loaded 2 times (x 146B)
Class groovyjarjarasm.asm.Frame                                                       : loaded 2 times (x 71B)
Class org.codehaus.groovy.util.LazyReference$2                                        : loaded 2 times (x 74B)
Class org.jetbrains.kotlin.gradle.plugin.mpp.HasBinaries                              : loaded 2 times (x 68B)
Class org.jetbrains.kotlin.gradle.plugin.diagnostics.checkers.DisabledCinteropCommonizationInHmppProjectChecker$runChecks$1: loaded 2 times (x 86B)
Class org.jetbrains.kotlin.gradle.targets.js.npm.NpmDependencyExtensionKt$defaultNpmDependencyDelegate$1: loaded 2 times (x 165B)
Class kotlin.reflect.jvm.internal.KMutableProperty0Impl                               : loaded 2 times (x 133B)
Class org.jetbrains.kotlin.gradle.dsl.KotlinJvmCompilerOptionsDefault_Decorated       : loaded 2 times (x 166B)
Class com.google.common.collect.AbstractMapBasedMultimap$WrappedList                  : loaded 2 times (x 165B)
Class org.jetbrains.kotlin.gradle.plugin.statistics.BuildFusService$Parameters$Inject : loaded 2 times (x 110B)
Class org.jetbrains.kotlin.gradle.dsl.DefaultToolchainSupport                         : loaded 2 times (x 74B)
Class org.codehaus.groovy.syntax.CSTNode                                              : loaded 2 times (x 102B)
Class org.codehaus.groovy.runtime.CurriedClosure                                      : loaded 2 times (x 131B)
Class com.google.wireless.android.sdk.stats.SetupWizardEvent                          : loaded 2 times (x 207B)
Class com.google.wireless.android.sdk.stats.SuggestedImportEventOrBuilder             : loaded 2 times (x 68B)
Class org.codehaus.groovy.reflection.GeneratedMetaMethod$Proxy                        : loaded 2 times (x 94B)
Class org.jetbrains.kotlin.gradle.tasks.KotlinCompile$kotlinOptions$1                 : loaded 2 times (x 77B)
Class org.jetbrains.kotlin.gradle.plugin.sources.KotlinDependencyScopeKt              : loaded 2 times (x 69B)
Class org.jetbrains.kotlin.konan.target.KonanTarget$WATCHOS_SIMULATOR_ARM64           : loaded 2 times (x 76B)
Class org.codehaus.groovy.runtime.StringGroovyMethods                                 : loaded 2 times (x 69B)
Class [Lcom.android.prefs.Global;                                                     : loaded 2 times (x 67B)
Class org.jetbrains.kotlin.gradle.plugin.mpp.DefaultKotlinUsageContext$1              : loaded 2 times (x 72B)
Class org.jetbrains.kotlin.gradle.utils.ProjectExtensionsKt                           : loaded 2 times (x 69B)
Class org.jetbrains.kotlin.gradle.targets.native.internal.AddKotlinPlatformIntegersSupportLibraryKt: loaded 2 times (x 69B)
Class org.codehaus.groovy.transform.ErrorCollecting                                   : loaded 2 times (x 68B)
Class org.jetbrains.kotlin.gradle.internal.KotlinTestDependencyManagementKt$configureKotlinTestDependency$2: loaded 2 times (x 73B)
Class kotlin.sequences.TransformingSequence$iterator$1                                : loaded 2 times (x 77B)
Class com.google.wireless.android.sdk.stats.BuildAttributionUiEventOrBuilder          : loaded 2 times (x 68B)
Class org.jetbrains.kotlin.gradle.plugin.sources.InternalKotlinSourceSetKt$awaitPlatformCompilations$1: loaded 2 times (x 86B)
Class com.google.common.collect.Lists$ReverseList$1                                   : loaded 2 times (x 97B)
Class org.codehaus.groovy.runtime.GeneratedLambda                                     : loaded 2 times (x 68B)
Class org.jetbrains.kotlin.gradle.plugin.mpp.compilationImpl.KotlinCompilationRegisterInSourceSetsConfigurator: loaded 2 times (x 72B)
Class com.google.protobuf.AbstractMessage$Builder                                     : loaded 2 times (x 255B)
Class com.android.tools.lint.model.LintModelSourceProvider                            : loaded 2 times (x 68B)
Class org.jetbrains.kotlin.gradle.internal.properties.PropertiesBuildServiceKt$propertyWithDeprecatedName$1: loaded 2 times (x 73B)
Class org.jetbrains.kotlin.gradle.plugin.mpp.compilationImpl.KotlinCreateSourcesJarTaskSideEffectKt: loaded 2 times (x 69B)
Class org.jetbrains.kotlin.gradle.dsl.KotlinMultiplatformExtension                    : loaded 2 times (x 699B)
Class com.google.common.cache.Weigher                                                 : loaded 2 times (x 68B)
Class com.android.ide.common.resources.configuration.NightModeQualifier               : loaded 2 times (x 88B)
Class kotlin.jvm.internal.StringCompanionObject                                       : loaded 2 times (x 69B)
Class org.jetbrains.kotlin.gradle.plugin.diagnostics.checkers.IncorrectCompileOnlyDependenciesChecker: loaded 2 times (x 72B)
Class org.codehaus.groovy.runtime.dgmimpl.arrays.BooleanArrayGetAtMetaMethod          : loaded 2 times (x 95B)
Class kotlin.collections.IndexingIterator                                             : loaded 2 times (x 77B)
Class org.objectweb.asm.ModuleVisitor                                                 : loaded 2 times (x 79B)
Class com.google.protobuf.AbstractMessageLite$Builder$LimitedInputStream              : loaded 2 times (x 90B)
Class kotlin.text.Regex$findAll$2                                                     : loaded 2 times (x 123B)
Class kotlin.coroutines.jvm.internal.SuspendLambda                                    : loaded 2 times (x 89B)
Class org.jetbrains.kotlin.gradle.plugin.KotlinGradleBuildServices                    : loaded 2 times (x 78B)
Class org.jetbrains.kotlin.gradle.utils.ProviderApiUtilsKt$mapOrNull$1$1              : loaded 2 times (x 73B)
Class org.codehaus.groovy.reflection.stdclasses.CachedClosureClass                    : loaded 2 times (x 96B)
Class org.jetbrains.kotlin.gradle.internal.properties.NativePropertiesLoader$kotlinNativeVersion$1: loaded 2 times (x 73B)
Class org.jetbrains.kotlin.gradle.plugin.statistics.KotlinBuildStatsBeanService       : loaded 2 times (x 85B)
Class com.google.wireless.android.sdk.stats.LLDBFrontendDetails                       : loaded 2 times (x 192B)
Class kotlin.collections.IndexingIterable                                             : loaded 2 times (x 77B)
Class it.unimi.dsi.fastutil.objects.ReferenceSet                                      : loaded 2 times (x 68B)
Class org.jetbrains.kotlin.gradle.plugin.BuildFinishedListenerService$Companion       : loaded 2 times (x 69B)
Class org.jetbrains.kotlin.compilerRunner.CompilerSystemPropertiesService$Companion   : loaded 2 times (x 69B)
Class org.gradle.internal.InternalTransformer                                         : loaded 2 times (x 68B)
Class org.apache.commons.io.output.NullOutputStream                                   : loaded 2 times (x 83B)
Class com.google.common.collect.AbstractMapBasedMultimap$AsMap$AsMapEntries           : loaded 2 times (x 136B)
Class org.jetbrains.kotlin.gradle.internal.KotlinTestDependencyManagementKt$configureKotlinTestDependency$1: loaded 2 times (x 77B)
Class com.google.protobuf.ExtensionRegistry$ExtensionInfo                             : loaded 2 times (x 70B)
Class groovy.io.GroovyPrintWriter                                                     : loaded 2 times (x 127B)
Class org.jetbrains.kotlin.gradle.plugin.diagnostics.checkers.DuplicateSourceSetChecker: loaded 2 times (x 72B)
Class com.google.protobuf.AbstractMessage$BuilderParent                               : loaded 2 times (x 68B)
Class org.codehaus.groovy.control.CompilationUnit$ClassgenCallback                    : loaded 2 times (x 68B)
Class org.jetbrains.kotlin.gradle.plugin.internal.CustomPropertiesFileValueSource$Parameters_Decorated: loaded 2 times (x 132B)
Class groovy.transform.Generated                                                      : loaded 2 times (x 68B)
Class org.jetbrains.kotlin.gradle.dsl.PlatformSourceSetConventionsChecker$runChecks$$inlined$CheckedPlatformInfo$default$1: loaded 2 times (x 76B)
Class org.jetbrains.kotlin.gradle.dsl.JvmTarget$Companion                             : loaded 2 times (x 69B)
Class com.google.wireless.android.sdk.stats.AdbServerStatusOrBuilder                  : loaded 2 times (x 68B)
Class kotlin.reflect.jvm.internal.impl.builtins.StandardNames$FqNames                 : loaded 2 times (x 69B)
Class org.jetbrains.kotlin.gradle.testing.internal.KotlinTestsRegistry$Companion      : loaded 2 times (x 69B)
Class org.gradle.internal.service.ServiceLocator                                      : loaded 2 times (x 68B)
Class com.google.wireless.android.sdk.stats.StudioRunEvent                            : loaded 2 times (x 231B)
Class com.google.wireless.android.sdk.stats.SdkIndexLibraryDetailsOrBuilder           : loaded 2 times (x 68B)
Class com.google.common.hash.Hashing                                                  : loaded 2 times (x 69B)
Class org.jetbrains.kotlin.gradle.utils.FutureKt$future$1                             : loaded 2 times (x 93B)
Class org.codehaus.groovy.runtime.metaclass.ClosureMetaMethod                         : loaded 2 times (x 101B)
Class org.jetbrains.kotlin.build.report.metrics.BuildMetricsReporterImpl              : loaded 2 times (x 96B)
Class org.jetbrains.kotlin.gradle.plugin.VariantImplementationFactories               : loaded 2 times (x 73B)
Class Settings_gradle$1                                                               : loaded 2 times (x 72B)
Class it.unimi.dsi.fastutil.Stack                                                     : loaded 2 times (x 68B)
Class com.google.wireless.android.sdk.stats.BuildOutputDownloadsInfoEventOrBuilder    : loaded 2 times (x 68B)
Class org.jetbrains.kotlin.gradle.tasks.configuration.BaseKotlinCompileConfig$1$3$classpathEntrySnapshotFiles$1: loaded 2 times (x 72B)
Class org.jetbrains.kotlin.gradle.utils.MutableObservableSetImpl                      : loaded 2 times (x 161B)
Class org.jetbrains.kotlin.gradle.plugin.CompilerPluginConfig                         : loaded 2 times (x 70B)
Class org.jetbrains.kotlin.gradle.report.ReportingSettings                            : loaded 2 times (x 70B)
Class com.google.wireless.android.sdk.stats.DeviceScreenshotEvent                     : loaded 2 times (x 194B)
Class com.google.wireless.android.sdk.stats.GradleJdkConfigurationEventOrBuilder      : loaded 2 times (x 68B)
Class [Lorg.jetbrains.kotlin.statistics.metrics.NumericalMetrics;                     : loaded 2 times (x 67B)
Class org.jetbrains.kotlin.gradle.plugin.GradleUtilsKt                                : loaded 2 times (x 69B)
Class org.jetbrains.kotlin.gradle.tasks.configuration.KaptGenerateStubsConfig$Companion: loaded 2 times (x 69B)
Class org.jetbrains.kotlin.gradle.plugin.mpp.AbstractKotlinTarget$kotlinComponents$2  : loaded 2 times (x 77B)
Class com.google.common.util.concurrent.SettableFuture                                : loaded 2 times (x 95B)
Class com.google.wireless.android.sdk.stats.EditorNotificationOrBuilder               : loaded 2 times (x 68B)
Class org.jetbrains.kotlin.gradle.internal.transforms.BuildToolsApiClasspathEntrySnapshotTransform$Parameters: loaded 2 times (x 85B)
Class com.android.ide.common.resources.ResourceMergerItem                             : loaded 2 times (x 134B)
Class org.jetbrains.kotlin.gradle.plugin.diagnostics.checkers.GradleDeprecatedPropertyChecker: loaded 2 times (x 72B)
Class org.codehaus.groovy.ast.ASTNode                                                 : loaded 2 times (x 102B)
Class kotlin.reflect.jvm.internal.KProperty1Impl$$Lambda$1                            : loaded 2 times (x 74B)
Class com.android.tools.lint.model.DefaultLintModelModuleLibrary                      : loaded 2 times (x 91B)
Class com.google.protobuf.CodedInputStream$IterableDirectByteBufferDecoder            : loaded 2 times (x 118B)
Class org.jetbrains.kotlin.gradle.plugin.statistics.KotlinProjectConfigurationMetrics : loaded 2 times (x 69B)
Class org.jetbrains.kotlin.gradle.dsl.PlatformSourceSetConventionsChecker             : loaded 2 times (x 72B)
Class kotlin.sequences.SequencesKt___SequencesKt$flatMap$2                            : loaded 2 times (x 123B)
Class org.jetbrains.kotlin.gradle.targets.native.toolchain.KotlinNativeBundleBuildService$Companion$registerIfAbsent$2$1: loaded 2 times (x 77B)
Class com.google.common.reflect.Types$ParameterizedTypeImpl                           : loaded 2 times (x 79B)
Class com.google.common.collect.Maps$EntryFunction                                    : loaded 2 times (x 89B)
Class org.jetbrains.kotlin.gradle.tasks.configuration.BaseKotlinCompileConfig$1       : loaded 2 times (x 77B)
Class org.jetbrains.kotlin.gradle.plugin.statistics.FinalizeConfigurationFusMetricActionKt$FinalizeConfigurationFusMetricAction$1: loaded 2 times (x 93B)
Class org.jetbrains.kotlin.gradle.tasks.configuration.BaseKotlinCompileConfig$2       : loaded 2 times (x 77B)
Class com.google.wireless.android.sdk.stats.FirebaseErrorDetails                      : loaded 2 times (x 194B)
Class groovy.lang.ExpandoMetaClass$Callable                                           : loaded 2 times (x 68B)
Class org.jetbrains.kotlin.gradle.plugin.mpp.compilationImpl.KotlinCompilationSourceSetsContainer: loaded 2 times (x 68B)
Class org.jetbrains.kotlin.gradle.dsl.AndroidMainSourceSetConventionsChecker$runChecks$1: loaded 2 times (x 86B)
Class org.jetbrains.kotlin.gradle.plugin.diagnostics.KotlinToolingDiagnosticsSetupActionKt$KotlinToolingDiagnosticsSetupAction$1$1: loaded 2 times (x 73B)
Class org.jetbrains.kotlin.gradle.plugin.VariantImplementationFactories$Parameters    : loaded 2 times (x 68B)
Class org.codehaus.groovy.classgen.asm.util.TypeUtil                                  : loaded 2 times (x 69B)
Class kotlin.coroutines.jvm.internal.CoroutineStackFrame                              : loaded 2 times (x 68B)
Class org.jetbrains.kotlin.gradle.plugin.SubpluginEnvironment                         : loaded 2 times (x 70B)
Class org.jetbrains.kotlin.gradle.incremental.UsesIncrementalModuleInfoBuildService   : loaded 2 times (x 68B)
Class org.jetbrains.kotlin.gradle.plugin.diagnostics.KotlinToolingDiagnosticsSetupActionKt$KotlinToolingDiagnosticsSetupAction$1$2: loaded 2 times (x 93B)
Class org.jetbrains.kotlin.gradle.plugin.KotlinPluginWrapperKt$kotlinPluginVersionFromResources$1: loaded 2 times (x 76B)
Class org.jetbrains.kotlin.gradle.plugin.statistics.DaemonReuseCounter$Companion      : loaded 2 times (x 69B)
Class org.jetbrains.kotlin.gradle.utils.CompatibilityKt                               : loaded 2 times (x 69B)
Class org.jetbrains.kotlin.gradle.plugin.diagnostics.KotlinToolingDiagnosticsSetupActionKt$KotlinToolingDiagnosticsSetupAction$1$3: loaded 2 times (x 73B)
Class org.jetbrains.kotlin.gradle.plugin.KotlinPluginLifecycleImplKt                  : loaded 2 times (x 69B)
Class [Lkotlin.reflect.jvm.internal.impl.builtins.PrimitiveType;                      : loaded 2 times (x 67B)
Class com.android.tools.lint.model.LintModelAndroidLibrary                            : loaded 2 times (x 68B)
Class org.jetbrains.kotlin.gradle.targets.ConfigureBuildSideEffectKt                  : loaded 2 times (x 69B)
Class org.jetbrains.kotlin.gradle.plugin.internal.DefaultConfigurationCacheStartParameterAccessor_Decorated: loaded 2 times (x 123B)
Class com.google.gson.internal.JsonReaderInternalAccess                               : loaded 2 times (x 70B)
Class kotlin.internal.ProgressionUtilKt                                               : loaded 2 times (x 69B)
Class org.jetbrains.kotlin.gradle.plugin.sources.FragmentConsistencyChecker           : loaded 2 times (x 70B)
Class org.jetbrains.kotlin.gradle.tasks.KotlinTasksProvider                           : loaded 2 times (x 70B)
Class org.jetbrains.kotlin.gradle.internal.properties.PropertiesBuildService$Params_Decorated: loaded 2 times (x 132B)
Class org.jetbrains.kotlin.gradle.internal.properties.PropertiesBuildService$Companion$registerIfAbsent$1: loaded 2 times (x 73B)
Class org.jetbrains.kotlin.gradle.dsl.KotlinVersion                                   : loaded 2 times (x 77B)
Class org.jetbrains.kotlin.gradle.targets.CreateArtifactsSideEffectKt$CreateArtifactsSideEffect$1: loaded 2 times (x 72B)
Class groovy.lang.GString$1                                                           : loaded 2 times (x 119B)
Class org.codehaus.groovy.transform.trait.Traits$Implemented                          : loaded 2 times (x 68B)
Class kotlin.reflect.KFunction                                                        : loaded 2 times (x 68B)
Class org.jetbrains.kotlin.gradle.plugin.diagnostics.ToolingDiagnosticRenderingOptions$Companion: loaded 2 times (x 69B)
Class org.jetbrains.kotlin.gradle.plugin.hierarchy.KotlinSourceSetTreeClassifierKt$sourceSetTreeClassifier$2: loaded 2 times (x 76B)
Class org.jetbrains.kotlin.gradle.plugin.diagnostics.KotlinGradleProjectCheckerContext: loaded 2 times (x 70B)
Class org.jetbrains.kotlin.compilerRunner.GradleCompilerRunner                        : loaded 2 times (x 71B)
Class com.google.wireless.android.sdk.stats.IntelliJNewUISwitch                       : loaded 2 times (x 194B)
Class com.google.protobuf.GeneratedMessageV3$Builder                                  : loaded 2 times (x 274B)
Class kotlin.reflect.jvm.internal.KProperty1Impl$$Lambda$0                            : loaded 2 times (x 74B)
Class kotlin.jvm.KotlinReflectionNotSupportedError                                    : loaded 2 times (x 80B)
Class com.google.common.collect.HashBasedTable                                        : loaded 2 times (x 122B)
Class it.unimi.dsi.fastutil.ints.IntIterator                                          : loaded 2 times (x 68B)
Class groovy.lang.Tuple0                                                              : loaded 2 times (x 166B)
Class org.codehaus.groovy.ast.expr.ElvisOperatorExpression                            : loaded 2 times (x 128B)
Class org.jetbrains.kotlin.gradle.targets.js.npm.SemVer                               : loaded 2 times (x 73B)
Class groovy.lang.Tuple1                                                              : loaded 2 times (x 166B)
Class [Lcom.android.tools.lint.model.LintModelArtifactType;                           : loaded 2 times (x 67B)
Class groovy.lang.Tuple2                                                              : loaded 2 times (x 166B)
Class org.codehaus.groovy.runtime.metaclass.NewInstanceMetaMethod                     : loaded 2 times (x 97B)
Class groovy.lang.Tuple3                                                              : loaded 2 times (x 166B)
Class org.jetbrains.kotlin.gradle.internal.properties.NativePropertiesLoader$Companion: loaded 2 times (x 69B)
Class groovy.lang.Tuple4                                                              : loaded 2 times (x 166B)
Class kotlin.reflect.jvm.internal.KDeclarationContainerImpl                           : loaded 2 times (x 82B)
Class kotlin.collections.AbstractList$IteratorImpl                                    : loaded 2 times (x 80B)
Class com.android.tools.lint.model.LintModelAndroidArtifact                           : loaded 2 times (x 68B)
Class com.google.wireless.android.sdk.stats.EmulatorPerformanceStatsOrBuilder         : loaded 2 times (x 68B)
Class com.google.common.reflect.Types$JavaVersion$1                                   : loaded 2 times (x 81B)
Class com.google.common.collect.ImmutableMultiset                                     : loaded 2 times (x 161B)
Class org.jetbrains.kotlin.gradle.dsl.KotlinJvmCompilerOptions                        : loaded 2 times (x 68B)
Class com.google.wireless.android.sdk.stats.DialogStats                               : loaded 2 times (x 196B)
Class com.google.wireless.android.sdk.stats.ComposeDeployEventOrBuilder               : loaded 2 times (x 68B)
Class groovy.lang.Tuple5                                                              : loaded 2 times (x 166B)
Class com.google.common.reflect.Types$JavaVersion$2                                   : loaded 2 times (x 81B)
Class org.jetbrains.kotlin.gradle.internal.StdlibDependencyManagementKt$isStdlibAddedByUser$1: loaded 2 times (x 77B)
Class org.jetbrains.kotlin.gradle.dsl.KotlinCommonToolOptions                         : loaded 2 times (x 68B)
Class org.jetbrains.kotlin.gradle.targets.CreateDefaultTestRunSideEffectKt            : loaded 2 times (x 69B)
Class groovyjarjarasm.asm.Type                                                        : loaded 2 times (x 70B)
Class groovy.lang.Tuple6                                                              : loaded 2 times (x 166B)
Class org.codehaus.groovy.ast.AnnotatedNode                                           : loaded 2 times (x 120B)
Class [Lgroovy.lang.MetaObjectProtocol;                                               : loaded 2 times (x 67B)
Class [Lorg.objectweb.asm.Label;                                                      : loaded 2 times (x 67B)
Class com.google.common.reflect.Types$JavaVersion$3                                   : loaded 2 times (x 81B)
Class org.jetbrains.kotlin.gradle.internal.StdlibDependencyManagementKt$isStdlibAddedByUser$2: loaded 2 times (x 76B)
Class org.gradle.internal.classpath.DefaultClassPath$ImmutableUniqueList              : loaded 2 times (x 159B)
Class groovy.lang.Tuple7                                                              : loaded 2 times (x 166B)
Class groovy.lang.GroovyResourceLoader                                                : loaded 2 times (x 68B)
Class com.google.common.reflect.Types$JavaVersion$4                                   : loaded 2 times (x 81B)
Class org.jetbrains.kotlin.gradle.plugin.KotlinCompilerArgumentsProducer$CreateCompilerArgumentsContext: loaded 2 times (x 68B)
Class org.jetbrains.kotlin.gradle.plugin.mpp.compilationImpl.factory.ConfigurationNaming: loaded 2 times (x 68B)
Class org.jetbrains.kotlin.konan.target.KonanTarget$ANDROID_X64                       : loaded 2 times (x 76B)
Class org.jetbrains.kotlin.gradle.plugin.mpp.KotlinUsages$KotlinMetadataCompatibility : loaded 2 times (x 74B)
Class org.jetbrains.kotlin.gradle.plugin.statistics.KotlinBuildStatsLoggerService$Companion: loaded 2 times (x 69B)
Class jdk.internal.jimage.ImageBufferCache                                            : loaded 2 times (x 69B)
Class groovy.lang.Tuple8                                                              : loaded 2 times (x 166B)
Class org.codehaus.groovy.util.LockableObject                                         : loaded 2 times (x 76B)
Class com.google.common.reflect.Types$JavaVersion$5                                   : loaded 2 times (x 69B)
Class org.jetbrains.kotlin.gradle.plugin.mpp.compilationImpl.DefaultKotlinCompilationFriendPathsResolver$FriendArtifactResolver: loaded 2 times (x 68B)
Class org.jetbrains.kotlin.gradle.plugin.KotlinGradleBuildServices$Inject             : loaded 2 times (x 98B)
Class groovy.lang.Tuple9                                                              : loaded 2 times (x 166B)
Class org.jetbrains.kotlin.statistics.metrics.SumMetricContainer                      : loaded 2 times (x 78B)
Class org.jetbrains.kotlin.gradle.plugin.diagnostics.checkers.JsLikeEnvironmentChecker: loaded 2 times (x 74B)
Class groovy.lang.Closure$WritableClosure                                             : loaded 2 times (x 135B)
Class com.android.tools.analytics.HostData$memoryBean$2                               : loaded 2 times (x 76B)
Class org.jetbrains.kotlin.gradle.targets.js.npm.NpmDirectoryDependencyExtension      : loaded 2 times (x 68B)
Class com.google.common.collect.ImmutableMultimap$1                                   : loaded 2 times (x 80B)
Class com.google.common.collect.ImmutableMultimap$2                                   : loaded 2 times (x 79B)
Class com.android.tools.lint.model.DefaultLintModelBuildFeatures                      : loaded 2 times (x 75B)
Class com.google.protobuf.PrimitiveNonBoxingCollection                                : loaded 2 times (x 68B)
Class org.jetbrains.kotlin.gradle.plugin.VariantImplementationFactories$Companion$getProvider$2$1: loaded 2 times (x 77B)
Class com.android.tools.analytics.Environment$EnvironmentVariable                     : loaded 2 times (x 77B)
Class org.jetbrains.kotlin.gradle.plugin.KotlinPluginLifecycle$CoroutineStart         : loaded 2 times (x 77B)
Class org.jetbrains.kotlin.tooling.core.TypeUtils                                     : loaded 2 times (x 69B)
Class org.gradle.internal.classpath.TransformedClassPath                              : loaded 2 times (x 94B)
Class com.google.common.io.Resources                                                  : loaded 2 times (x 69B)
Class org.jetbrains.kotlin.gradle.tasks.configuration.KaptGenerateStubsConfig$Companion$configureLibraries$1: loaded 2 times (x 77B)
Class org.jetbrains.kotlin.gradle.dsl.HasConfigurableKotlinCompilerOptions            : loaded 2 times (x 68B)
Class com.google.wireless.android.sdk.stats.DebuggerEventOrBuilder                    : loaded 2 times (x 68B)
Class org.jetbrains.kotlin.gradle.plugin.diagnostics.checkers.JsEnvironmentChecker    : loaded 2 times (x 74B)
Class com.google.wireless.android.sdk.stats.SmlCompletionRequestErrorEventOrBuilder   : loaded 2 times (x 68B)
Class org.jetbrains.kotlin.buildtools.api.ExperimentalBuildToolsApi                   : loaded 2 times (x 68B)
Class com.google.wireless.android.sdk.stats.AppInspectionEventOrBuilder               : loaded 2 times (x 68B)
Class com.android.ide.common.resources.configuration.ScreenRoundQualifier             : loaded 2 times (x 89B)
Class org.codehaus.groovy.ast.stmt.EmptyStatement                                     : loaded 2 times (x 108B)
Class it.unimi.dsi.fastutil.longs.LongIterable                                        : loaded 2 times (x 68B)
Class com.android.ide.common.repository.AgpVersion$Companion$WhenMappings             : loaded 2 times (x 69B)
Class com.google.common.reflect.TypeToken$SimpleTypeToken                             : loaded 2 times (x 71B)
Class org.jetbrains.kotlin.gradle.plugin.StatisticsBuildFlowManager$subscribeForBuildResult$1: loaded 2 times (x 73B)
Class org.jetbrains.kotlin.gradle.plugin.BuildFinishedListenerService$Companion$registerIfAbsent$2$1$1: loaded 2 times (x 73B)
Class org.jetbrains.kotlin.compilerRunner.CompilerSystemPropertiesService$Companion$registerIfAbsent$2$1$1: loaded 2 times (x 73B)
Class org.jetbrains.kotlin.gradle.plugin.sources.InternalKotlinSourceSetKt            : loaded 2 times (x 69B)
Class org.jetbrains.kotlin.tooling.core.HasExtras                                     : loaded 2 times (x 68B)
Class kotlin.reflect.jvm.internal.impl.builtins.PrimitiveType$$Lambda$0               : loaded 2 times (x 74B)
Class com.google.protobuf.GeneratedMessageV3$Builder$BuilderParentImpl                : loaded 2 times (x 76B)
Class com.google.common.util.concurrent.AbstractFuture$Trusted                        : loaded 2 times (x 68B)
Class kotlin.reflect.jvm.internal.impl.builtins.PrimitiveType$$Lambda$1               : loaded 2 times (x 74B)
Class com.google.wireless.android.sdk.stats.SmlAiExcludeEventOrBuilder                : loaded 2 times (x 68B)
Class org.jetbrains.kotlin.gradle.artifacts.KotlinNativeKlibArtifactKt$KotlinNativeKlibArtifact$1: loaded 2 times (x 72B)
Class [Lorg.jetbrains.kotlin.gradle.plugin.KotlinPlatformType;                        : loaded 2 times (x 67B)
Class org.jetbrains.kotlin.gradle.plugin.mpp.KotlinAndroidTarget                      : loaded 2 times (x 163B)
Class com.android.ide.common.gradle.Part                                              : loaded 2 times (x 75B)
Class kotlin.LazyThreadSafetyMode                                                     : loaded 2 times (x 77B)
Class com.google.wireless.android.sdk.stats.EmulatorUiEvent                           : loaded 2 times (x 200B)
Class org.jetbrains.kotlin.gradle.internal.properties.PropertiesBuildService$BooleanGradleProperty: loaded 2 times (x 74B)
Class groovy.lang.MetaClassRegistry$MetaClassCreationHandle                           : loaded 2 times (x 72B)
Class org.codehaus.groovy.runtime.metaclass.TransformMetaMethod                       : loaded 2 times (x 94B)
Class com.android.tools.lint.model.LintModelModule                                    : loaded 2 times (x 68B)
Class kotlin.text.MatcherMatchResult$groups$1                                         : loaded 2 times (x 149B)
Class com.android.tools.analytics.AnalyticsSettings$optedIn$1                         : loaded 2 times (x 76B)
Class com.android.tools.analytics.AnalyticsSettings                                   : loaded 2 times (x 69B)
Class org.codehaus.groovy.runtime.metaclass.ReflectionMetaMethod                      : loaded 2 times (x 95B)
Class org.jetbrains.kotlin.gradle.utils.IsolatedKotlinClasspathClassCastException     : loaded 2 times (x 80B)
Class [Lcom.android.resources.NightMode;                                              : loaded 2 times (x 67B)
Class com.google.wireless.android.sdk.stats.SafeModeStatsEventOrBuilder               : loaded 2 times (x 68B)
Class kotlin.jvm.internal.markers.KMutableMap$Entry                                   : loaded 2 times (x 68B)
Class com.google.common.collect.UsingToStringOrdering                                 : loaded 2 times (x 112B)
Class com.google.common.reflect.Types$NativeTypeVariableEquals                        : loaded 2 times (x 69B)
Class org.jetbrains.kotlin.gradle.plugin.statistics.plugins.ObservablePlugins         : loaded 2 times (x 77B)
Class org.jetbrains.kotlin.gradle.internal.KotlinDependenciesManagementKt$CustomizeKotlinDependenciesSetupAction$1$coreLibrariesVersion$1: loaded 2 times (x 77B)
Class kotlin.jvm.functions.Function10                                                 : loaded 2 times (x 68B)
Class org.jetbrains.kotlin.gradle.plugin.statistics.IDaemonReuseCounterMXBean         : loaded 2 times (x 68B)
Class org.jetbrains.kotlin.gradle.plugin.HasCompilerOptions                           : loaded 2 times (x 68B)
Class org.jetbrains.kotlin.statistics.metrics.StringOverridePolicy$OVERRIDE_VERSION_IF_NOT_SET: loaded 2 times (x 83B)
Class com.google.protobuf.CodedOutputStream$SafeDirectNioEncoder                      : loaded 2 times (x 108B)
Class org.codehaus.groovy.ast.stmt.CaseStatement                                      : loaded 2 times (x 112B)
Class org.codehaus.groovy.ast.expr.DeclarationExpression                              : loaded 2 times (x 135B)
Class kotlin.jvm.functions.Function11                                                 : loaded 2 times (x 68B)
Class it.unimi.dsi.fastutil.objects.Object2IntFunction                                : loaded 2 times (x 68B)
Class kotlin.collections.ArraysKt___ArraysKt$asSequence$$inlined$Sequence$1           : loaded 2 times (x 73B)
Class org.jetbrains.kotlin.gradle.utils.FutureKt                                      : loaded 2 times (x 69B)
Class kotlin.jvm.functions.Function12                                                 : loaded 2 times (x 68B)
Class kotlin.coroutines.intrinsics.CoroutineSingletons                                : loaded 2 times (x 77B)
Class org.jetbrains.kotlin.statistics.metrics.StatisticsValuesConsumer                : loaded 2 times (x 68B)
Class org.jetbrains.kotlin.gradle.testing.internal.KotlinTestsRegistry                : loaded 2 times (x 70B)
Class com.google.wireless.android.sdk.stats.SoongRunEventOrBuilder                    : loaded 2 times (x 68B)
Class com.google.wireless.android.sdk.stats.StartupPerformanceFrameBecameVisibleEventOrBuilder: loaded 2 times (x 68B)
Class org.codehaus.groovy.ast.GroovyCodeVisitor                                       : loaded 2 times (x 68B)
Class kotlin.jvm.functions.Function13                                                 : loaded 2 times (x 68B)
Class kotlin.reflect.jvm.internal.ComputableClassValue                                : loaded 2 times (x 78B)
Class kotlin.Pair                                                                     : loaded 2 times (x 70B)
Class org.jetbrains.kotlin.gradle.plugin.mpp.compilationImpl.KotlinCompilationLanguageSettingsConfigurator: loaded 2 times (x 72B)
Class org.jetbrains.kotlin.statistics.metrics.StringMetrics                           : loaded 2 times (x 78B)
Class com.android.utils.StringHelper                                                  : loaded 2 times (x 69B)
Class kotlin.jvm.functions.Function14                                                 : loaded 2 times (x 68B)
Class org.codehaus.groovy.runtime.dgmimpl.arrays.ArrayMetaMethod                      : loaded 2 times (x 95B)
Class org.codehaus.groovy.runtime.typehandling.GroovyCastException                    : loaded 2 times (x 80B)
Class kotlin.jvm.functions.Function15                                                 : loaded 2 times (x 68B)
Class com.google.common.collect.AbstractMapBasedMultimap$WrappedCollection$WrappedIterator: loaded 2 times (x 82B)
Class org.jetbrains.kotlin.gradle.plugin.diagnostics.checkers.DuplicateSourceSetChecker$runChecks$1: loaded 2 times (x 86B)
Class org.jetbrains.kotlin.gradle.plugin.KotlinCompilerArgumentsProducer              : loaded 2 times (x 68B)
Class com.google.wireless.android.sdk.stats.AdbServerStatus                           : loaded 2 times (x 204B)
Class kotlin.jvm.functions.Function16                                                 : loaded 2 times (x 68B)
Class org.codehaus.groovy.util.AbstractConcurrentMap$Entry                            : loaded 2 times (x 68B)
Class com.android.utils.StdLogger$Level                                               : loaded 2 times (x 77B)
Class com.google.wireless.android.sdk.stats.GradleSyncIssueOrBuilder                  : loaded 2 times (x 68B)
Class kotlin.jvm.functions.Function17                                                 : loaded 2 times (x 68B)
Class com.android.resources.UiMode                                                    : loaded 2 times (x 85B)
Class kotlin.jvm.functions.Function18                                                 : loaded 2 times (x 68B)
Class org.jetbrains.kotlin.gradle.plugin.internal.ConfigurationCacheStartParameterAccessor: loaded 2 times (x 68B)
Class org.codehaus.groovy.control.ResolveVisitor$ConstructedClassWithPackage          : loaded 2 times (x 241B)
Class kotlin.jvm.functions.Function19                                                 : loaded 2 times (x 68B)
Class org.jetbrains.kotlin.gradle.utils.GradleConfigurationUtilsKt                    : loaded 2 times (x 69B)
Class com.google.wireless.android.sdk.stats.EmulatorPerformanceStats                  : loaded 2 times (x 211B)
Class com.google.protobuf.Descriptors$FieldDescriptor                                 : loaded 2 times (x 86B)
Class com.google.wireless.android.sdk.stats.CMakeEditingEventOrBuilder                : loaded 2 times (x 68B)
Class org.jetbrains.kotlin.gradle.plugin.KotlinTargetConfiguratorKt                   : loaded 2 times (x 69B)
Class kotlin.jdk7.AutoCloseableKt                                                     : loaded 2 times (x 69B)
Class kotlin.coroutines.intrinsics.IntrinsicsKt                                       : loaded 2 times (x 69B)
Class com.google.common.collect.Multimaps                                             : loaded 2 times (x 69B)
Class org.jetbrains.kotlin.gradle.plugin.mpp.InternalKotlinCompilation$DefaultImpls   : loaded 2 times (x 69B)
Class org.jetbrains.kotlin.gradle.plugin.sources.android.AndroidVariantType           : loaded 2 times (x 77B)
Class it.unimi.dsi.fastutil.objects.ObjectSet                                         : loaded 2 times (x 68B)
Class org.jetbrains.kotlin.gradle.plugin.sources.DefaultKotlinSourceSet_Decorated     : loaded 2 times (x 190B)
Class com.google.wireless.android.sdk.stats.JavaProcessStats$Builder                  : loaded 2 times (x 303B)
Class com.google.wireless.android.sdk.stats.AdbDelegateUsageEvent                     : loaded 2 times (x 196B)
Class org.codehaus.groovy.runtime.dgmimpl.arrays.IntegerArrayPutAtMetaMethod          : loaded 2 times (x 95B)
Class kotlin.reflect.jvm.internal.impl.builtins.PrimitiveType$Companion               : loaded 2 times (x 69B)
Class kotlin.jvm.internal.markers.KMutableListIterator                                : loaded 2 times (x 68B)
Class com.android.tools.lint.model.LintModelJavaLibrary                               : loaded 2 times (x 68B)
Class org.jetbrains.kotlin.gradle.dsl.KotlinCommonCompilerToolOptionsDefault          : loaded 2 times (x 82B)
Class org.jetbrains.kotlin.gradle.report.ConfigureReporingKt                          : loaded 2 times (x 69B)
Class [Lcom.android.tools.analytics.JournalingUsageTracker$State;                     : loaded 2 times (x 67B)
Class com.android.builder.model.MavenCoordinates                                      : loaded 2 times (x 68B)
Class org.jetbrains.kotlin.gradle.tasks.CacheableTasksKt$cacheOnlyIfEnabledForKotlin$1: loaded 2 times (x 73B)
Class org.jetbrains.kotlin.gradle.dsl.jvm.JvmTargetValidationMode                     : loaded 2 times (x 77B)
Class com.android.utils.XmlUtils                                                      : loaded 2 times (x 69B)
Class com.google.protobuf.UnsafeUtil$Android32MemoryAccessor                          : loaded 2 times (x 89B)
Class org.jetbrains.kotlin.gradle.tasks.internal.KotlinJvmOptionsCompat               : loaded 2 times (x 101B)
Class kotlin.collections.AbstractIterator                                             : loaded 2 times (x 81B)
Class it.unimi.dsi.fastutil.ints.IntArrays                                            : loaded 2 times (x 69B)
Class com.google.common.util.concurrent.ExecutionError                                : loaded 2 times (x 80B)
Class [Lcom.android.resources.KeyboardState;                                          : loaded 2 times (x 67B)
Class com.google.common.io.ByteSink$AsCharSink                                        : loaded 2 times (x 78B)
Class org.jetbrains.kotlin.gradle.tasks.KotlinCompilerExecutionStrategy$Companion     : loaded 2 times (x 69B)
Class org.jetbrains.kotlin.konan.target.KonanTarget$WATCHOS_ARM64                     : loaded 2 times (x 76B)
Class org.jetbrains.kotlin.gradle.plugin.KotlinPluginLifecycleImpl                    : loaded 2 times (x 78B)
Class org.jetbrains.kotlin.gradle.tasks.K2MultiplatformStructure_Decorated            : loaded 2 times (x 133B)
Class build_dkwrkn2ll98pknqqur7wniyud                                                 : loaded 2 times (x 178B)
Class com.android.utils.PositionXmlParser$DomBuilder                                  : loaded 2 times (x 146B)
Class kotlin.ranges.IntRange                                                          : loaded 2 times (x 91B)
Class com.android.sdklib.AndroidVersion$AndroidVersionException                       : loaded 2 times (x 80B)
Class org.codehaus.groovy.runtime.typehandling.ShortTypeHandling                      : loaded 2 times (x 69B)
Class org.jetbrains.kotlin.gradle.dsl.PlatformSourceSetConventionsChecker$runChecks$1 : loaded 2 times (x 86B)
Class [Lorg.jetbrains.kotlin.gradle.plugin.KotlinPluginLifecycle$Stage;               : loaded 2 times (x 67B)
Class com.google.wireless.android.sdk.stats.JvmDetails$Builder                        : loaded 2 times (x 311B)
Class com.google.common.collect.ImmutableSortedMapFauxverideShim                      : loaded 2 times (x 118B)
Class org.jetbrains.kotlin.gradle.dsl.PlatformSourceSetConventionsChecker$runChecks$2 : loaded 2 times (x 76B)
Class com.android.tools.analytics.StubbableLazy                                       : loaded 2 times (x 74B)
Class kotlin.jvm.internal.markers.KMutableSet                                         : loaded 2 times (x 68B)
Class org.jetbrains.kotlin.gradle.internal.CompilerOptionsDslHelpersKt                : loaded 2 times (x 69B)
Class org.jetbrains.kotlin.konan.target.HostManager$targetValues$2                    : loaded 2 times (x 76B)
Class org.jetbrains.kotlin.gradle.dsl.PlatformSourceSetConventionsChecker$runChecks$3 : loaded 2 times (x 76B)
Class [Lorg.jetbrains.kotlin.gradle.plugin.diagnostics.ToolingDiagnostic$Severity;    : loaded 2 times (x 67B)
Class org.jetbrains.kotlin.gradle.plugin.StatisticsBuildFlowManager$Companion         : loaded 2 times (x 69B)
Class org.jetbrains.kotlin.gradle.plugin.statistics.BuildFusService$Companion         : loaded 2 times (x 69B)
Class org.jetbrains.kotlin.gradle.plugin.internal.CustomPropertiesFileValueSource$Inject: loaded 2 times (x 111B)
Class org.jetbrains.kotlin.gradle.plugin.PluginWrappersKt                             : loaded 2 times (x 69B)
Class org.codehaus.groovy.control.ResolveVisitor$ConstructedNestedClass               : loaded 2 times (x 241B)
Class com.google.common.collect.AbstractIterator$1                                    : loaded 2 times (x 69B)
Class org.jetbrains.kotlin.gradle.dsl.PlatformSourceSetConventionsChecker$runChecks$4 : loaded 2 times (x 76B)
Class org.jetbrains.kotlin.gradle.dsl.KotlinCommonCompilerToolOptionsHelper           : loaded 2 times (x 69B)
Class com.android.ide.common.rendering.api.PluralsResourceValueImpl                   : loaded 2 times (x 115B)
Class kotlin.DeprecationLevel                                                         : loaded 2 times (x 77B)
Class org.jetbrains.kotlin.gradle.plugin.mpp.KotlinCompilationsKt$sam$java_util_concurrent_Callable$0: loaded 2 times (x 73B)
Class jdk.internal.jimage.ImageReader$Directory                                       : loaded 2 times (x 82B)
Class org.gradle.internal.installation.GradleInstallation                             : loaded 2 times (x 73B)
Class org.jetbrains.kotlin.gradle.tasks.configuration.AbstractKotlinCompileConfig     : loaded 2 times (x 70B)
Class org.jetbrains.kotlin.gradle.dsl.PlatformSourceSetConventionsChecker$runChecks$6 : loaded 2 times (x 86B)
Class org.jetbrains.kotlin.gradle.plugin.mpp.compilationImpl.KotlinCreateNativeCompileTasksSideEffectKt$special$$inlined$KotlinCompilationSideEffect$1: loaded 2 times (x 72B)
Class com.google.common.cache.LocalCache                                              : loaded 2 times (x 185B)
Class org.apache.groovy.util.BeanUtils                                                : loaded 2 times (x 69B)
Class org.jetbrains.kotlin.gradle.internal.properties.PropertiesBuildService$MemoizedCallable$value$2: loaded 2 times (x 77B)
Class kotlin.jvm.internal.PropertyReference                                           : loaded 2 times (x 113B)
Class com.android.ide.common.resources.configuration.TextInputMethodQualifier         : loaded 2 times (x 88B)
Class org.jetbrains.kotlin.gradle.plugin.diagnostics.CheckKotlinGradlePluginConfigurationErrorsKt$addDependsOnFromTasksThatShouldFailWhenErrorsReported$1: loaded 2 times (x 73B)
Class org.jetbrains.kotlin.gradle.targets.CreateTargetConfigurationsSideEffectKt$CreateTargetConfigurationsSideEffect$1: loaded 2 times (x 72B)
Class kotlin.ranges.IntRange$Companion                                                : loaded 2 times (x 69B)
Class org.jetbrains.kotlin.gradle.plugin.KotlinPluginLifecycleImpl$launch$coroutine$1 : loaded 2 times (x 74B)
Class com.google.common.hash.HashCode$BytesHashCode                                   : loaded 2 times (x 79B)
Class org.codehaus.groovy.runtime.GStringImpl                                         : loaded 2 times (x 161B)
Class groovy.lang.GroovyObjectSupport                                                 : loaded 2 times (x 82B)
Class org.jetbrains.kotlin.gradle.targets.CreateDefaultTestRunSideEffectKt$special$$inlined$KotlinTargetSideEffect$1: loaded 2 times (x 72B)
Class org.codehaus.groovy.reflection.ReflectionUtils                                  : loaded 2 times (x 69B)
Class kotlin.jvm.functions.Function20                                                 : loaded 2 times (x 68B)
Class com.google.protobuf.Internal$EnumLiteMap                                        : loaded 2 times (x 68B)
Class com.google.common.collect.Tables$AbstractCell                                   : loaded 2 times (x 79B)
Class com.android.resources.ResourceEnum                                              : loaded 2 times (x 68B)
Class com.google.protobuf.ByteOutput                                                  : loaded 2 times (x 74B)
Class com.google.wireless.android.sdk.stats.UpgradeAssistantProcessorEventOrBuilder   : loaded 2 times (x 68B)
Class com.google.wireless.android.sdk.stats.InstantRunOrBuilder                       : loaded 2 times (x 68B)
Class kotlin.jvm.functions.Function21                                                 : loaded 2 times (x 68B)
Class org.jetbrains.kotlin.gradle.plugin.diagnostics.KotlinToolingDiagnostics         : loaded 2 times (x 69B)
Class kotlin.jvm.functions.Function22                                                 : loaded 2 times (x 68B)
Class org.jetbrains.kotlin.gradle.internal.StdlibDependencyManagementKt$addStdlibDependency$1: loaded 2 times (x 73B)
Class org.jetbrains.kotlin.gradle.dsl.KotlinCommonOptions                             : loaded 2 times (x 68B)
Class org.jetbrains.kotlin.gradle.plugin.HasKotlinDependencies                        : loaded 2 times (x 68B)
Class org.jetbrains.kotlin.statistics.fileloggers.MetricsContainer                    : loaded 2 times (x 75B)
Class com.google.common.util.concurrent.AbstractFuture$UnsafeAtomicHelper$1           : loaded 2 times (x 74B)
Class [Lcom.android.resources.ResourceEnum;                                           : loaded 2 times (x 67B)
Class com.google.protobuf.ByteString$BoundedByteString                                : loaded 2 times (x 104B)
Class kotlin.jvm.internal.FloatCompanionObject                                        : loaded 2 times (x 69B)
Class kotlin.sequences.DropSequence$iterator$1                                        : loaded 2 times (x 77B)
Class com.google.protobuf.SingleFieldBuilderV3                                        : loaded 2 times (x 82B)
Class [Lorg.apache.commons.io.file.DeleteOption;                                      : loaded 2 times (x 67B)
Class org.apache.commons.io.file.PathUtils                                            : loaded 2 times (x 69B)
Class org.jetbrains.kotlin.cli.common.arguments.Freezable                             : loaded 2 times (x 70B)
Class org.jetbrains.kotlin.gradle.plugin.mpp.KotlinTargetSoftwareComponentImplKt$KotlinTargetSoftwareComponent$1$1$configuration$1: loaded 2 times (x 77B)
Class com.android.tools.analytics.UsageTracker$listener$1                             : loaded 2 times (x 76B)
Class [Lkotlin.Function;                                                              : loaded 2 times (x 67B)
Class com.android.ide.common.rendering.api.StyleableResourceValueImpl                 : loaded 2 times (x 109B)
Class groovyjarjarasm.asm.CurrentFrame                                                : loaded 2 times (x 71B)
Class org.jetbrains.kotlin.gradle.plugin.mpp.SyncLanguageSettingsWithKotlinExtensionSetupActionKt$SyncLanguageSettingsWithKotlinExtensionSetupAction$1: loaded 2 times (x 93B)
Class org.jetbrains.kotlin.gradle.tasks.K2MultiplatformStructure$RefinesEdge          : loaded 2 times (x 70B)
Class com.google.wireless.android.sdk.stats.IntellijIndexingStatsOrBuilder            : loaded 2 times (x 68B)
Class org.jetbrains.kotlin.gradle.internal.properties.PropertiesBuildService          : loaded 2 times (x 74B)
Class com.google.wireless.android.sdk.stats.RenderSecurityManagerEventOrBuilder       : loaded 2 times (x 68B)
Class org.jetbrains.kotlin.gradle.plugin.mpp.compilationImpl.KotlinCreateNativeCompileTasksSideEffectKt: loaded 2 times (x 69B)
Class com.google.wireless.android.sdk.stats.ComposeAnimationToolingEvent              : loaded 2 times (x 194B)
Class org.jetbrains.kotlin.gradle.tasks.KotlinJavaToolchain$JavaToolchainSetter       : loaded 2 times (x 68B)
Class org.jetbrains.kotlin.gradle.plugin.VariantImplementationFactoriesConfigurator$Companion: loaded 2 times (x 69B)
Class com.google.common.collect.HashBasedTable$Factory                                : loaded 2 times (x 77B)
Class com.google.wireless.android.sdk.stats.IntellijIndexingStats                     : loaded 2 times (x 202B)
Class groovy.lang.MetaClassRegistryChangeEventListener                                : loaded 2 times (x 68B)
Class org.codehaus.groovy.util.ManagedConcurrentLinkedQueue                           : loaded 2 times (x 82B)
Class org.jetbrains.kotlin.konan.target.KonanTarget$ANDROID_X86                       : loaded 2 times (x 76B)
Class org.jetbrains.kotlin.gradle.tooling.BuildKotlinToolingMetadataTask              : loaded 2 times (x 315B)
Class com.google.common.collect.AbstractMultimap$Entries                              : loaded 2 times (x 118B)
Class org.jetbrains.kotlin.gradle.plugin.KotlinCompilerPluginSupportPlugin            : loaded 2 times (x 68B)
Class org.jetbrains.kotlin.gradle.internal.properties.NativeProperties                : loaded 2 times (x 68B)
Class com.google.wireless.android.sdk.stats.EmulatorUiEventOrBuilder                  : loaded 2 times (x 68B)
Class kotlin.comparisons.ComparisonsKt__ComparisonsKt                                 : loaded 2 times (x 69B)
Class org.jetbrains.kotlin.gradle.plugin.mpp.compilationImpl.KotlinCreateResourcesTaskSideEffectKt$KotlinCreateResourcesTaskSideEffect$1: loaded 2 times (x 72B)
Class com.google.protobuf.ExtensionLite                                               : loaded 2 times (x 75B)
Class org.codehaus.groovy.runtime.powerassert.PowerAssertionError                     : loaded 2 times (x 80B)
Class org.jetbrains.kotlin.gradle.internal.properties.NativePropertiesLoader$userProvidedNativeHome$1: loaded 2 times (x 73B)
Class org.jetbrains.kotlin.gradle.plugin.mpp.compilationImpl.factory.KotlinCompilationImplFactory$KotlinCompilerOptionsFactory$Options: loaded 2 times (x 70B)
Class org.jetbrains.kotlin.gradle.utils.SingleActionPerProject                        : loaded 2 times (x 71B)
Class kotlin.reflect.jvm.internal.KDeclarationContainerImpl$Companion                 : loaded 2 times (x 69B)
Class org.jetbrains.kotlin.gradle.plugin.mpp.AbstractKotlinTarget$components$2        : loaded 2 times (x 77B)
Class org.jetbrains.kotlin.gradle.plugin.diagnostics.checkers.CInteropInputChecker    : loaded 2 times (x 72B)
Class com.google.wireless.android.sdk.stats.SafeModeStatsEvent                        : loaded 2 times (x 216B)
Class org.codehaus.groovy.ast.tools.GeneralUtils$1                                    : loaded 2 times (x 126B)
Class kotlin.collections.EmptyMap                                                     : loaded 2 times (x 107B)
Class com.google.wireless.android.sdk.stats.SoongSyncStatsOrBuilder                   : loaded 2 times (x 68B)
Class com.google.common.reflect.Invokable$ConstructorInvokable                        : loaded 2 times (x 103B)
Class com.google.common.reflect.TypeCapture                                           : loaded 2 times (x 69B)
Class kotlin.collections.builders.MapBuilder$Companion                                : loaded 2 times (x 69B)
Class com.google.common.collect.NullsLastOrdering                                     : loaded 2 times (x 113B)
Class org.jetbrains.kotlin.gradle.plugin.mpp.compilationImpl.factory.KotlinCompilationImplFactory: loaded 2 times (x 70B)
Class org.jetbrains.kotlin.gradle.plugin.mpp.KotlinTargetWithBinaries                 : loaded 2 times (x 161B)
Class com.google.common.collect.CollectCollectors$EnumSetAccumulator                  : loaded 2 times (x 70B)
Class org.jetbrains.kotlin.gradle.dsl.KotlinSingleTargetExtension                     : loaded 2 times (x 122B)
Class org.codehaus.groovy.runtime.DefaultGroovyMethods                                : loaded 2 times (x 69B)
Class com.google.common.collect.AbstractMapBasedMultimap$KeySet$1                     : loaded 2 times (x 80B)
Class org.jetbrains.kotlin.gradle.plugin.statistics.KotlinBuildStatsMXBean            : loaded 2 times (x 68B)
Class com.google.common.hash.HashCode                                                 : loaded 2 times (x 78B)
Class [Lcom.google.common.base.Supplier;                                              : loaded 2 times (x 67B)
Class groovy.lang.Closure                                                             : loaded 2 times (x 130B)
Class com.android.prefs.AbstractAndroidLocations                                      : loaded 2 times (x 80B)
Class org.jetbrains.kotlin.gradle.ExperimentalKotlinGradlePluginApi                   : loaded 2 times (x 68B)
Class kotlin.text.RegexKt                                                             : loaded 2 times (x 69B)
Class com.google.wireless.android.sdk.stats.FileUsageOrBuilder                        : loaded 2 times (x 68B)
Class kotlin.reflect.jvm.internal.impl.builtins.functions.FunctionTypeKind$SuspendFunction: loaded 2 times (x 70B)
Class [Lcom.android.resources.ResourceFolderType;                                     : loaded 2 times (x 67B)


---------------  S Y S T E M  ---------------

OS:
 Windows 11 , 64 bit Build 26100 (10.0.26100.7705)
OS uptime: 0 days 3:48 hours
Hyper-V role detected

CPU: total 8 (initial active 8) (4 cores per cpu, 2 threads per core) family 6 model 142 stepping 12 microcode 0xde, cx8, cmov, fxsr, ht, mmx, 3dnowpref, sse, sse2, sse3, ssse3, sse4.1, sse4.2, popcnt, lzcnt, tsc, tscinvbit, avx, avx2, aes, erms, clmul, bmi1, bmi2, adx, fma, vzeroupper, clflush, clflushopt, hv
Processor Information for all 8 processors :
  Max Mhz: 1800, Current Mhz: 1600, Mhz Limit: 1584

Memory: 4k page, system-wide physical 16262M (1823M free)
TotalPageFile size 33600M (AvailPageFile size 501M)
current process WorkingSet (physical memory assigned to process): 2294M, peak: 3434M
current process commit charge ("private bytes"): 6977M, peak: 7528M

vm_info: OpenJDK 64-Bit Server VM (17.0.11+0--11852314) for windows-amd64 JRE (17.0.11+0--11852314), built on May 16 2024 21:29:20 by "androidbuild" with MS VC++ 16.10 / 16.11 (VS2019)

END.
